"Filter","freq","psd_lin","psd_dB"
"NGF",0,0.00127466974096441,-3.00650792834724
"NGF",0.000244140625,0.00254711450587099,0
"NGF",0.00048828125,0.00253930737678688,-0.0133319485547799
"NGF",0.000732421875,0.0025264513526516,-0.0353752894478879
"NGF",0.0009765625,0.00250879488557925,-0.0658331351461498
"NGF",0.001220703125,0.00248626838825295,-0.105004610150931
"NGF",0.00146484375,0.00245853215238834,-0.153725768541865
"NGF",0.001708984375,0.00242508955933559,-0.213206872995852
"NGF",0.001953125,0.00238543098568964,-0.284816129216295
"NGF",0.002197265625,0.00233916609227488,-0.369874092245593
"NGF",0.00244140625,0.00228610799773878,-0.469517261740275
"NGF",0.002685546875,0.00222629030143942,-0.584666748065316
"NGF",0.0029296875,0.00215992132225391,-0.716105374312366
"NGF",0.003173828125,0.00208730153038102,-0.864632776395895
"NGF",0.00341796875,0.00200874273169425,-1.03124150817633
"NGF",0.003662109375,0.00192452676429093,-1.2172451398583
"NGF",0.00390625,0.00183492728938015,-1.42429609543229
"NGF",0.004150390625,0.00174029513597248,-1.65425562808421
"NGF",0.00439453125,0.00164118307238024,-1.90891440284992
"NGF",0.004638671875,0.00153846796959649,-2.18960010361079
"NGF",0.0048828125,0.00143342326899405,-2.496740190046
"NGF",0.005126953125,0.00132770466755461,-2.82946987145198
"NGF",0.00537109375,0.00122323445867547,-3.18538762459382
"NGF",0.005615234375,0.00112199851325008,-3.56056187727707
"NGF",0.005859375,0.00102579598761647,-3.94987473171013
"NGF",0.006103515625,0.000935997684238864,-4.34773694921446
"NGF",0.00634765625,0.000853369782571573,-4.74911208539339
"NGF",0.006591796875,0.000778005061070447,-5.1506604700177
"NGF",0.0068359375,0.000709377874361642,-5.55170830553542
"NGF",0.007080078125,0.000646509297000413,-5.95473694620487
"NGF",0.00732421875,0.00058820317276284,-6.36521106410546
"NGF",0.007568359375,0.000533298999293231,-6.79077700415102
"NGF",0.0078125,0.000480886981780005,-7.24005448837641
"NGF",0.008056640625,0.000430443467205391,-7.72132348205759
"NGF",0.00830078125,0.000381866983855201,-8.24136358188174
"NGF",0.008544921875,0.00033541981768556,-8.80459750620594
"NGF",0.0087890625,0.000291600893113037,-9.41259619366735
"NGF",0.009033203125,0.000250987835633141,-10.0639579567729
"NGF",0.00927734375,0.000214087489903717,-10.7545717891536
"NGF",0.009521484375,0.000181225941974245,-11.4782810336729
"NGF",0.009765625,0.000152494730205171,-12.2279363323897
"NGF",0.010009765625,0.000127754016207517,-12.9967390721629
"NGF",0.01025390625,0.000106680302415342,-13.7796423101908
"NGF",0.010498046875,8.88386675710248e-05,-14.5744643292219
"NGF",0.0107421875,7.37583083905991e-05,-15.3823752133253
"NGF",0.010986328125,6.09944204258124e-05,-16.2075836020882
"NGF",0.01123046875,5.01668751237358e-05,-17.0563141934246
"NGF",0.011474609375,4.09741257895102e-05,-17.9353877279164
"NGF",0.01171875,3.31871037047708e-05,-18.8507911672751
"NGF",0.011962890625,2.66312987496617e-05,-19.8065612262986
"NGF",0.01220703125,2.11655963343224e-05,-20.8041796006955
"NGF",0.012451171875,1.6664483397545e-05,-21.8425661418274
"NGF",0.0126953125,1.30071209249991e-05,-22.9186729134318
"NGF",0.012939453125,1.00736954624608e-05,-24.0285965158992
"NGF",0.01318359375,7.74725545526474e-06,-25.1690059269294
"NGF",0.013427734375,5.91826325277479e-06,-26.3385418987751
"NGF",0.013671875,4.48924269104106e-06,-27.5387538492291
"NGF",0.013916015625,3.37777122053769e-06,-28.7741823809074
"NGF",0.01416015625,2.51716301837083e-06,-30.0513712660939
"NGF",0.014404296875,1.85511204279355e-06,-31.3767832443721
"NGF",0.0146484375,1.35109236389253e-06,-32.7536342972636
"NGF",0.014892578125,9.73421159136342e-07,-34.1774768695263
"NGF",0.01513671875,6.96689291055345e-07,-35.6300933420647
"NGF",0.015380859375,4.99923901035559e-07,-37.0714456858381
"NGF",0.015625,3.65519712789917e-07,-38.4313766537124
"NGF",0.015869140625,2.78755096592073e-07,-39.6082565265829
"NGF",0.01611328125,2.27622624504869e-07,-40.4883304268769
"NGF",0.016357421875,2.02728150738944e-07,-40.9913441035365
"NGF",0.0166015625,1.97099396657326e-07,-41.1136317430973
"NGF",0.016845703125,2.0584646328537e-07,-40.9250505952489
"NGF",0.01708984375,2.25698787477077e-07,-40.5251924324737
"NGF",0.017333984375,2.54490176371774e-07,-40.0037744646389
"NGF",0.017578125,2.90675019189279e-07,-39.4264075936041
"NGF",0.017822265625,3.32942853307915e-07,-38.8367877206723
"NGF",0.01806640625,3.79966965537658e-07,-38.2630262862638
"NGF",0.018310546875,4.30287473608243e-07,-37.7228976594453
"NGF",0.0185546875,4.82300262934911e-07,-37.2273097048298
"NGF",0.018798828125,5.34307021292863e-07,-36.7825758791343
"NGF",0.01904296875,5.84581130332658e-07,-36.3920367649249
"NGF",0.019287109375,6.31417522064061e-07,-36.0573183961661
"NGF",0.01953125,6.73155948656465e-07,-35.7793278117762
"NGF",0.019775390625,7.08188326725823e-07,-35.5589970528978
"NGF",0.02001953125,7.34974178994388e-07,-35.3977638738677
"NGF",0.020263671875,7.52089069858327e-07,-35.297791920646
"NGF",0.0205078125,7.58319411035264e-07,-35.2619629621302
"NGF",0.020751953125,7.52797815077667e-07,-35.2937011924501
"NGF",0.02099609375,7.35153788407631e-07,-35.3967026958045
"NGF",0.021240234375,7.05642399738529e-07,-35.5746380092912
"NGF",0.021484375,6.65213265827437e-07,-35.8308756773987
"NGF",0.021728515625,6.15494056461818e-07,-36.1682460565967
"NGF",0.02197265625,5.58682807170829e-07,-36.5888316252246
"NGF",0.022216796875,4.97365119098835e-07,-37.0937314483719
"NGF",0.0224609375,4.34289112253853e-07,-37.6826952755066
"NGF",0.022705078125,3.72138144026554e-07,-38.3534428183659
"NGF",0.02294921875,3.13337575432389e-07,-39.1003599058301
"NGF",0.023193359375,2.59919483232253e-07,-39.9120963428814
"NGF",0.0234375,2.13452760046481e-07,-40.7674669435655
"NGF",0.023681640625,1.75030736360672e-07,-41.6293414928392
"NGF",0.02392578125,1.45298442218988e-07,-42.437875110256
"NGF",0.024169921875,1.244988268864e-07,-43.1088320993897
"NGF",0.0244140625,1.12521089316822e-07,-43.5481454124961
"NGF",0.024658203125,1.08942196678593e-07,-43.6885234115628
"NGF",0.02490234375,1.13061269288438e-07,-43.5273461238671
"NGF",0.025146484375,1.23932726659339e-07,-43.1286246440031
"NGF",0.025390625,1.40406154016804e-07,-42.5866232578388
"NGF",0.025634765625,1.61178685721609e-07,-41.9874085902903
"NGF",0.02587890625,1.84860715514915e-07,-41.3920383950092
"NGF",0.026123046875,2.10050140821854e-07,-40.8372549213471
"NGF",0.0263671875,2.35406280501395e-07,-40.3423042378475
"NGF",0.026611328125,2.5971343690692e-07,-39.9155404967574
"NGF",0.02685546875,2.81926017112998e-07,-39.5591331324296
"NGF",0.027099609375,3.01191328152864e-07,-39.2720600558939
"NGF",0.02734375,3.16851130801475e-07,-39.0519320776269
"NGF",0.027587890625,3.28427249938592e-07,-38.8960928537714
"NGF",0.02783203125,3.355989355847e-07,-38.8022789445659
"NGF",0.028076171875,3.38179899921461e-07,-38.7690067788976
"NGF",0.0283203125,3.36101339631032e-07,-38.7957822568691
"NGF",0.028564453125,3.29404508554459e-07,-38.8831893011227
"NGF",0.02880859375,3.18243328563483e-07,-39.0328916100139
"NGF",0.029052734375,3.02894750027377e-07,-39.247567232504
"NGF",0.029296875,2.83772487133324e-07,-39.5307818257638
"NGF",0.029541015625,2.61438556877894e-07,-39.886788315841
"NGF",0.02978515625,2.36606850879035e-07,-40.3202115383068
"NGF",0.030029296875,2.10133830159124e-07,-40.8355249258993
"NGF",0.0302734375,1.82993332744344e-07,-41.436132024168
"NGF",0.030517578125,1.56235213171658e-07,-42.1226954486027
"NGF",0.03076171875,1.30930621769146e-07,-42.8900723888912
"NGF",0.031005859375,1.08109487694912e-07,-43.7218465983384
"NGF",0.03125,8.86974578299808e-08,-44.5813729653229
"NGF",0.031494140625,7.34596499068209e-08,-45.3999961491019
"NGF",0.03173828125,6.29570442018854e-08,-46.0700413922269
"NGF",0.031982421875,5.75186412902615e-08,-46.4623985061004
"NGF",0.0322265625,5.72295322637943e-08,-46.4842827272873
"NGF",0.032470703125,6.19327255357586e-08,-46.1412827630429
"NGF",0.03271484375,7.12416247002096e-08,-45.5331465396569
"NGF",0.032958984375,8.45605678364128e-08,-44.7888057850934
"NGF",0.033203125,1.01112325801994e-07,-44.0124436895342
"NGF",0.033447265625,1.19973020456144e-07,-43.2696487632423
"NGF",0.03369140625,1.40115645487381e-07,-42.5956183731276
"NGF",0.033935546875,1.60462703294465e-07,-42.0067436473738
"NGF",0.0341796875,1.7994647200555e-07,-41.5090513278674
"NGF",0.034423828125,1.97572749853117e-07,-41.1032142468888
"NGF",0.03466796875,2.12481601562436e-07,-40.7872713800973
"NGF",0.034912109375,2.23997622478304e-07,-40.558050604328
"NGF",0.03515625,2.31663094593369e-07,-40.411916157457
"NGF",0.035400390625,2.3525006142693e-07,-40.3451872366921
"NGF",0.03564453125,2.34751119424111e-07,-40.3544079726749
"NGF",0.035888671875,2.30352569291639e-07,-40.4365540854709
"NGF",0.0361328125,2.2239643396491e-07,-40.5892064993564
"NGF",0.036376953125,2.11338994622184e-07,-40.8106883209371
"NGF",0.03662109375,1.97712716171483e-07,-41.1001386669607
"NGF",0.036865234375,1.8209607905053e-07,-41.4574787463701
"NGF",0.037109375,1.65092668095944e-07,-41.8832068286026
"NGF",0.037353515625,1.47317819144134e-07,-42.3779318812419
"NGF",0.03759765625,1.29389013517538e-07,-42.9415106742072
"NGF",0.037841796875,1.11915547464632e-07,-43.5715804565129
"NGF",0.0380859375,9.5483871524381e-08,-44.2611844941215
"NGF",0.038330078125,8.06370603914218e-08,-44.9951378190066
"NGF",0.03857421875,6.78494948421192e-08,-45.7450185060095
"NGF",0.038818359375,5.75002372994498e-08,-46.4637883217238
"NGF",0.0390625,4.98500521231495e-08,-47.0838285242295
"NGF",0.039306640625,4.50271011247069e-08,-47.525744814788
"NGF",0.03955078125,4.30249492446268e-08,-47.723281024942
"NGF",0.039794921875,4.37139689305176e-08,-47.6542822990908
"NGF",0.0400390625,4.68641963671409e-08,-47.3520729507632
"NGF",0.040283203125,5.21750005161578e-08,-46.8858600713472
"NGF",0.04052734375,5.93053534177121e-08,-46.3295457083245
"NGF",0.040771484375,6.78985330816941e-08,-45.7418807753033
"NGF",0.041015625,7.75968056916158e-08,-45.162046254756
"NGF",0.041259765625,8.8044602386276e-08,-44.6134573266666
"NGF",0.04150390625,9.8882132862592e-08,-44.1093064370072
"NGF",0.041748046875,1.09734310366711e-07,-43.6570603053471
"NGF",0.0419921875,1.20201460310469e-07,-43.2613872528786
"NGF",0.042236328125,1.29858065917551e-07,-42.9257953888684
"NGF",0.04248046875,1.38263789189483e-07,-42.6534001439788
"NGF",0.042724609375,1.44987714930125e-07,-42.4471726392733
"NGF",0.04296875,1.49643074761398e-07,-42.3099184597103
"NGF",0.043212890625,1.5192660008318e-07,-42.244146501579
"NGF",0.04345703125,1.51654946123655e-07,-42.2519189006969
"NGF",0.043701171875,1.48790757943919e-07,-42.3347251308382
"NGF",0.0439453125,1.43452858712761e-07,-42.4933926192777
"NGF",0.044189453125,1.35908220429315e-07,-42.7280274327408
"NGF",0.04443359375,1.2654701726672e-07,-43.0379655594356
"NGF",0.044677734375,1.15845278554777e-07,-43.421701309942
"NGF",0.044921875,1.04321726747236e-07,-43.8767370222066
"NGF",0.045166015625,9.24959096590095e-08,-44.3992594131388
"NGF",0.04541015625,8.0853720338421e-08,-44.9834846118748
"NGF",0.045654296875,6.98242079780944e-08,-45.6204245100672
"NGF",0.0458984375,5.97688195628948e-08,-46.2957379058745
"NGF",0.046142578125,5.09815389661814e-08,-46.9863552790525
"NGF",0.04638671875,4.36963734400271e-08,-47.6560307476891
"NGF",0.046630859375,3.80976289561023e-08,-48.2515052140174
"NGF",0.046875,3.43285095181102e-08,-48.7039352161563
"NGF",0.047119140625,3.24946297512802e-08,-48.9423687625425
"NGF",0.04736328125,3.26607368210606e-08,-48.9202249104257
"NGF",0.047607421875,3.48409095163059e-08,-48.6395898549781
"NGF",0.0478515625,3.89843509097365e-08,-48.1515816156398
"NGF",0.048095703125,4.49602843594195e-08,-47.5321941982521
"NGF",0.04833984375,5.25461592018554e-08,-46.8550749187571
"NGF",0.048583984375,6.14232408584528e-08,-46.1771574189043
"NGF",0.048828125,7.11826926993572e-08,-45.5367405669559
"NGF",0.049072265625,8.13435809162149e-08,-44.9572518211896
"NGF",0.04931640625,9.13821114839759e-08,-44.4518728048235
"NGF",0.049560546875,1.00769217453343e-07,-44.0272058320839
"NGF",0.0498046875,1.0901179447788e-07,-43.6857498040643
"NGF",0.050048828125,1.15691848333309e-07,-43.4274570959958
"NGF",0.05029296875,1.20497860027667e-07,-43.2506913500816
"NGF",0.050537109375,1.23243864349442e-07,-43.1528316187255
"NGF",0.05078125,1.2387388332468e-07,-43.1306871665501
"NGF",0.051025390625,1.22452018278927e-07,-43.1808252151941
"NGF",0.05126953125,1.19141091095757e-07,-43.299868961127
"NGF",0.051513671875,1.14174637994889e-07,-43.4847882587289
"NGF",0.0517578125,1.07827852198242e-07,-43.7331751449923
"NGF",0.052001953125,1.00392578966746e-07,-44.04346858281
"NGF",0.05224609375,9.21598516948911e-08,-44.4150670196254
"NGF",0.052490234375,8.34111725253635e-08,-44.8482424297766
"NGF",0.052734375,7.44173980572901e-08,-45.3437398796462
"NGF",0.052978515625,6.54422917953109e-08,-45.9018996920477
"NGF",0.05322265625,5.67469739536633e-08,-46.52105761546
"NGF",0.053466796875,4.85917718184234e-08,-47.1948573398839
"NGF",0.0537109375,4.12331751737749e-08,-47.9080169009476
"NGF",0.053955078125,3.4915315211343e-08,-48.6303250201457
"NGF",0.05419921875,2.98570909215882e-08,-49.3100097851396
"NGF",0.054443359375,2.62372968650511e-08,-49.8712937996896
"NGF",0.0546875,2.41805776093154e-08,-50.2258179838652
"NGF",0.054931640625,2.37467137943229e-08,-50.3044495119669
"NGF",0.05517578125,2.49248331368819e-08,-50.0941620962619
"NGF",0.055419921875,2.76329846776275e-08,-49.6462067295938
"NGF",0.0556640625,3.17224883551169e-08,-49.0468122253722
"NGF",0.055908203125,3.69858520120677e-08,-48.3801284153753
"NGF",0.05615234375,4.31669398966424e-08,-47.7089720654678
"NGF",0.056396484375,4.99724002145728e-08,-47.073182597118
"NGF",0.056640625,5.70838952476337e-08,-46.4953486865673
"NGF",0.056884765625,6.41711568142127e-08,-45.9870860077502
"NGF",0.05712890625,7.09060907753389e-08,-45.5536492684157
"NGF",0.057373046875,7.69779772712712e-08,-45.1968197409445
"NGF",0.0576171875,8.21093100556968e-08,-44.9165606629302
"NGF",0.057861328125,8.6071169562794e-08,-44.7119076482945
"NGF",0.05810546875,8.86964773934703e-08,-44.5814209712669
"NGF",0.058349609375,8.98892662930691e-08,-44.5234063358666
"NGF",0.05859375,8.96283600461892e-08,-44.5360301907388
"NGF",0.058837890625,8.79645948693307e-08,-44.6174056232392
"NGF",0.05908203125,8.50117865448616e-08,-44.7656932608343
"NGF",0.059326171875,8.09328049173445e-08,-44.9792387701508
"NGF",0.0595703125,7.59230645588501e-08,-45.2567473953155
"NGF",0.059814453125,7.01942171345853e-08,-45.5974713438906
"NGF",0.06005859375,6.39606836490613e-08,-46.0013537207708
"NGF",0.060302734375,5.74308933128393e-08,-46.4690289757106
"NGF",0.060546875,5.08038630010159e-08,-47.0015173294295
"NGF",0.060791015625,4.42703498898735e-08,-47.5993551473796
"NGF",0.06103515625,3.80165934754692e-08,-48.260752703974
"NGF",0.061279296875,3.22279564266777e-08,-48.978157013775
"NGF",0.0615234375,2.70897838018782e-08,-49.7324293013861
"NGF",0.061767578125,2.27835540187472e-08,-50.4842699831318
"NGF",0.06201171875,1.94777216887247e-08,-51.1651031312915
"NGF",0.062255859375,1.73142193001925e-08,-51.6764555522146
"NGF",0.0625,1.63929806986141e-08,-51.913905416344
"NGF",0.062744140625,1.67576947688052e-08,-51.8183419342116
"NGF",0.06298828125,1.83860502367762e-08,-51.4156002674999
"NGF",0.063232421875,2.11869572942033e-08,-50.7997987797078
"NGF",0.0634765625,2.50058150559635e-08,-50.0800745437456
"NGF",0.063720703125,2.96371939368001e-08,-49.3421138711682
"NGF",0.06396484375,3.48427512602369e-08,-48.6393602863195
"NGF",0.064208984375,4.03711851131893e-08,-47.9997697067323
"NGF",0.064453125,4.59767958300038e-08,-47.4350976760804
"NGF",0.064697265625,5.14337982666382e-08,-46.9479987202364
"NGF",0.06494140625,5.65447335678739e-08,-46.5365630710288
"NGF",0.065185546875,6.11428354890983e-08,-46.1970289397522
"NGF",0.0654296875,6.50896235522641e-08,-45.9253670937426
"NGF",0.065673828125,6.82699786183578e-08,-45.7181870233466
"NGF",0.06591796875,7.05872915189707e-08,-45.5732195111953
"NGF",0.066162109375,7.19609236407515e-08,-45.4895174015508
"NGF",0.06640625,7.23273140861097e-08,-45.4674613153229
"NGF",0.066650390625,7.16448724081648e-08,-45.5086335558704
"NGF",0.06689453125,6.9901623405791e-08,-45.6156120718558
"NGF",0.067138671875,6.71237081732776e-08,-45.7917252857817
"NGF",0.0673828125,6.33824855313066e-08,-46.0407920321042
"NGF",0.067626953125,5.87981772215711e-08,-46.3668460627076
"NGF",0.06787109375,5.35386765509748e-08,-46.773808377251
"NGF",0.068115234375,4.78131016101247e-08,-47.265015521101
"NGF",0.068359375,4.18606742898726e-08,-47.8424224951347
"NGF",0.068603515625,3.5936309889954e-08,-48.5051498951498
"NGF",0.06884765625,3.02947448103525e-08,-49.2468117062695
"NGF",0.069091796875,2.51750558404328e-08,-50.0507802663947
"NGF",0.0693359375,2.07870925508435e-08,-50.8825471949206
"NGF",0.069580078125,1.73008002018291e-08,-51.6798227845589
"NGF",0.06982421875,1.48388360988536e-08,-52.3464863127604
"NGF",0.070068359375,1.34724351805655e-08,-52.7660236640067
"NGF",0.0703125,1.32202461059915e-08,-52.8480892918697
"NGF",0.070556640625,1.40498288493395e-08,-52.5837743533606
"NGF",0.07080078125,1.58815898162414e-08,-52.0515449413412
"NGF",0.071044921875,1.85950034806093e-08,-51.3665220518244
"NGF",0.0712890625,2.20369209658895e-08,-50.6289755507496
"NGF",0.071533203125,2.60315528078346e-08,-49.9054839419191
"NGF",0.07177734375,3.03913814768519e-08,-49.2329802726117
"NGF",0.072021484375,3.4927931607457e-08,-48.6287560119672
"NGF",0.072265625,3.94611564197388e-08,-48.0987866095004
"NGF",0.072509765625,4.38263124379183e-08,-47.6431353867519
"NGF",0.07275390625,4.78776323414799e-08,-47.2591580375952
"NGF",0.072998046875,5.14887971324906e-08,-46.943357230944
"NGF",0.0732421875,5.45509828324765e-08,-46.6924588959024
"NGF",0.073486328125,5.69698901922535e-08,-46.5040308680064
"NGF",0.07373046875,5.86634523581014e-08,-46.376808514386
"NGF",0.073974609375,5.95617353931311e-08,-46.3108112628254
"NGF",0.07421875,5.96099116144515e-08,-46.3072999128116
"NGF",0.074462890625,5.87742441856812e-08,-46.3686141619678
"NGF",0.07470703125,5.70500212263332e-08,-46.4979265882843
"NGF",0.074951171875,5.44695973712756e-08,-46.6989430410438
"NGF",0.0751953125,5.11083688678318e-08,-46.9755644857345
"NGF",0.075439453125,4.70867359003613e-08,-47.3314988341041
"NGF",0.07568359375,4.2566851369322e-08,-47.769769421651
"NGF",0.075927734375,3.77440336045967e-08,-48.2920015896207
"NGF",0.076171875,3.28338527818196e-08,-48.897266225736
"NGF",0.076416015625,2.80567925876851e-08,-49.5801044756134
"NGF",0.07666015625,2.36228123589613e-08,-50.3271686889406
"NGF",0.076904296875,1.97179940855407e-08,-51.1118573715828
"NGF",0.0771484375,1.64948148295355e-08,-51.8870102464113
"NGF",0.077392578125,1.40666386696109e-08,-52.5785813730898
"NGF",0.07763671875,1.2506052609498e-08,-53.0892821786357
"NGF",0.077880859375,1.18459527300169e-08,-53.3247847386501
"NGF",0.078125,1.20820078261693e-08,-53.2390935645906
"NGF",0.078369140625,1.3175332278341e-08,-52.8628689235573
"NGF",0.07861328125,1.50547775188837e-08,-52.2837412732282
"NGF",0.078857421875,1.76189741628608e-08,-51.600678504716
"NGF",0.0791015625,2.07388544284702e-08,-50.8926370598417
"NGF",0.079345703125,2.42616340991172e-08,-50.2112842052225
"NGF",0.07958984375,2.80170345469381e-08,-49.5862630353135
"NGF",0.079833984375,3.18259350411137e-08,-49.0326729714988
"NGF",0.080078125,3.55108600771144e-08,-48.5568727807731
"NGF",0.080322265625,3.89069965336896e-08,-48.1602076288788
"NGF",0.08056640625,4.18720547653348e-08,-47.841241958496
"NGF",0.080810546875,4.42933859538099e-08,-47.5970958850342
"NGF",0.0810546875,4.60913382823741e-08,-47.4242915092882
"NGF",0.081298828125,4.72187133806146e-08,-47.3193431995643
"NGF",0.08154296875,4.76571052101414e-08,-47.2792081029042
"NGF",0.081787109375,4.7411583898486e-08,-47.3016400495106
"NGF",0.08203125,4.65054221722718e-08,-47.3854487795144
"NGF",0.082275390625,4.49762906511364e-08,-47.530648343467
"NGF",0.08251953125,4.28746697608167e-08,-47.7384768122815
"NGF",0.082763671875,4.02643643414218e-08,-48.0112762194758
"NGF",0.0830078125,3.72242345756602e-08,-48.3522269284472
"NGF",0.083251953125,3.38498056418365e-08,-48.7649228976399
"NGF",0.08349609375,3.02534086312644e-08,-49.252741557553
"NGF",0.083740234375,2.6561913850302e-08,-49.8178910537471
"NGF",0.083984375,2.29117957657537e-08,-50.4598933979614
"NGF",0.084228515625,1.94419979597112e-08,-51.1730757595019
"NGF",0.08447265625,1.62856320953403e-08,-51.9424384963947
"NGF",0.084716796875,1.35618023240191e-08,-52.7373105933064
"NGF",0.0849609375,1.13687572791274e-08,-53.503354746932
"NGF",0.085205078125,9.77920214601854e-09,-54.1574504564033
"NGF",0.08544921875,8.83809014349958e-09,-54.596900423627
"NGF",0.085693359375,8.56271180206432e-09,-54.7343714208942
"NGF",0.0859375,8.9445366436179e-09,-54.5449062156338
"NGF",0.086181640625,9.95209812731897e-09,-54.0813381967324
"NGF",0.08642578125,1.15342440414827e-08,-53.4405933319585
"NGF",0.086669921875,1.36232451425863e-08,-52.7176789759425
"NGF",0.0869140625,1.6137487809262e-08,-51.9821254197296
"NGF",0.087158203125,1.89837026110204e-08,-51.2766754734135
"NGF",0.08740234375,2.20588566585995e-08,-50.6246547057165
"NGF",0.087646484375,2.52519489442232e-08,-50.0375356659283
"NGF",0.087890625,2.84459996642204e-08,-49.5202726859246
"NGF",0.088134765625,3.15205269907269e-08,-49.0745499933422
"NGF",0.08837890625,3.43547621979737e-08,-48.7006152244697
"NGF",0.088623046875,3.68317622109464e-08,-48.3982597105272
"NGF",0.0888671875,3.88434313681049e-08,-48.1673088134125
"NGF",0.089111328125,4.02962649674703e-08,-48.0078367561288
"NGF",0.08935546875,4.11173990404778e-08,-47.9202283443854
"NGF",0.089599609375,4.12603385430482e-08,-47.9051568210989
"NGF",0.08984375,4.07095980062412e-08,-47.9635165528179
"NGF",0.090087890625,3.94834794831895e-08,-48.0963305126616
"NGF",0.09033203125,3.763436404535e-08,-48.3046388755024
"NGF",0.090576171875,3.52461984264082e-08,-48.5893618731543
"NGF",0.0908203125,3.24292681659857e-08,-48.9511132114504
"NGF",0.091064453125,2.93127794116265e-08,-49.3899146936192
"NGF",0.09130859375,2.60361267005623e-08,-49.9047209287038
"NGF",0.091552734375,2.27399195701169e-08,-50.492595448906
"NGF",0.091796875,1.95578290743871e-08,-51.1472782287546
"NGF",0.092041015625,1.66100987771444e-08,-51.8567625404164
"NGF",0.09228515625,1.39991962193627e-08,-52.5994536831298
"NGF",0.092529296875,1.18076489533823e-08,-53.3388503626444
"NGF",0.0927734375,1.00977150677288e-08,-54.0182535734062
"NGF",0.093017578125,8.91226876218602e-09,-54.5606019437145
"NGF",0.09326171875,8.27618852697038e-09,-54.8821809407554
"NGF",0.093505859375,8.19762391400582e-09,-54.9236047904986
"NGF",0.09375,8.66874726458676e-09,-54.6809212779235
"NGF",0.093994140625,9.6658982904402e-09,-54.208062482119
"NGF",0.09423828125,1.1149320225457e-08,-53.5880007993085
"NGF",0.094482421875,1.30628946186939e-08,-52.9000904585644
"NGF",0.0947265625,1.53343627352058e-08,-52.2038273686669
"NGF",0.094970703125,1.78764651466942e-08,-51.5376682266482
"NGF",0.09521484375,2.05892617927482e-08,-50.9240769346282
"NGF",0.095458984375,2.33636620756321e-08,-50.3750755304889
"NGF",0.095703125,2.60859589578775e-08,-49.8964166251851
"NGF",0.095947265625,2.86429787410484e-08,-49.4903028851005
"NGF",0.09619140625,3.09273678533167e-08,-49.1570550925023
"NGF",0.096435546875,3.28425523983712e-08,-48.8961156769278
"NGF",0.0966796875,3.43070106495101e-08,-48.7066559182892
"NGF",0.096923828125,3.52576556555695e-08,-48.5879503726026
"NGF",0.09716796875,3.5652285120334e-08,-48.539610981407
"NGF",0.097412109375,3.54711710883342e-08,-48.5617294213434
"NGF",0.09765625,3.47179010270832e-08,-48.6549500842195
"NGF",0.097900390625,3.34195391652919e-08,-48.8204801222137
"NGF",0.09814453125,3.16260762685677e-08,-49.0600315523622
"NGF",0.098388671875,2.94090246382182e-08,-49.3756784796871
"NGF",0.0986328125,2.68589493686018e-08,-49.769594486372
"NGF",0.098876953125,2.40817532768715e-08,-50.24360366535
"NGF",0.09912109375,2.11936700637412e-08,-50.7984230007376
"NGF",0.099365234375,1.83151484429202e-08,-51.432380262292
"NGF",0.099609375,1.55640727297525e-08,-52.1392521760639
"NGF",0.099853515625,1.30489843547185e-08,-52.9047175874385
"NGF",0.10009765625,1.0863068119441e-08,-53.70095966277
"NGF",0.100341796875,9.07959975415001e-09,-54.4798176474391
"NGF",0.1005859375,7.74931839804181e-09,-55.1678496395096
"NGF",0.100830078125,6.89984203165935e-09,-55.6720932126671
"NGF",0.10107421875,6.5368771408024e-09,-55.9067814659721
"NGF",0.101318359375,6.64668791778427e-09,-55.8344318136273
"NGF",0.1015625,7.19916399175842e-09,-55.4876640257712
"NGF",0.101806640625,8.15088760296587e-09,-54.9484356471321
"NGF",0.10205078125,9.44781873964681e-09,-54.3071691660446
"NGF",0.102294921875,1.10275067293558e-08,-53.6357113769697
"NGF",0.1025390625,1.28209938401827e-08,-52.9812677763807
"NGF",0.102783203125,1.47547107817787e-08,-52.3711776818309
"NGF",0.10302734375,1.67526338502747e-08,-51.8196537261864
"NGF",0.103271484375,1.87388007102407e-08,-51.3330667672524
"NGF",0.103515625,2.06400440997414e-08,-50.9133784829415
"NGF",0.103759765625,2.23886044341743e-08,-50.5602144595253
"NGF",0.10400390625,2.39242144002557e-08,-50.2721078341922
"NGF",0.104248046875,2.51953526617442e-08,-50.0472802757316
"NGF",0.1044921875,2.61596131453379e-08,-49.8841715192032
"NGF",0.104736328125,2.67834431681299e-08,-49.7818206181012
"NGF",0.10498046875,2.70417493388722e-08,-49.7401368635
"NGF",0.105224609375,2.69179491946833e-08,-49.7600650007134
"NGF",0.10546875,2.64049074820068e-08,-49.843638190303
"NGF",0.105712890625,2.55068644070173e-08,-49.9939139567949
"NGF",0.10595703125,2.42420372501315e-08,-50.2147935494035
"NGF",0.106201171875,2.2645196285542e-08,-50.5107237972665
"NGF",0.1064453125,2.07693152275371e-08,-50.8862629125674
"NGF",0.106689453125,1.8685457263074e-08,-51.3454473897118
"NGF",0.10693359375,1.64803796914444e-08,-51.8908125598229
"NGF",0.107177734375,1.42518386049746e-08,-52.5217757363205
"NGF",0.107421875,1.21021077617282e-08,-53.2318745343324
"NGF",0.107666015625,1.01306393997107e-08,-54.004116122582
"NGF",0.10791015625,8.42697403813383e-09,-54.8037681322204
"NGF",0.108154296875,7.06491010449671e-09,-55.5694182900942
"NGF",0.1083984375,6.09861538851154e-09,-56.2081722389322
"NGF",0.108642578125,5.56090968348474e-09,-56.609026275502
"NGF",0.10888671875,5.46350743945871e-09,-56.6857693039256
"NGF",0.109130859375,5.79869858581928e-09,-56.4271793429822
"NGF",0.109375,6.54182887312902e-09,-55.9034928988527
"NGF",0.109619140625,7.65401391019568e-09,-55.2215922200448
"NGF",0.10986328125,9.08472117338982e-09,-54.4773686660727
"NGF",0.110107421875,1.07740900294715e-08,-53.7366786893144
"NGF",0.1103515625,1.26550459903707e-08,-53.0378474137896
"NGF",0.110595703125,1.46553519227162e-08,-52.400522174444
"NGF",0.11083984375,1.66997229918481e-08,-51.8333920185992
"NGF",0.111083984375,1.87120510411859e-08,-51.3392707573331
"NGF",0.111328125,2.06176935987599e-08,-50.9180838791823
"NGF",0.111572265625,2.23457307452373e-08,-50.5685390773611
"NGF",0.11181640625,2.38311002536188e-08,-50.2890437549841
"NGF",0.112060546875,2.50165750202878e-08,-50.0782061831189
"NGF",0.1123046875,2.58546099682069e-08,-49.9351047859535
"NGF",0.112548828125,2.63091163280605e-08,-49.8594220794311
"NGF",0.11279296875,2.63571927195031e-08,-49.8514931709162
"NGF",0.113037109375,2.59907560990619e-08,-49.9122955539002
"NGF",0.11328125,2.52179012376987e-08,-50.0433952962838
"NGF",0.113525390625,2.40637214496392e-08,-50.2468567741733
"NGF",0.11376953125,2.25702903200559e-08,-50.5251132375556
"NGF",0.114013671875,2.07955588927617e-08,-50.8807787239356
"NGF",0.1142578125,1.88110602611911e-08,-51.3163519447906
"NGF",0.114501953125,1.66985007464833e-08,-51.8337098884487
"NGF",0.11474609375,1.45455044989657e-08,-52.4331968017424
"NGF",0.114990234375,1.24409176563321e-08,-53.1119605357403
"NGF",0.115234375,1.04701364228706e-08,-53.8609612872052
"NGF",0.115478515625,8.71089255251281e-09,-54.6598581235022
"NGF",0.11572265625,7.22982580826722e-09,-55.469206354176
"NGF",0.115966796875,6.08002800318568e-09,-56.2214288963254
"NGF",0.1162109375,5.29959322551079e-09,-56.8180593290663
"NGF",0.116455078125,4.9110832774024e-09,-57.1487117062859
"NGF",0.11669921875,4.92173323435319e-09,-57.1393039860476
"NGF",0.116943359375,5.32418372832588e-09,-56.797954353597
"NGF",0.1171875,6.09752967003396e-09,-56.2089454693959
"NGF",0.117431640625,7.20851148328956e-09,-55.4820287453705
"NGF",0.11767578125,8.61273591308106e-09,-54.7090733824757
"NGF",0.117919921875,1.02558904192012e-08,-53.9507509726204
"NGF",0.1181640625,1.2074997506058e-08,-53.2416141944322
"NGF",0.118408203125,1.39998286377236e-08,-52.5992574935797
"NGF",0.11865234375,1.59546436054635e-08,-52.031613617929
"NGF",0.118896484375,1.78604223211007e-08,-51.5415674532407
"NGF",0.119140625,1.9637700270133e-08,-51.1295784205526
"NGF",0.119384765625,2.12100073899273e-08,-50.7950764933643
"NGF",0.11962890625,2.25077606135408e-08,-50.5371618170083
"NGF",0.119873046875,2.34723054340341e-08,-50.3549272136348
"NGF",0.1201171875,2.40596820303203e-08,-50.2475858570716
"NGF",0.120361328125,2.4243643686599e-08,-50.2145057669159
"NGF",0.12060546875,2.40175012463565e-08,-50.2552064725776
"NGF",0.120849609375,2.33945059080676e-08,-50.369345918424
"NGF",0.12109375,2.24066881623538e-08,-50.5567079911747
"NGF",0.121337890625,2.1102299217342e-08,-50.8171869240152
"NGF",0.12158203125,1.95422025087215e-08,-51.1507495976135
"NGF",0.121826171875,1.77956936789201e-08,-51.5573354763202
"NGF",0.1220703125,1.5936263004046e-08,-52.0366198065277
"NGF",0.122314453125,1.40377537821295e-08,-52.5875084841683
"NGF",0.12255859375,1.21712349854427e-08,-53.2071382190393
"NGF",0.122802734375,1.04027323296277e-08,-53.8890104527093
"NGF",0.123046875,8.79178843103123e-09,-54.619712406564
"NGF",0.123291015625,7.39068328988748e-09,-55.3736387714596
"NGF",0.12353515625,6.24406169318929e-09,-56.1058128379819
"NGF",0.123779296875,5.38869085921989e-09,-56.7456519965422
"NGF",0.1240234375,4.85310481673319e-09,-57.200287979157
"NGF",0.124267578125,4.65696986183622e-09,-57.3794504181792
"NGF",0.12451171875,4.81011356385536e-09,-57.2389313924519
"NGF",0.124755859375,5.31128316581823e-09,-56.808490131507
"NGF",0.125,6.14682180836061e-09,-56.1739784572847
"NGF",0.125244140625,7.28955434164256e-09,-55.4334749131451
"NGF",0.12548828125,8.69823738921573e-09,-54.6661721306628
"NGF",0.125732421875,1.03179294441967e-08,-53.9245591540266
"NGF",0.1259765625,1.20815604479428e-08,-53.2392543801564
"NGF",0.126220703125,1.39128241302341e-08,-52.6263317385047
"NGF",0.12646484375,1.57302975404154e-08,-52.0931153173677
"NGF",0.126708984375,1.7452448957337e-08,-51.6419209265659
"NGF",0.126953125,1.90029816875696e-08,-51.2722671932832
"NGF",0.127197265625,2.03158343683766e-08,-50.9821380572839
"NGF",0.12744140625,2.13391623056237e-08,-50.7687110249561
"NGF",0.127685546875,2.20377744163931e-08,-50.6288073595274
"NGF",0.1279296875,2.2393774161995e-08,-50.5592117507163
"NGF",0.128173828125,2.24054920734687e-08,-50.5569398276085
"NGF",0.12841796875,2.20851208180235e-08,-50.6194868973279
"NGF",0.128662109375,2.14556886900585e-08,-50.7450600998335
"NGF",0.12890625,2.05480740414362e-08,-50.9327734720832
"NGF",0.129150390625,1.93986529573061e-08,-51.1827689560539
"NGF",0.12939453125,1.8047915446023e-08,-51.4962142151804
"NGF",0.129638671875,1.6540052875847e-08,-51.8751157558135
"NGF",0.1298828125,1.4923204059889e-08,-52.3218639159908
"NGF",0.130126953125,1.32498365399021e-08,-52.8383794865098
"NGF",0.13037109375,1.15766896855617e-08,-53.424640770328
"NGF",0.130615234375,9.96382669198612e-09,-54.0762230423515
"NGF",0.130859375,8.47259411919005e-09,-54.7803206720149
"NGF",0.131103515625,7.16259503579097e-09,-55.5097807178537
"NGF",0.13134765625,6.08805722518409e-09,-56.2156974320095
"NGF",0.131591796875,5.2941470047542e-09,-56.822524728026
"NGF",0.1318359375,4.81380231294377e-09,-57.2356021791188
"NGF",0.132080078125,4.66554024580476e-09,-57.3714652908456
"NGF",0.13232421875,4.8524783235094e-09,-57.2008486513938
"NGF",0.132568359375,5.36256324219145e-09,-56.7667604219068
"NGF",0.1328125,6.16979507338931e-09,-56.1577772976651
"NGF",0.133056640625,7.23611886391459e-09,-55.4654277699545
"NGF",0.13330078125,8.5136468998383e-09,-54.7593283514705
"NGF",0.133544921875,9.94695652708873e-09,-54.0835824929531
"NGF",0.1337890625,1.14753377348424e-08,-53.4628299289221
"NGF",0.134033203125,1.30349895873073e-08,-52.9093778058998
"NGF",0.13427734375,1.45612411079562e-08,-52.428500761033
"NGF",0.134521484375,1.59908781185295e-08,-52.0217615604397
"NGF",0.134765625,1.72645975474836e-08,-51.6889201014049
"NGF",0.135009765625,1.83295127100763e-08,-51.4289754976765
"NGF",0.13525390625,1.91415369102638e-08,-51.2407166400104
"NGF",0.135498046875,1.96674160954267e-08,-51.123011630983
"NGF",0.1357421875,1.98861870854121e-08,-51.0749694831197
"NGF",0.135986328125,1.97899071739124e-08,-51.0960471204923
"NGF",0.13623046875,1.93836134129989e-08,-51.1861372952675
"NGF",0.136474609375,1.86845914487833e-08,-51.3456486302142
"NGF",0.13671875,1.77211278418511e-08,-51.575571105394
"NGF",0.136962890625,1.65309594485279e-08,-51.8775040863351
"NGF",0.13720703125,1.51596098429262e-08,-52.2536044499952
"NGF",0.137451171875,1.36587277391844e-08,-52.7063822089076
"NGF",0.1376953125,1.20844442620921e-08,-53.238217862459
"NGF",0.137939453125,1.04956802603886e-08,-53.8503787724982
"NGF",0.13818359375,8.95229290477755e-09,-54.5411418599152
"NGF",0.138427734375,7.51296937801244e-09,-55.3023685045893
"NGF",0.138671875,6.23285134125077e-09,-56.1136170044192
"NGF",0.138916015625,5.1609844971893e-09,-56.9331591465111
"NGF",0.13916015625,4.33779783772355e-09,-57.6877916123386
"NGF",0.139404296875,3.79289018355305e-09,-58.2707820051468
"NGF",0.1396484375,3.54341035479629e-09,-58.5662701920519
"NGF",0.139892578125,3.5932533309155e-09,-58.5056063233125
"NGF",0.14013671875,3.93317145830604e-09,-58.1130559019513
"NGF",0.140380859375,4.54174887608776e-09,-57.4882535177816
"NGF",0.140625,5.38704969428e-09,-56.7469748733862
"NGF",0.140869140625,6.42866376560615e-09,-55.979277574467
"NGF",0.14111328125,7.61986112854874e-09,-55.241014127443
"NGF",0.141357421875,8.90962837442787e-09,-54.5618887941918
"NGF",0.1416015625,1.02444756999984e-08,-53.9555873253429
"NGF",0.141845703125,1.15700343611217e-08,-53.4271382043091
"NGF",0.14208984375,1.28325679531937e-08,-52.977348964798
"NGF",0.142333984375,1.39805630960912e-08,-52.6052380529826
"NGF",0.142578125,1.49665305788113e-08,-52.3092733182526
"NGF",0.142822265625,1.57490459828079e-08,-52.0879421815099
"NGF",0.14306640625,1.62949203680665e-08,-51.9399622672361
"NGF",0.143310546875,1.65812607182163e-08,-51.8643092111181
"NGF",0.1435546875,1.65971000684249e-08,-51.8601625668886
"NGF",0.143798828125,1.63442784717252e-08,-51.9268271602736
"NGF",0.14404296875,1.58373450660629e-08,-52.0636608988219
"NGF",0.144287109375,1.51024098142622e-08,-52.2700221819767
"NGF",0.14453125,1.41750618671143e-08,-52.5452350611952
"NGF",0.144775390625,1.30976414988099e-08,-52.8885537017457
"NGF",0.14501953125,1.19162602928593e-08,-53.2990848800946
"NGF",0.145263671875,1.0677982815926e-08,-53.7755925155611
"NGF",0.1455078125,9.42850983490743e-09,-54.3160541074903
"NGF",0.145751953125,8.210560125419e-09,-54.9167568341568
"NGF",0.14599609375,7.06297459276146e-09,-55.5706082517757
"NGF",0.146240234375,6.02040814830658e-09,-56.2642253429803
"NGF",0.146484375,5.11336985956957e-09,-56.9734126197683
"NGF",0.146728515625,4.36834130893241e-09,-57.6573190568184
"NGF",0.14697265625,3.80774588961883e-09,-58.2538051118376
"NGF",0.147216796875,3.4496371302558e-09,-58.6827505543327
"NGF",0.1474609375,3.30708928958925e-09,-58.866025483848
"NGF",0.147705078125,3.3873745447326e-09,-58.7618524957818
"NGF",0.14794921875,3.69107353314284e-09,-58.3889577192199
"NGF",0.148193359375,4.2112810436178e-09,-57.816342437494
"NGF",0.1484375,4.93304415431815e-09,-57.129334664389
"NGF",0.148681640625,5.8331256743986e-09,-56.4014713578507
"NGF",0.14892578125,6.88014397566206e-09,-55.6845094267999
"NGF",0.149169921875,8.03511754830638e-09,-55.0105623458979
"NGF",0.1494140625,9.25244242164794e-09,-54.3979207802652
"NGF",0.149658203125,1.04813423217058e-08,-53.8563156385116
"NGF",0.14990234375,1.16678346844116e-08,-53.3905820197194
"NGF",0.150146484375,1.27572289568586e-08,-53.0029211919088
"NGF",0.150390625,1.36971045040817e-08,-52.6941969988114
"NGF",0.150634765625,1.4440607916685e-08,-52.4646299274215
"NGF",0.15087890625,1.49497861878131e-08,-52.3141348775344
"NGF",0.151123046875,1.51985695111245e-08,-52.2424575508306
"NGF",0.1513671875,1.51749749395205e-08,-52.2492048662967
"NGF",0.151611328125,1.48821492271769e-08,-52.3338281416163
"NGF",0.15185546875,1.43380132425899e-08,-52.4955949200399
"NGF",0.152099609375,1.3573490765161e-08,-52.7335691737556
"NGF",0.15234375,1.26295550449162e-08,-53.0466041908371
"NGF",0.152587890625,1.15535463153192e-08,-53.43333159505
"NGF",0.15283203125,1.03953436243687e-08,-53.8920961939716
"NGF",0.153076171875,9.20397571431854e-09,-54.4207300510326
"NGF",0.1533203125,8.02512193077821e-09,-55.0159682952947
"NGF",0.153564453125,6.89971603592272e-09,-55.6721725184722
"NGF",0.15380859375,5.86358445549132e-09,-56.37885284323
"NGF",0.154052734375,4.9478011645438e-09,-57.1163623069263
"NGF",0.154296875,4.17929222346305e-09,-57.8494573032925
"NGF",0.154541015625,3.58121476936187e-09,-58.5201810226119
"NGF",0.15478515625,3.1727689182423e-09,-59.0461002681506
"NGF",0.155029296875,2.96833623950712e-09,-59.3353537488924
"NGF",0.1552734375,2.97610488051882e-09,-59.3240023711063
"NGF",0.155517578125,3.19655906033745e-09,-59.0136573620298
"NGF",0.15576171875,3.62131359807456e-09,-58.4718233374234
"NGF",0.156005859375,4.23273036765665e-09,-57.7942786513317
"NGF",0.15625,5.00457478237513e-09,-57.066812859573
"NGF",0.156494140625,5.90370873967445e-09,-56.3492354580626
"NGF",0.15673828125,6.89254889530484e-09,-55.6766861352235
"NGF",0.156982421875,7.93182442814189e-09,-55.0667537668792
"NGF",0.1572265625,8.98310347729086e-09,-54.5262206677605
"NGF",0.157470703125,1.00106403173801e-08,-54.0558661172815
"NGF",0.15771484375,1.09823004776226e-08,-53.6535514726126
"NGF",0.157958984375,1.18695873170611e-08,-53.3161284954331
"NGF",0.158203125,1.2647043276889e-08,-53.0405946449645
"NGF",0.158447265625,1.32914610777281e-08,-52.8247574532764
"NGF",0.15869140625,1.37813708593427e-08,-52.6675604934472
"NGF",0.158935546875,1.40971642285763e-08,-52.5691670997015
"NGF",0.1591796875,1.42220098038514e-08,-52.5308749548613
"NGF",0.159423828125,1.41434685294346e-08,-52.5549254072122
"NGF",0.15966796875,1.38554999879946e-08,-52.6442626686637
"NGF",0.159912109375,1.33604199012614e-08,-52.8022836148304
"NGF",0.16015625,1.2670353097083e-08,-53.0325975120877
"NGF",0.160400390625,1.18078211337169e-08,-53.3387870338443
"NGF",0.16064453125,1.08052762794527e-08,-53.7241259335815
"NGF",0.160888671875,9.70359396958512e-09,-54.1911585324515
"NGF",0.1611328125,8.54971390741686e-09,-54.740968866637
"NGF",0.161376953125,7.39373868448286e-09,-55.3718437184856
"NGF",0.16162109375,6.28584256542318e-09,-56.0768496964648
"NGF",0.161865234375,5.27331805830644e-09,-56.8396450272967
"NGF",0.162109375,4.39801573595935e-09,-57.6279169024931
"NGF",0.162353515625,3.6943408955681e-09,-58.3851150166121
"NGF",0.16259765625,3.18788269510316e-09,-59.0254613693596
"NGF",0.162841796875,2.89468124202003e-09,-59.4444772233265
"NGF",0.1630859375,2.8210886849288e-09,-59.5563173013489
"NGF",0.163330078125,2.96414700234629e-09,-59.3414873115527
"NGF",0.16357421875,3.31238114100985e-09,-58.8590816584025
"NGF",0.163818359375,3.84688767111182e-09,-58.2093896404934
"NGF",0.1640625,4.54258785176395e-09,-57.4874513403226
"NGF",0.164306640625,5.36951590899515e-09,-56.7611333570907
"NGF",0.16455078125,6.29403482863625e-09,-56.0711932737521
"NGF",0.164794921875,7.27991515188362e-09,-55.4392215157033
"NGF",0.1650390625,8.28927156730705e-09,-54.8753210124784
"NGF",0.165283203125,9.28341404687864e-09,-54.383407484401
"NGF",0.16552734375,1.02237167783592e-08,-53.9643965919343
"NGF",0.165771484375,1.1072622299068e-08,-53.617979833261
"NGF",0.166015625,1.17948706207471e-08,-53.3435528774553
"NGF",0.166259765625,1.23589762360897e-08,-53.1406597199441
"NGF",0.16650390625,1.2738884849188e-08,-53.0091705726356
"NGF",0.166748046875,1.29156507962929e-08,-52.9493217479415
"NGF",0.1669921875,1.28789121509121e-08,-52.9616928835045
"NGF",0.167236328125,1.26279245534957e-08,-53.0471649066638
"NGF",0.16748046875,1.21719556469236e-08,-53.2068810799409
"NGF",0.167724609375,1.15299328447914e-08,-53.442216913814
"NGF",0.16796875,1.07293570408052e-08,-53.7547477161987
"NGF",0.168212890625,9.80461431356786e-09,-54.1461795477354
"NGF",0.16845703125,8.79490702358673e-09,-54.61817216547
"NGF",0.168701171875,7.74206351805275e-09,-55.1719173909775
"NGF",0.1689453125,6.68846483070789e-09,-55.8072202136497
"NGF",0.169189453125,5.67525631091065e-09,-56.5206298887164
"NGF",0.16943359375,4.7409143202721e-09,-57.3018636252488
"NGF",0.169677734375,3.92014182151438e-09,-58.1274669011066
"NGF",0.169921875,3.24299871116344e-09,-58.9510169309345
"NGF",0.170166015625,2.73415027224294e-09,-59.6922608892495
"NGF",0.17041015625,2.41214293391907e-09,-60.2364543038825
"NGF",0.170654296875,2.28867878113849e-09,-60.4646362597782
"NGF",0.1708984375,2.36793660694671e-09,-60.3167839764718
"NGF",0.171142578125,2.64605201403623e-09,-59.8345009220945
"NGF",0.17138671875,3.11090092385198e-09,-59.131622892748
"NGF",0.171630859375,3.74231929838103e-09,-58.3290762998936
"NGF",0.171875,4.51283969244755e-09,-57.5159856261987
"NGF",0.172119140625,5.38894693016085e-09,-56.7454456244246
"NGF",0.17236328125,6.33277186654621e-09,-56.0445462599912
"NGF",0.172607421875,7.30407483538731e-09,-55.4248325496694
"NGF",0.1728515625,8.26233366805781e-09,-54.8894573952172
"NGF",0.173095703125,9.16874988545487e-09,-54.4373834340688
"NGF",0.17333984375,9.98801571686560e-09,-54.0656925209496
"NGF",0.173583984375,1.06897322106671e-08,-53.7708164336921
"NGF",0.173828125,1.12494213714598e-08,-53.5491828464521
"NGF",0.174072265625,1.1649122422521e-08,-53.3975525980761
"NGF",0.17431640625,1.18775989368497e-08,-53.3131981251904
"NGF",0.174560546875,1.19302099989299e-08,-53.2940038085671
"NGF",0.1748046875,1.18085177213202e-08,-53.3385308348168
"NGF",0.175048828125,1.15197174650056e-08,-53.4460664154788
"NGF",0.17529296875,1.10759847436282e-08,-53.6166612030404
"NGF",0.175537109375,1.04938292784995e-08,-53.851144746778
"NGF",0.17578125,9.79352632618597e-09,-54.1510937407068
"NGF",0.176025390625,8.99865575451465e-09,-54.5187083106252
"NGF",0.17626953125,8.1357248756023e-09,-54.956522154668
"NGF",0.176513671875,7.23379438332499e-09,-55.4668230915224
"NGF",0.1767578125,6.32398612393133e-09,-56.0505756083485
"NGF",0.177001953125,5.43874478595501e-09,-56.7054978921939
"NGF",0.17724609375,4.61076325340020e-09,-57.4227564588251
"NGF",0.177490234375,3.87156025955129e-09,-58.1816244586689
"NGF",0.177734375,3.2498011113296e-09,-58.9419168631131
"NGF",0.177978515625,2.76954870084523e-09,-59.6363946281196
"NGF",0.17822265625,2.44869166847923e-09,-60.1711436559075
"NGF",0.178466796875,2.29779678860426e-09,-60.4473685103487
"NGF",0.1787109375,2.31956794471761e-09,-60.4064137078602
"NGF",0.178955078125,2.50897941898141e-09,-60.0655137033285
"NGF",0.17919921875,2.8540182588395e-09,-59.5059172194293
"NGF",0.179443359375,3.33685754423024e-09,-58.8271080284205
"NGF",0.1796875,3.9352218412802e-09,-58.1107924918809
"NGF",0.179931640625,4.62371347963144e-09,-57.4105755510353
"NGF",0.18017578125,5.37493700099558e-09,-56.7567509086567
"NGF",0.180419921875,6.16036326977757e-09,-56.1644214638598
"NGF",0.1806640625,6.95097841712639e-09,-55.6400252914659
"NGF",0.180908203125,7.71783286818113e-09,-55.1855309959928
"NGF",0.18115234375,8.43262307589521e-09,-54.8008578064243
"NGF",0.181396484375,9.06840388319736e-09,-54.4851761493315
"NGF",0.181640625,9.60046120035306e-09,-54.2375637238349
"NGF",0.181884765625,1.0007301044182e-08,-54.0573150454313
"NGF",0.18212890625,1.027165832492e-08,-53.944079045176
"NGF",0.182373046875,1.03814119544653e-08,-53.8979204414067
"NGF",0.1826171875,1.03303107970776e-08,-53.919350812961
"NGF",0.182861328125,1.01184530075936e-08,-54.0093435010574
"NGF",0.18310546875,9.75249894999281e-09,-54.1693255694328
"NGF",0.183349609375,9.24561865887647e-09,-54.4011249243525
"NGF",0.18359375,8.6171735268925e-09,-54.7068363060239
"NGF",0.183837890625,7.89211663436426e-09,-55.0885497428048
"NGF",0.18408203125,7.10008387623218e-09,-55.5478498991859
"NGF",0.184326171875,6.27415616153023e-09,-56.0849314523613
"NGF",0.1845703125,5.44931022402143e-09,-56.6970693659105
"NGF",0.184814453125,4.66063671147825e-09,-57.3760321741587
"NGF",0.18505859375,3.94147057383266e-09,-58.1039018060633
"NGF",0.185302734375,3.32162508215156e-09,-58.8469785789295
"NGF",0.185546875,2.82592537498019e-09,-59.5488778004327
"NGF",0.185791015625,2.47319157581678e-09,-60.1279071063277
"NGF",0.18603515625,2.27573441783731e-09,-60.4892689140942
"NGF",0.186279296875,2.23932289045474e-09,-60.5593174967071
"NGF",0.1865234375,2.36349604174877e-09,-60.3249358986122
"NGF",0.186767578125,2.6420478926914e-09,-59.8410778331512
"NGF",0.18701171875,3.06352896175841e-09,-59.198264787809
"NGF",0.187255859375,3.61167375805819e-09,-58.4833995551
"NGF",0.1875,4.26575640948609e-09,-57.7605241717298
"NGF",0.187744140625,5.00096254400827e-09,-57.0699486736867
"NGF",0.18798828125,5.78891335951562e-09,-56.4345141947498
"NGF",0.188232421875,6.59846977548131e-09,-55.8660523743238
"NGF",0.1884765625,7.39688259167275e-09,-55.3699974382797
"NGF",0.188720703125,8.15125935858983e-09,-54.9482375733243
"NGF",0.18896484375,8.83022213698851e-09,-54.6007684014881
"NGF",0.189208984375,9.40556450401847e-09,-54.326636029746
"NGF",0.189453125,9.85370223252867e-09,-54.1244903490777
"NGF",0.189697265625,1.01567535543903e-08,-53.9929355440164
"NGF",0.18994140625,1.03031671337059e-08,-53.9307772434064
"NGF",0.190185546875,1.02879115483037e-08,-53.9372124747733
"NGF",0.1904296875,1.01123189431481e-08,-54.0119771034018
"NGF",0.190673828125,9.78371446021565e-09,-54.1554469993211
"NGF",0.19091796875,9.31495336708526e-09,-54.3686778411436
"NGF",0.191162109375,8.72393737857422e-09,-54.6533592966649
"NGF",0.19140625,8.03311157974558e-09,-55.0116466982237
"NGF",0.191650390625,7.268880431254e-09,-55.4458094413778
"NGF",0.19189453125,6.46084915154333e-09,-55.9575886795464
"NGF",0.192138671875,5.6408081374292e-09,-56.5470714098599
"NGF",0.1923828125,4.84143119860207e-09,-57.2107470467813
"NGF",0.192626953125,4.09473762481652e-09,-57.9382239011612
"NGF",0.19287109375,3.43044902523248e-09,-58.7069749885838
"NGF",0.193115234375,2.87442867012385e-09,-59.4749693321078
"NGF",0.193359375,2.44740427671468e-09,-60.1734275455965
"NGF",0.193603515625,2.16413748811103e-09,-60.7076362103758
"NGF",0.19384765625,2.03312178923046e-09,-60.9788507439357
"NGF",0.194091796875,2.05678508928709e-09,-60.9285955395067
"NGF",0.1943359375,2.23207101501163e-09,-60.5734046127893
"NGF",0.194580078125,2.55120172155656e-09,-59.9930366987073
"NGF",0.19482421875,3.00240518473219e-09,-59.2857916779734
"NGF",0.195068359375,3.57042901732264e-09,-58.5332806575628
"NGF",0.1953125,4.23675292804142e-09,-57.7901533089736
"NGF",0.195556640625,4.97953103457001e-09,-57.0886002574398
"NGF",0.19580078125,5.77341242919843e-09,-56.4461588632314
"NGF",0.196044921875,6.58947146721569e-09,-55.8719788736321
"NGF",0.1962890625,7.39550304963635e-09,-55.3708074867874
"NGF",0.196533203125,8.15689150429463e-09,-54.9452378342139
"NGF",0.19677734375,8.83815089234709e-09,-54.5968705723829
"NGF",0.197021484375,9.40508281712009e-09,-54.3268584505468
"NGF",0.197265625,9.82733985857014e-09,-54.1361249366513
"NGF",0.197509765625,1.00810566794187e-08,-54.0254241265545
"NGF",0.19775390625,1.01511486117566e-08,-53.9953328332087
"NGF",0.197998046875,1.00328968837686e-08,-54.0462212049645
"NGF",0.1982421875,9.73253947835941e-09,-54.1782229513454
"NGF",0.198486328125,9.26674702164410e-09,-54.3912116204515
"NGF",0.19873046875,8.66105011132509e-09,-54.6847791780884
"NGF",0.198974609375,7.94745825662711e-09,-55.0582021367196
"NGF",0.19921875,7.1616348378188e-09,-55.5103629602292
"NGF",0.199462890625,6.34004285634215e-09,-56.0395627560706
"NGF",0.19970703125,5.51744549476619e-09,-56.6431041758216
"NGF",0.199951171875,4.72504438604819e-09,-57.3164257663544
"NGF",0.2001953125,3.98939234708581e-09,-58.0514171894672
"NGF",0.200439453125,3.33205953209338e-09,-58.833357170615
"NGF",0.20068359375,2.76989595387052e-09,-59.6358501328414
"NGF",0.200927734375,2.31564527806269e-09,-60.4137643638382
"NGF",0.201171875,1.97863850601177e-09,-61.0968201259981
"NGF",0.201416015625,1.7653311110869e-09,-61.5922229415789
"NGF",0.20166015625,1.67952994043784e-09,-61.8086071889444
"NGF",0.201904296875,1.72226440257312e-09,-61.6994864390707
"NGF",0.2021484375,1.89136443787867e-09,-61.292732501542
"NGF",0.202392578125,2.18089218225549e-09,-60.674142734702
"NGF",0.20263671875,2.58061880290989e-09,-59.9432461186202
"NGF",0.202880859375,3.07573627934911e-09,-59.1809937384332
"NGF",0.203125,3.64694984836027e-09,-58.4411867808684
"NGF",0.203369140625,4.27102301413002e-09,-57.7551655756788
"NGF",0.20361328125,4.9217612940492e-09,-57.1392792262002
"NGF",0.203857421875,5.5713420747585e-09,-56.6008864464936
"NGF",0.2041015625,6.19184175593499e-09,-56.1422862055746
"NGF",0.204345703125,6.75678706406285e-09,-55.7630823654815
"NGF",0.20458984375,7.24256646389518e-09,-55.4615597982225
"NGF",0.204833984375,7.62957400280888e-09,-55.23548179365
"NGF",0.205078125,7.9030104865815e-09,-55.0825591095942
"NGF",0.205322265625,8.05332245848167e-09,-55.000733803909
"NGF",0.20556640625,8.07630641187235e-09,-54.9883568162348
"NGF",0.205810546875,7.97293658733869e-09,-55.0443015921778
"NGF",0.2060546875,7.74898757417476e-09,-55.1680350468441
"NGF",0.206298828125,7.41452064295306e-09,-55.3596539052029
"NGF",0.20654296875,6.98329117091217e-09,-55.6198831868077
"NGF",0.206787109375,6.47212001488123e-09,-55.9500190720879
"NGF",0.20703125,5.90025872306726e-09,-56.3517741353715
"NGF",0.207275390625,5.28876848759091e-09,-56.826939126927
"NGF",0.20751953125,4.65992434162208e-09,-57.3766960361225
"NGF",0.207763671875,4.03664662476381e-09,-58.0002773700684
"NGF",0.2080078125,3.44194934336116e-09,-58.6924399482744
"NGF",0.208251953125,2.89838055364319e-09,-59.438930619821
"NGF",0.20849609375,2.42741740971317e-09,-60.2090400674346
"NGF",0.208740234375,2.04877452067531e-09,-60.9455430472293
"NGF",0.208984375,1.77959523319375e-09,-61.5572723538796
"NGF",0.209228515625,1.63352487365534e-09,-61.9292271731214
"NGF",0.20947265625,1.61971075988235e-09,-61.9661100191132
"NGF",0.209716796875,1.74182725683887e-09,-61.6504338687906
"NGF",0.2099609375,1.9972712490975e-09,-61.0561141882641
"NGF",0.210205078125,2.37669807282506e-09,-60.3007445514531
"NGF",0.21044921875,2.86405688564166e-09,-59.4906682952897
"NGF",0.210693359375,3.43723187095705e-09,-58.6983963913189
"NGF",0.2109375,4.0693065170275e-09,-57.965280652234
"NGF",0.211181640625,4.73035852684634e-09,-57.3115441081343
"NGF",0.21142578125,5.38958690022835e-09,-56.7449299040611
"NGF",0.211669921875,6.01749693404625e-09,-56.2663259149734
"NGF",0.2119140625,6.58784500827449e-09,-55.8730509616374
"NGF",0.212158203125,7.07908332584784e-09,-55.5607144485459
"NGF",0.21240234375,7.47514015930745e-09,-55.3242912904931
"NGF",0.212646484375,7.76550334219506e-09,-55.1587885821502
"NGF",0.212890625,7.94471279730364e-09,-55.0597026715959
"NGF",0.213134765625,8.01147814289984e-09,-55.0233581699443
"NGF",0.21337890625,7.96769258103593e-09,-55.0471589989444
"NGF",0.213623046875,7.81760118698679e-09,-55.1297495793408
"NGF",0.2138671875,7.56730528582146e-09,-55.2710721421872
"NGF",0.214111328125,7.22466661638386e-09,-55.4723065787917
"NGF",0.21435546875,6.79954805018248e-09,-55.7356842202631
"NGF",0.214599609375,6.30422589416985e-09,-56.0641670268936
"NGF",0.21484375,5.75375824457288e-09,-56.4609685896461
"NGF",0.215087890625,5.16610513753785e-09,-56.9288522873512
"NGF",0.21533203125,4.56186226395731e-09,-57.4690630065812
"NGF",0.215576171875,3.96356888059995e-09,-58.0796205921783
"NGF",0.2158203125,3.39465285950689e-09,-58.752530996563
"NGF",0.216064453125,2.87815387856689e-09,-59.4693445968408
"NGF",0.21630859375,2.43540166777787e-09,-60.1947787006007
"NGF",0.216552734375,2.08481630987566e-09,-60.8698067322656
"NGF",0.216796875,1.8409519404779e-09,-61.4100601812124
"NGF",0.217041015625,1.71384281033398e-09,-61.7207748223201
"NGF",0.21728515625,1.70865221859126e-09,-61.7339479434551
"NGF",0.217529296875,1.82558561801215e-09,-61.4464626345871
"NGF",0.2177734375,2.06001492103478e-09,-60.9217810312003
"NGF",0.218017578125,2.40276746098489e-09,-60.2533672720276
"NGF",0.21826171875,2.8405494159577e-09,-59.526461202337
"NGF",0.218505859375,3.35648792199026e-09,-58.8016338041317
"NGF",0.21875,3.93078078739246e-09,-58.1156964449896
"NGF",0.218994140625,4.54143674977626e-09,-57.488551991776
"NGF",0.21923828125,5.16507804319752e-09,-56.9297158116892
"NGF",0.219482421875,5.77776910462368e-09,-56.4428828690298
"NGF",0.2197265625,6.35583733728881e-09,-56.0287569523708
"NGF",0.219970703125,6.8766653298681e-09,-55.6867058034036
"NGF",0.22021484375,7.31945354234082e-09,-55.4156981056989
"NGF",0.220458984375,7.66596827939171e-09,-55.2148145129092
"NGF",0.220703125,7.90129153332587e-09,-55.0835038294757
"NGF",0.220947265625,8.01457136851841e-09,-55.0216816858761
"NGF",0.22119140625,7.99973634438647e-09,-55.0297279543478
"NGF",0.221435546875,7.85609577889372e-09,-55.1084169958428
"NGF",0.2216796875,7.58871539077755e-09,-55.2588020393377
"NGF",0.221923828125,7.20845062580874e-09,-55.4820654106095
"NGF",0.22216796875,6.7315470524169e-09,-55.7793358338203
"NGF",0.222412109375,6.17877743756099e-09,-56.1514591716166
"NGF",0.22265625,5.57416619063845e-09,-56.5986855635191
"NGF",0.222900390625,4.94343352905997e-09,-57.1201977029545
"NGF",0.22314453125,4.31235174065782e-09,-57.7133429194432
"NGF",0.223388671875,3.70522692419671e-09,-58.3723365795757
"NGF",0.2236328125,3.14369446014221e-09,-59.0860813941014
"NGF",0.223876953125,2.64595053134067e-09,-59.8346674880563
"NGF",0.22412109375,2.22645144540596e-09,-60.5843524071964
"NGF",0.224365234375,1.89601953492891e-09,-61.2820566155257
"NGF",0.224609375,1.66222101659823e-09,-61.853597000771
"NGF",0.224853515625,1.5298433123106e-09,-62.2140151683699
"NGF",0.22509765625,1.50130321198245e-09,-62.2958005541157
"NGF",0.225341796875,1.57685878242662e-09,-62.0825566788728
"NGF",0.2255859375,1.75456481515835e-09,-61.6187905310297
"NGF",0.225830078125,2.02998735514206e-09,-60.9855513648156
"NGF",0.22607421875,2.39576108988581e-09,-60.2660496201124
"NGF",0.226318359375,2.84112134183797e-09,-59.5255868670744
"NGF",0.2265625,3.35156282197915e-09,-58.8080110490979
"NGF",0.226806640625,3.90876859177362e-09,-58.1400850922257
"NGF",0.22705078125,4.49091798425895e-09,-57.5371334537042
"NGF",0.227294921875,5.07342794759202e-09,-57.0074697222888
"NGF",0.2275390625,5.63011670563727e-09,-56.5553107181478
"NGF",0.227783203125,6.13471106112859e-09,-56.1825435646785
"NGF",0.22802734375,6.56255870117171e-09,-55.8897526803369
"NGF",0.228271484375,6.89236374852237e-09,-55.6768027964284
"NGF",0.228515625,7.10774540261276e-09,-55.5431660605963
"NGF",0.228759765625,7.19843089272715e-09,-55.4881062952847
"NGF",0.22900390625,7.16093582349953e-09,-55.5107868758364
"NGF",0.229248046875,6.99865254990246e-09,-55.6103403579316
"NGF",0.2294921875,6.7213501366783e-09,-55.7859194938655
"NGF",0.229736328125,6.34417320243017e-09,-56.0367343801277
"NGF",0.22998046875,5.88629555176427e-09,-56.3620640486782
"NGF",0.230224609375,5.36942415426723e-09,-56.7612075703218
"NGF",0.23046875,4.81635159741879e-09,-57.2333028592606
"NGF",0.230712890625,4.24972051046215e-09,-57.776881002372
"NGF",0.23095703125,3.69109996354179e-09,-58.3889266211255
"NGF",0.231201171875,3.16039647931308e-09,-59.0630689984873
"NGF",0.2314453125,2.67554906995775e-09,-59.7863554876154
"NGF",0.231689453125,2.25240517821269e-09,-60.5340195206835
"NGF",0.23193359375,1.90465350254586e-09,-61.2623248948213
"NGF",0.232177734375,1.64370316013631e-09,-61.9022507905138
"NGF",0.232421875,1.47844063665955e-09,-62.3624457803982
"NGF",0.232666015625,1.41485395786542e-09,-62.5533685515032
"NGF",0.23291015625,1.45557185602744e-09,-62.4301481940345
"NGF",0.233154296875,1.59940981902495e-09,-62.0208871127799
"NGF",0.2333984375,1.84103486873345e-09,-61.4098645515936
"NGF",0.233642578125,2.17085348123514e-09,-60.6941795683275
"NGF",0.23388671875,2.57519579302392e-09,-59.9523821497691
"NGF",0.234130859375,3.03682282096797e-09,-59.2362901479416
"NGF",0.234375,3.53573290712707e-09,-58.5756901863696
"NGF",0.234619140625,4.05019944035383e-09,-57.9857205985208
"NGF",0.23486328125,4.55794167289822e-09,-57.4727970587153
"NGF",0.235107421875,5.03731768730892e-09,-57.0384912790103
"NGF",0.2353515625,5.46843290829316e-09,-56.6818558100493
"NGF",0.235595703125,5.83407574429518e-09,-56.4007640586457
"NGF",0.23583984375,6.12041926211298e-09,-56.1926729588163
"NGF",0.236083984375,6.3174593120128e-09,-56.055060156681
"NGF",0.236328125,6.41919085891602e-09,-55.9856818060977
"NGF",0.236572265625,6.42355186165612e-09,-55.9827323434485
"NGF",0.23681640625,6.33218499623723e-09,-56.0449487478003
"NGF",0.237060546875,6.15007953427787e-09,-56.1716773695828
"NGF",0.2373046875,5.88515715367008e-09,-56.3629040469765
"NGF",0.237548828125,5.54785589188793e-09,-56.6192329762004
"NGF",0.23779296875,5.15074707977328e-09,-56.9417824418719
"NGF",0.238037109375,4.70819425504667e-09,-57.3319409610289
"NGF",0.23828125,4.23603608464306e-09,-57.7908881818296
"NGF",0.238525390625,3.75125371304265e-09,-58.3187203086482
"NGF",0.23876953125,3.27157285875446e-09,-58.9129187257864
"NGF",0.239013671875,2.81495645685994e-09,-59.5657678781133
"NGF",0.2392578125,2.39896513221406e-09,-60.2602453341298
"NGF",0.239501953125,2.03999642968773e-09,-60.9641906182519
"NGF",0.23974609375,1.7524518809304e-09,-61.62402367285
"NGF",0.239990234375,1.54791392819643e-09,-62.1630166110893
"NGF",0.240234375,1.43443317193567e-09,-62.4936814923604
"NGF",0.240478515625,1.41602415357431e-09,-62.5497780785258
"NGF",0.24072265625,1.49244375250839e-09,-62.321504968282
"NGF",0.240966796875,1.659284751753e-09,-61.8612754697595
"NGF",0.2412109375,1.90836739216011e-09,-61.2538648190942
"NGF",0.241455078125,2.22836532784012e-09,-60.5806207671599
"NGF",0.24169921875,2.60557013652805e-09,-59.9014570120443
"NGF",0.241943359375,3.02468762636052e-09,-59.2536793948686
"NGF",0.2421875,3.46957130424e-09,-58.6577265192949
"NGF",0.242431640625,3.92382939282119e-09,-58.1233835307208
"NGF",0.24267578125,4.37128304980903e-09,-57.6543954028357
"NGF",0.242919921875,4.79629429018192e-09,-57.2514264655977
"NGF",0.2431640625,5.18401277390901e-09,-56.9138240616113
"NGF",0.243408203125,5.52060467749663e-09,-56.6406182011373
"NGF",0.24365234375,5.79352254690853e-09,-56.4310576770145
"NGF",0.243896484375,5.99185511506066e-09,-56.2848716572726
"NGF",0.244140625,6.10676659023981e-09,-56.202371482407
"NGF",0.244384765625,6.13200320131934e-09,-56.1844609625519
"NGF",0.24462890625,6.06441749879995e-09,-56.2325937694309
"NGF",0.244873046875,5.90444276050808e-09,-56.3486955239365
"NGF",0.2451171875,5.65644309232669e-09,-56.5350504698385
"NGF",0.245361328125,5.328869547484e-09,-56.7941338047232
"NGF",0.24560546875,4.93416746260981e-09,-57.1283458407707
"NGF",0.245849609375,4.48840311679029e-09,-57.5395661389387
"NGF",0.24609375,4.01060627325955e-09,-58.0283844038162
"NGF",0.246337890625,3.52185630815538e-09,-58.5927683640397
"NGF",0.24658203125,3.04417008868268e-09,-59.2257955480442
"NGF",0.246826171875,2.59927561547626e-09,-59.911961365956
"NGF",0.2470703125,2.20737261115912e-09,-60.6217281959941
"NGF",0.247314453125,1.88598629197358e-09,-61.3050993736425
"NGF",0.24755859375,1.649011751783e-09,-61.888247184869
"NGF",0.247802734375,1.50602447129602e-09,-62.2821644042312
"NGF",0.248046875,1.46190091450365e-09,-62.4113053139122
"NGF",0.248291015625,1.5167575730095e-09,-62.2513229716087
"NGF",0.24853515625,1.66618352133041e-09,-61.8432563421575
"NGF",0.248779296875,1.9017160198762e-09,-61.2690280420584
"NGF",0.2490234375,2.21149412593606e-09,-60.6136267901349
"NGF",0.249267578125,2.58102189369272e-09,-59.942567806768
"NGF",0.24951171875,2.99397821791101e-09,-59.2979983277261
"NGF",0.249755859375,3.43302093223139e-09,-58.7037201770182
"NGF",0.25,3.8805447214198e-09,-58.1715577633159
"NGF",0.250244140625,4.31936337261388e-09,-57.7062872794054
"NGF",0.25048828125,4.73329629939199e-09,-57.3088477746985
"NGF",0.250732421875,5.10764793994108e-09,-56.9782751460429
"NGF",0.2509765625,5.42957770820863e-09,-56.7128241603033
"NGF",0.251220703125,5.68836799655824e-09,-56.5106078480397
"NGF",0.25146484375,5.87560713331007e-09,-56.3699571975284
"NGF",0.251708984375,5.98531072952319e-09,-56.2896176728928
"NGF",0.251953125,6.01400575939019e-09,-56.2688462949619
"NGF",0.252197265625,5.96079538726736e-09,-56.3074425485563
"NGF",0.25244140625,5.8274096501207e-09,-56.4057292035363
"NGF",0.252685546875,5.61823090094675e-09,-56.5644888507799
"NGF",0.2529296875,5.3402685053531e-09,-56.7848537553675
"NGF",0.253173828125,5.00304987593349e-09,-57.0681363673598
"NGF",0.25341796875,4.61839790658712e-09,-57.4155712153362
"NGF",0.253662109375,4.20007832530004e-09,-57.8279107974013
"NGF",0.25390625,3.76332092803996e-09,-58.3047721355568
"NGF",0.254150390625,3.32424006435278e-09,-58.8435608977884
"NGF",0.25439453125,2.89919562769724e-09,-59.4377094813477
"NGF",0.254638671875,2.50414153038996e-09,-60.0738959825227
"NGF",0.2548828125,2.15400313553437e-09,-60.7280213801338
"NGF",0.255126953125,1.86211124394709e-09,-61.3604284666441
"NGF",0.25537109375,1.63970373193661e-09,-61.912830840529
"NGF",0.255615234375,1.49549326879455e-09,-62.312640065535
"NGF",0.255859375,1.43529548810563e-09,-62.4910714953195
"NGF",0.256103515625,1.46171787134401e-09,-62.4118491237596
"NGF",0.25634765625,1.57392283301983e-09,-62.0906503340427
"NGF",0.256591796875,1.76749353200712e-09,-61.5869063596063
"NGF",0.2568359375,2.03444129091499e-09,-60.9760330749321
"NGF",0.257080078125,2.36339403387465e-09,-60.3251233430255
"NGF",0.25732421875,2.73999374188949e-09,-59.682988982701
"NGF",0.257568359375,3.14750907921406e-09,-59.0808147763354
"NGF",0.2578125,3.56764153027652e-09,-58.5366725834228
"NGF",0.258056640625,3.9814755070801e-09,-58.0600442075588
"NGF",0.25830078125,4.37050052902118e-09,-57.6551729202794
"NGF",0.258544921875,4.7176206693357e-09,-57.3232545161804
"NGF",0.2587890625,5.00806471587367e-09,-57.063785368326
"NGF",0.259033203125,5.23011962010779e-09,-56.8753684726908
"NGF",0.25927734375,5.3756281856775e-09,-56.7561924678891
"NGF",0.259521484375,5.44021728303329e-09,-56.7043222334214
"NGF",0.259765625,5.42325252364343e-09,-56.7178864214942
"NGF",0.260009765625,5.32754620861639e-09,-56.7952124390107
"NGF",0.26025390625,5.15887374211859e-09,-56.9349357005517
"NGF",0.260498046875,4.92537517625671e-09,-57.1360915194467
"NGF",0.2607421875,4.63692865684777e-09,-57.3981805521709
"NGF",0.260986328125,4.30457788181045e-09,-57.7211789934612
"NGF",0.26123046875,3.94007540064387e-09,-58.1054393623383
"NGF",0.261474609375,3.55557043601946e-09,-58.5513918271276
"NGF",0.26171875,3.16343044314883e-09,-59.0589017944527
"NGF",0.261962890625,2.77614903502525e-09,-59.6260569205737
"NGF",0.26220703125,2.40626873741463e-09,-60.2470434048783
"NGF",0.262451171875,2.06624235796387e-09,-60.9086720883242
"NGF",0.2626953125,1.76817371017034e-09,-61.5852354013039
"NGF",0.262939453125,1.52341316430777e-09,-62.232307650154
"NGF",0.26318359375,1.34202688171497e-09,-62.7828725403343
"NGF",0.263427734375,1.23219874937125e-09,-63.1536770550122
"NGF",0.263671875,1.19964986251372e-09,-63.2699396059352
"NGF",0.263916015625,1.2471649705138e-09,-63.1012456497227
"NGF",0.26416015625,1.37429796815323e-09,-62.679675647601
"NGF",0.264404296875,1.57729504394094e-09,-62.0813553045583
"NGF",0.2646484375,1.84923468274864e-09,-61.3905643905046
"NGF",0.264892578125,2.18034961315323e-09,-60.6752233203674
"NGF",0.26513671875,2.55847568673722e-09,-59.9806717495292
"NGF",0.265380859375,2.96957010463626e-09,-59.3335488675297
"NGF",0.265625,3.39825397925465e-09,-58.7479263505146
"NGF",0.265869140625,3.82835494807651e-09,-58.2303627234054
"NGF",0.26611328125,4.24344566962528e-09,-57.7832982305018
"NGF",0.266357421875,4.62738621563572e-09,-57.4071272062623
"NGF",0.2666015625,4.96487924275325e-09,-57.101397792463
"NGF",0.266845703125,5.24203774609972e-09,-56.8654832534249
"NGF",0.26708984375,5.44695123547306e-09,-56.6989498195491
"NGF",0.267333984375,5.57022369552893e-09,-56.6017583274118
"NGF",0.267578125,5.60545059104738e-09,-56.5743794031253
"NGF",0.267822265625,5.5496039191696e-09,-56.6178648097518
"NGF",0.26806640625,5.40330154236897e-09,-56.7338926425524
"NGF",0.268310546875,5.17094496106104e-09,-56.9247855395207
"NGF",0.2685546875,4.86071358418229e-09,-57.1934843798788
"NGF",0.268798828125,4.48440139283292e-09,-57.543439903816
"NGF",0.26904296875,4.05707582096539e-09,-57.9783534504348
"NGF",0.269287109375,3.5965346832331e-09,-58.5016421638662
"NGF",0.26953125,3.1225426030927e-09,-59.1154009669029
"NGF",0.269775390625,2.65584929750367e-09,-59.8184504121338
"NGF",0.27001953125,2.21702877846441e-09,-60.6027713859486
"NGF",0.270263671875,1.82522470768354e-09,-61.44732130075
"NGF",0.2705078125,1.49693039846006e-09,-62.3084686138898
"NGF",0.270751953125,1.24495718634395e-09,-63.1089405272021
"NGF",0.27099609375,1.07773923456608e-09,-63.7353477574697
"NGF",0.271240234375,9.9908069693905e-10,-64.0644790104279
"NGF",0.271484375,1.00837736113605e-09,-64.0242538230705
"NGF",0.271728515625,1.10125474918044e-09,-63.6416067484188
"NGF",0.27197265625,1.27048048975858e-09,-63.0208046901106
"NGF",0.272216796875,1.50695381281189e-09,-62.2794852750316
"NGF",0.2724609375,1.80056633792317e-09,-61.5063934253753
"NGF",0.272705078125,2.14077122576879e-09,-60.7547821041917
"NGF",0.27294921875,2.51678331213605e-09,-60.0520264352673
"NGF",0.273193359375,2.91743967934508e-09,-59.4104658378227
"NGF",0.2734375,3.33085003081109e-09,-58.8349338984201
"NGF",0.273681640625,3.74403200818759e-09,-58.3270891625002
"NGF",0.27392578125,4.14273976091624e-09,-57.8876081657218
"NGF",0.274169921875,4.5116502566845e-09,-57.5171304341477
"NGF",0.2744140625,4.83498201413283e-09,-57.2165360629816
"NGF",0.274658203125,5.09750847993267e-09,-56.9869051224959
"NGF",0.27490234375,5.28582232698431e-09,-56.8293590812303
"NGF",0.275146484375,5.38963454100262e-09,-56.7448915151562
"NGF",0.275390625,5.40287102883317e-09,-56.7342386848756
"NGF",0.275634765625,5.32436375219493e-09,-56.797807510334
"NGF",0.27587890625,5.15801312261048e-09,-56.9356602646749
"NGF",0.276123046875,4.91240287207356e-09,-57.1475449256161
"NGF",0.2763671875,4.59995225316571e-09,-57.4329514537709
"NGF",0.276611328125,4.23576948515817e-09,-57.7911615183321
"NGF",0.27685546875,3.83640866277643e-09,-58.2212360619249
"NGF",0.277099609375,3.41872454965725e-09,-58.721843585396
"NGF",0.27734375,2.99897162916497e-09,-59.2907611189703
"NGF",0.277587890625,2.59222007937822e-09,-59.9237659882109
"NGF",0.27783203125,2.21208109583874e-09,-60.6124742482271
"NGF",0.278076171875,1.87066601302385e-09,-61.3405221328186
"NGF",0.2783203125,1.57866223296472e-09,-62.0775924989574
"NGF",0.278564453125,1.34540100067494e-09,-62.7719672280454
"NGF",0.27880859375,1.17881632350536e-09,-63.3460232811286
"NGF",0.279052734375,1.08524235923148e-09,-63.705217323453
"NGF",0.279296875,1.0690551752617e-09,-63.7704834890527
"NGF",0.279541015625,1.13221920189559e-09,-63.5211795313108
"NGF",0.27978515625,1.27383616080141e-09,-63.0093489598526
"NGF",0.280029296875,1.48980664074503e-09,-62.3291856337827
"NGF",0.2802734375,1.77270004915937e-09,-61.574132124257
"NGF",0.280517578125,2.11189209616626e-09,-60.8137674433937
"NGF",0.28076171875,2.49398004456463e-09,-60.0915549499406
"NGF",0.281005859375,2.90343691739576e-09,-59.4313607455767
"NGF",0.28125,3.32342818747846e-09,-58.8446217017723
"NGF",0.281494140625,3.73669599386878e-09,-58.3356070274947
"NGF",0.28173828125,4.12641888980605e-09,-57.9047515626895
"NGF",0.281982421875,4.47697593808341e-09,-57.5506370893429
"NGF",0.2822265625,4.77457462299813e-09,-57.2711378374387
"NGF",0.282470703125,5.00773278577891e-09,-57.0640732244025
"NGF",0.28271484375,5.16762719551686e-09,-56.9275729405191
"NGF",0.282958984375,5.24833086441305e-09,-56.860272632165
"NGF",0.283203125,5.24695817108505e-09,-56.8614086716568
"NGF",0.283447265625,5.16372594019996e-09,-56.9308528472552
"NGF",0.28369140625,5.00192671426194e-09,-57.0691114479387
"NGF",0.283935546875,4.76780384802166e-09,-57.2773008935633
"NGF",0.2841796875,4.47032009028919e-09,-57.5570984794511
"NGF",0.284423828125,4.12082121452441e-09,-57.9106469648576
"NGF",0.28466796875,3.73260966639756e-09,-58.3403589274163
"NGF",0.284912109375,3.32045416020602e-09,-58.8485098010857
"NGF",0.28515625,2.90006473531878e-09,-59.4364077682898
"NGF",0.285400390625,2.48755724786812e-09,-60.1027538491782
"NGF",0.28564453125,2.09891898448012e-09,-60.8405279346008
"NGF",0.285888671875,1.74947368115936e-09,-61.6314105576679
"NGF",0.2861328125,1.45333639052026e-09,-62.4368232105224
"NGF",0.286376953125,1.22285130095529e-09,-63.1867481924667
"NGF",0.28662109375,1.06801973499943e-09,-63.7746919145531
"NGF",0.286865234375,9.95947366734902e-10,-64.0781208148847
"NGF",0.287109375,1.01036175184668e-09,-64.0157157191858
"NGF",0.287353515625,1.11126498434165e-09,-63.6023083910663
"NGF",0.28759765625,1.29478508247614e-09,-62.9385078201825
"NGF",0.287841796875,1.5532714442722e-09,-62.1480111102651
"NGF",0.2880859375,1.87564772331122e-09,-61.3289719492742
"NGF",0.288330078125,2.24799757580069e-09,-60.5425263060652
"NGF",0.28857421875,2.65432471640575e-09,-59.8209441804152
"NGF",0.288818359375,3.07740719926086e-09,-59.1786350373311
"NGF",0.2890625,3.49966154061485e-09,-58.6202242429004
"NGF",0.289306640625,3.90394478812532e-09,-58.1454480217755
"NGF",0.28955078125,4.27424682049595e-09,-57.7518887186363
"NGF",0.289794921875,4.5962532530248e-09,-57.4364451891715
"NGF",0.2900390625,4.85778354668925e-09,-57.1961030957902
"NGF",0.290283203125,5.04912384805644e-09,-57.0283244569676
"NGF",0.29052734375,5.16327793467893e-09,-56.9312296580478
"NGF",0.290771484375,5.19615412350868e-09,-56.9036644493608
"NGF",0.291015625,5.14669507626651e-09,-56.9452003058964
"NGF",0.291259765625,5.01694555090727e-09,-57.056090815291
"NGF",0.29150390625,4.81204374942647e-09,-57.2371890202862
"NGF",0.291748046875,4.54011675877745e-09,-57.489814473598
"NGF",0.2919921875,4.21205995555562e-09,-57.8155392475068
"NGF",0.292236328125,3.84118373798303e-09,-58.2158338759998
"NGF",0.29248046875,3.44271826744727e-09,-58.6914698520901
"NGF",0.292724609375,3.03317818367433e-09,-59.2415054553334
"NGF",0.29296875,2.62960468965599e-09,-59.8615800357043
"NGF",0.293212890625,2.24872134763483e-09,-60.5411282639737
"NGF",0.29345703125,1.90606007506181e-09,-61.2591188458892
"NGF",0.293701171875,1.61513095622353e-09,-61.9784072809931
"NGF",0.2939453125,1.38671818744545e-09,-62.64060257607
"NGF",0.294189453125,1.22837979874078e-09,-63.1671580350727
"NGF",0.29443359375,1.14420824753146e-09,-63.4754339530328
"NGF",0.294677734375,1.13487411109274e-09,-63.5110078022978
"NGF",0.294921875,1.19793193399158e-09,-63.2761632685125
"NGF",0.295166015625,1.32832519589068e-09,-62.8274405867603
"NGF",0.29541015625,1.5189966479866e-09,-62.2449165367483
"NGF",0.295654296875,1.76149907990921e-09,-61.6016604849804
"NGF",0.2958984375,2.04651331319541e-09,-60.9503389495961
"NGF",0.296142578125,2.3642122281624e-09,-60.3236200991081
"NGF",0.29638671875,2.70445382988761e-09,-59.739688975507
"NGF",0.296630859375,3.05683151451926e-09,-59.2077696708991
"NGF",0.296875,3.41064469495221e-09,-58.7321199017717
"NGF",0.297119140625,3.75486992463767e-09,-58.3145357229994
"NGF",0.29736328125,4.07820900523593e-09,-57.9557898988081
"NGF",0.297607421875,4.36926916503268e-09,-57.6563966930049
"NGF",0.2978515625,4.61689820080204e-09,-57.416981703847
"NGF",0.298095703125,4.81066299645168e-09,-57.2384353502799
"NGF",0.29833984375,4.94143052590916e-09,-57.1219577539227
"NGF",0.298583984375,5.00199090679565e-09,-57.0690557128473
"NGF",0.298828125,4.98765351645111e-09,-57.0815219299078
"NGF",0.299072265625,4.89674822832627e-09,-57.1614069430284
"NGF",0.29931640625,4.7309719785852e-09,-57.310980934265
"NGF",0.299560546875,4.49553397001339e-09,-57.5326718545587
"NGF",0.2998046875,4.19906977567697e-09,-57.8289537782676
"NGF",0.300048828125,3.85331515913892e-09,-58.2021393815262
"NGF",0.30029296875,3.47255415546698e-09,-58.6539944176051
"NGF",0.300537109375,3.07288113255277e-09,-59.1850270828576
"NGF",0.30078125,2.67133958956042e-09,-59.7931936868088
"NGF",0.301025390625,2.28501637960631e-09,-60.47159151613
"NGF",0.30126953125,1.9301740202319e-09,-61.2045200336318
"NGF",0.301513671875,1.62149306265636e-09,-61.9613337422714
"NGF",0.3017578125,1.37147221404856e-09,-62.6886145592118
"NGF",0.302001953125,1.19000143902055e-09,-63.3050098260103
"NGF",0.30224609375,1.08409122245242e-09,-63.7098264107986
"NGF",0.302490234375,1.0577188923635e-09,-63.8167820762903
"NGF",0.302734375,1.11174729906387e-09,-63.6004238614372
"NGF",0.302978515625,1.24388407305486e-09,-63.1126856210849
"NGF",0.30322265625,1.44867678840422e-09,-62.4507696752773
"NGF",0.303466796875,1.71757105819208e-09,-61.7113375572677
"NGF",0.3037109375,2.0390829583903e-09,-60.9661357412208
"NGF",0.303955078125,2.39914386896741e-09,-60.2599217717192
"NGF",0.30419921875,2.78165970606191e-09,-59.6174446961573
"NGF",0.304443359375,3.16928975562184e-09,-59.0508652233709
"NGF",0.3046875,3.54440207328114e-09,-58.5650548724516
"NGF",0.304931640625,3.89011623480788e-09,-58.1608589113814
"NGF",0.30517578125,4.1913138824344e-09,-57.8369828332765
"NGF",0.305419921875,4.43549269729477e-09,-57.5910660061943
"NGF",0.3056640625,4.61336265781559e-09,-57.4203087319953
"NGF",0.305908203125,4.71912926583756e-09,-57.3218659551901
"NGF",0.30615234375,4.75046509542398e-09,-57.2931233775679
"NGF",0.306396484375,4.70822410173547e-09,-57.3319134298557
"NGF",0.306640625,4.59598976397425e-09,-57.4366941639658
"NGF",0.306884765625,4.41956066082453e-09,-57.6066936996949
"NGF",0.30712890625,4.18646483153016e-09,-57.8420102190723
"NGF",0.307373046875,3.90556320060159e-09,-58.1436479913025
"NGF",0.3076171875,3.58676263996478e-09,-58.5134583170767
"NGF",0.307861328125,3.24082201864315e-09,-58.9539328831955
"NGF",0.30810546875,2.87920865334651e-09,-59.4677533026708
"NGF",0.308349609375,2.51395234710883e-09,-60.0569142795225
"NGF",0.30859375,2.15744928141536e-09,-60.7210787431106
"NGF",0.308837890625,1.82218425442712e-09,-61.4545617960787
"NGF",0.30908203125,1.52036122432329e-09,-62.2410168445246
"NGF",0.309326171875,1.26345323645909e-09,-63.0448929693215
"NGF",0.3095703125,1.06169975690754e-09,-63.8004675124981
"NGF",0.309814453125,9.2359055705932e-10,-64.4056898519847
"NGF",0.31005859375,8.55380640721877e-10,-64.7388905224337
"NGF",0.310302734375,8.60681052433401e-10,-64.7120622692584
"NGF",0.310546875,9.40166392241794e-10,-64.3284374659291
"NGF",0.310791015625,1.09143165140755e-09,-63.6805192504278
"NGF",0.31103515625,1.30901856708743e-09,-62.8910266255182
"NGF",0.311279296875,1.5846156015708e-09,-62.0612454164547
"NGF",0.3115234375,1.907417605909e-09,-61.2560268221241
"NGF",0.311767578125,2.26461428694054e-09,-60.5105422631559
"NGF",0.31201171875,2.64196454887248e-09,-59.8412148341937
"NGF",0.312255859375,3.02440991201571e-09,-59.2540781644597
"NGF",0.3125,3.39668589968749e-09,-58.7499308077355
"NGF",0.312744140625,3.74390402745341e-09,-58.3272376181664
"NGF",0.31298828125,4.05209442502196e-09,-57.9836891209828
"NGF",0.313232421875,4.30871399030764e-09,-57.7170080231478
"NGF",0.3134765625,4.50313136653675e-09,-57.5253385266762
"NGF",0.313720703125,4.62709447132048e-09,-57.4074010259407
"NGF",0.31396484375,4.67516945158869e-09,-57.3625111266462
"NGF",0.314208984375,4.64511695585953e-09,-57.3905181593152
"NGF",0.314453125,4.53815095175547e-09,-57.4916953151477
"NGF",0.314697265625,4.35901612683935e-09,-57.6665999340984
"NGF",0.31494140625,4.11582890016779e-09,-57.9159115683367
"NGF",0.315185546875,3.81965579868914e-09,-58.2402424014827
"NGF",0.3154296875,3.48384657688198e-09,-58.6398944805706
"NGF",0.315673828125,3.1231875149743e-09,-59.1145040928235
"NGF",0.31591796875,2.75297946513067e-09,-59.6624549722812
"NGF",0.316162109375,2.38816314558142e-09,-60.2798447719471
"NGF",0.31640625,2.0426037027454e-09,-60.9586435432557
"NGF",0.316650390625,1.72860826841471e-09,-61.6835188314813
"NGF",0.31689453125,1.45669301936e-09,-62.4268043012669
"NGF",0.317138671875,1.23555519603367e-09,-63.1418631773289
"NGF",0.3173828125,1.07215780399737e-09,-63.7578975810146
"NGF",0.317626953125,9.71814452852126e-10,-64.1846511555373
"NGF",0.31787109375,9.38175703111547e-10,-64.3376428777684
"NGF",0.318115234375,9.73063300744642e-10,-64.1790737579657
"NGF",0.318359375,1.0761623692942e-09,-63.7417066738417
"NGF",0.318603515625,1.24464560216942e-09,-63.1100276025297
"NGF",0.31884765625,1.47284863641818e-09,-62.3789035216037
"NGF",0.319091796875,1.75212791104138e-09,-61.6248266126822
"NGF",0.3193359375,2.07100649036577e-09,-60.8986700922946
"NGF",0.319580078125,2.41565553935583e-09,-60.2301346306985
"NGF",0.31982421875,2.7706846640204e-09,-59.6346136831194
"NGF",0.320068359375,3.12014340938916e-09,-59.1187391345945
"NGF",0.3203125,3.44858814688362e-09,-58.6840713801259
"NGF",0.320556640625,3.74205617142779e-09,-58.3293816682823
"NGF",0.32080078125,3.98881471095007e-09,-58.0520460630597
"NGF",0.321044921875,4.17980864488427e-09,-57.8489206930101
"NGF",0.3212890625,4.30880082159898e-09,-57.7169205029021
"NGF",0.321533203125,4.37226354503699e-09,-57.6534213732147
"NGF",0.32177734375,4.36912217208132e-09,-57.6565428027984
"NGF",0.322021484375,4.30046219588698e-09,-57.725333349062
"NGF",0.322265625,4.16928971337432e-09,-57.8598639497102
"NGF",0.322509765625,3.98039087409475e-09,-58.061227473142
"NGF",0.32275390625,3.74028368204291e-09,-58.3314392662758
"NGF",0.322998046875,3.45721131800899e-09,-58.6732254307127
"NGF",0.3232421875,3.14110222042908e-09,-59.0896639935847
"NGF",0.323486328125,2.80342379071311e-09,-59.5835971459199
"NGF",0.32373046875,2.45688116467259e-09,-60.1566431829498
"NGF",0.323974609375,2.11495102778809e-09,-60.807481535368
"NGF",0.32421875,1.79128086106146e-09,-61.5288478346132
"NGF",0.324462890625,1.49901496529651e-09,-62.3024250055431
"NGF",0.32470703125,1.25012278525442e-09,-63.0909579828885
"NGF",0.324951171875,1.0548007326078e-09,-63.8287804640954
"NGF",0.3251953125,9.20999573990008e-10,-64.4178903985539
"NGF",0.325439453125,8.54102773747199e-10,-64.7453833690373
"NGF",0.32568359375,8.56755177279927e-10,-64.7319173166365
"NGF",0.325927734375,9.2882273114346e-10,-64.3811563378889
"NGF",0.326171875,1.06745595333553e-09,-63.7769850548839
"NGF",0.326416015625,1.26723228958008e-09,-63.0319223878698
"NGF",0.32666015625,1.52036202921279e-09,-62.2410145453409
"NGF",0.326904296875,1.81695427514007e-09,-61.4670447103185
"NGF",0.3271484375,2.14534881202137e-09,-60.7455055501602
"NGF",0.327392578125,2.4925232158579e-09,-60.0940925706073
"NGF",0.32763671875,2.8445808745585e-09,-59.5203018342017
"NGF",0.327880859375,3.18731550855059e-09,-59.0262341327555
"NGF",0.328125,3.50683368219994e-09,-58.6113329998388
"NGF",0.328369140625,3.79020197710072e-09,-58.2738611534748
"NGF",0.32861328125,4.02607341326778e-09,-58.0116677941914
"NGF",0.328857421875,4.20524132464104e-09,-57.8225754562144
"NGF",0.3291015625,4.32107021058118e-09,-57.7045714619913
"NGF",0.329345703125,4.36976275748831e-09,-57.6559061020976
"NGF",0.32958984375,4.35043940021531e-09,-57.6751534567338
"NGF",0.329833984375,4.26502910829835e-09,-57.761264696486
"NGF",0.330078125,4.117993927658e-09,-57.9136276729129
"NGF",0.330322265625,3.91593088129022e-09,-58.1321345154802
"NGF",0.33056640625,3.66710893833298e-09,-58.4172465748612
"NGF",0.330810546875,3.38100272861187e-09,-58.7700294790872
"NGF",0.3310546875,3.0678771737377e-09,-59.1921050106107
"NGF",0.331298828125,2.73845920824472e-09,-59.685421930534
"NGF",0.33154296875,2.40370756189866e-09,-60.2516683943988
"NGF",0.331787109375,2.07466420928955e-09,-60.8910065431503
"NGF",0.33203125,1.76234738063126e-09,-61.5995695179997
"NGF",0.332275390625,1.47763135955837e-09,-62.3648236966912
"NGF",0.33251953125,1.23105648871193e-09,-63.1577048758334
"NGF",0.332763671875,1.03252525086623e-09,-63.9214778784474
"NGF",0.3330078125,8.90865544068073e-10,-64.5623630707972
"NGF",0.333251953125,8.13276146990403e-10,-64.9581043433601
"NGF",0.33349609375,8.04705572528323e-10,-65.0041146037312
"NGF",0.333740234375,8.67246619580859e-10,-64.6790585347692
"NGF",0.333984375,9.99647734606538e-10,-64.0620148303748
"NGF",0.334228515625,1.19704318908204e-09,-63.2793864922031
"NGF",0.33447265625,1.45098443140445e-09,-62.4438571654576
"NGF",0.334716796875,1.74981608584168e-09,-61.6305606454029
"NGF",0.3349609375,2.07938751455145e-09,-60.8811303719711
"NGF",0.335205078125,2.42403389918182e-09,-60.2150978019058
"NGF",0.33544921875,2.76771086927541e-09,-59.6392774987116
"NGF",0.335693359375,3.0951350639925e-09,-59.1536886386843
"NGF",0.3359375,3.39277804407498e-09,-58.7549302018852
"NGF",0.336181640625,3.64958577926746e-09,-58.4380489347565
"NGF",0.33642578125,3.85734697284867e-09,-58.1975976325147
"NGF",0.336669921875,4.01070073282912e-09,-58.028282118067
"NGF",0.3369140625,4.1068430068151e-09,-57.9254036786768
"NGF",0.337158203125,4.14504602255953e-09,-57.8851911227201
"NGF",0.33740234375,4.12613274782415e-09,-57.9050527298661
"NGF",0.337646484375,4.05204240563727e-09,-57.983744874562
"NGF",0.337890625,3.92558494430227e-09,-58.1214408983131
"NGF",0.338134765625,3.75042178597725e-09,-58.3196835636846
"NGF",0.33837890625,3.53124262542774e-09,-58.5812091097553
"NGF",0.338623046875,3.27405069828095e-09,-58.9096306904284
"NGF",0.3388671875,2.98643611656747e-09,-59.308952400634
"NGF",0.339111328125,2.67771626346291e-09,-59.7828391282598
"NGF",0.33935546875,2.35885293748013e-09,-60.3334760349783
"NGF",0.339599609375,2.04210887966606e-09,-60.9596957540519
"NGF",0.33984375,1.74046698853794e-09,-61.6538267873978
"NGF",0.340087890625,1.46688807125038e-09,-62.3965149226659
"NGF",0.34033203125,1.23351454178964e-09,-63.1490419545491
"NGF",0.340576171875,1.05093152916238e-09,-63.8447404759862
"NGF",0.3408203125,9.27574612798977e-10,-64.3869961543831
"NGF",0.341064453125,8.69333016001574e-10,-64.6686229535843
"NGF",0.34130859375,8.79351000500028e-10,-64.6188620711773
"NGF",0.341552734375,9.57991458495898e-10,-64.2468683226609
"NGF",0.341796875,1.10290432332048e-09,-63.6351063003414
"NGF",0.342041015625,1.30914286606734e-09,-62.890614257049
"NGF",0.34228515625,1.56929118388847e-09,-62.1034493423502
"NGF",0.342529296875,1.87359859976399e-09,-61.3337191601066
"NGF",0.3427734375,2.21015040453283e-09,-60.6162663999207
"NGF",0.343017578125,2.56512829613761e-09,-59.969393777281
"NGF",0.34326171875,2.92321969008071e-09,-59.4018701385069
"NGF",0.343505859375,3.2682193894076e-09,-58.9173726695967
"NGF",0.34375,3.58383229332219e-09,-58.5170079066425
"NGF",0.343994140625,3.85463948236495e-09,-58.2006470367947
"NGF",0.34423828125,4.06714313139655e-09,-57.9675901275076
"NGF",0.344482421875,4.2107700372134e-09,-57.8168694522551
"NGF",0.3447265625,4.27869884217695e-09,-57.7473674958898
"NGF",0.344970703125,4.26838761214578e-09,-57.7578461835703
"NGF",0.34521484375,4.18171578276549e-09,-57.8469395722717
"NGF",0.345458984375,4.02471118960837e-09,-58.0131374800748
"NGF",0.345703125,3.80689785717253e-09,-58.2547724474758
"NGF",0.345947265625,3.54036010997254e-09,-58.5700103035755
"NGF",0.34619140625,3.23866084312507e-09,-58.9568299867353
"NGF",0.346435546875,2.91576763348002e-09,-59.4129555841102
"NGF",0.3466796875,2.58512681737577e-09,-59.9356661623166
"NGF",0.346923828125,2.25898632731924e-09,-60.5213486683955
"NGF",0.34716796875,1.94801229797215e-09,-61.1645677487827
"NGF",0.347412109375,1.6611849576268e-09,-61.8563047933927
"NGF",0.34765625,1.40590910680935e-09,-62.5809122507594
"NGF",0.347900390625,1.18824364128048e-09,-63.3114297026172
"NGF",0.34814453125,1.01314797642334e-09,-64.003755878254
"NGF",0.348388671875,8.84659671843309e-10,-64.5927223922405
"NGF",0.3486328125,8.05950545898849e-10,-64.997400753811
"NGF",0.348876953125,7.79248458746147e-10,-65.1437251719785
"NGF",0.34912109375,8.05648717499619e-10,-64.9990274908389
"NGF",0.349365234375,8.84864957083911e-10,-64.5917147289828
"NGF",0.349609375,1.01498054739224e-09,-63.9959075030968
"NGF",0.349853515625,1.1922585282689e-09,-63.2967803152726
"NGF",0.35009765625,1.41105458865676e-09,-62.5650465378859
"NGF",0.350341796875,1.66385908763781e-09,-61.849319260917
"NGF",0.3505859375,1.94147564446848e-09,-61.1791652241391
"NGF",0.350830078125,2.2333287448234e-09,-60.5709581347099
"NGF",0.35107421875,2.5278822040092e-09,-60.0329163663924
"NGF",0.351318359375,2.8131434242495e-09,-59.5685659453193
"NGF",0.3515625,3.07722358247243e-09,-59.1788941715046
"NGF",0.351806640625,3.30891989631905e-09,-58.8636221545925
"NGF",0.35205078125,3.49828272216126e-09,-58.6219356405086
"NGF",0.352294921875,3.63712840581335e-09,-58.4528983543537
"NGF",0.3525390625,3.71946015125743e-09,-58.3556855894897
"NGF",0.352783203125,3.74176506941142e-09,-58.3297195277671
"NGF",0.35302734375,3.70316630919697e-09,-58.3747525251623
"NGF",0.353271484375,3.60542354950789e-09,-58.4909217808566
"NGF",0.353515625,3.45279062620428e-09,-58.6787822520694
"NGF",0.353759765625,3.25175258001532e-09,-58.9393097567275
"NGF",0.35400390625,3.01067322685524e-09,-59.2738484865251
"NGF",0.354248046875,2.73938700993395e-09,-59.6839507714625
"NGF",0.3544921875,2.44876561549545e-09,-60.1710125071124
"NGF",0.354736328125,2.15028239500991e-09,-60.7355296993166
"NGF",0.35498046875,1.8555887362951e-09,-61.3756674154722
"NGF",0.355224609375,1.57610891112262e-09,-62.0846224467921
"NGF",0.35546875,1.32265556294256e-09,-62.8460170630306
"NGF",0.355712890625,1.10506755324473e-09,-63.6265964173147
"NGF",0.35595703125,9.3187465553054e-10,-64.3669096890939
"NGF",0.356201171875,8.09997846597642e-10,-64.9756460487268
"NGF",0.3564453125,7.44497574897412e-10,-65.3418518173506
"NGF",0.356689453125,7.38383566865677e-10,-65.3776644650689
"NGF",0.35693359375,7.92497519799592e-10,-65.0705055744479
"NGF",0.357177734375,9.05474652542834e-10,-64.4917217179611
"NGF",0.357421875,1.07378290457628e-09,-63.7513198377801
"NGF",0.357666015625,1.2918317159649e-09,-62.9484252639803
"NGF",0.35791015625,1.55213805660832e-09,-62.1511812173315
"NGF",0.358154296875,1.84553739088296e-09,-61.3992562067207
"NGF",0.3583984375,2.16143200789016e-09,-60.7130689067416
"NGF",0.358642578125,2.488077433648e-09,-60.1018457687863
"NGF",0.35888671875,2.81291671308181e-09,-59.5689159572522
"NGF",0.359130859375,3.12297846089162e-09,-59.1147948024682
"NGF",0.359375,3.40535403976328e-09,-58.73886198875
"NGF",0.359619140625,3.64775966084275e-09,-58.4402225283686
"NGF",0.35986328125,3.83917067999111e-09,-58.2181104896822
"NGF",0.360107421875,3.97049094013909e-09,-58.0720425978301
"NGF",0.3603515625,4.03519542040644e-09,-58.0018389716155
"NGF",0.360595703125,4.0298668670125e-09,-58.0075777039149
"NGF",0.36083984375,3.95454317290232e-09,-58.0895214794595
"NGF",0.361083984375,3.8128061200541e-09,-58.2480374706603
"NGF",0.361328125,3.61157357050362e-09,-58.483520029729
"NGF",0.361572265625,3.36060140163317e-09,-58.7963146498147
"NGF",0.36181640625,3.07174958317499e-09,-59.1866266115488
"NGF",0.362060546875,2.75810801146826e-09,-59.6543719940052
"NGF",0.3623046875,2.43310207422676e-09,-60.1988814020345
"NGF",0.362548828125,2.10969890756484e-09,-60.8182799117603
"NGF",0.36279296875,1.79981172015246e-09,-61.5082139360732
"NGF",0.363037109375,1.51395596788828e-09,-62.2593522490365
"NGF",0.36328125,1.26115690305541e-09,-63.0527934778812
"NGF",0.363525390625,1.04905500181415e-09,-63.8525021037621
"NGF",0.36376953125,8.84115699643767e-10,-64.5953936656631
"NGF",0.364013671875,7.71831605715302e-10,-65.1852591065399
"NGF",0.3642578125,7.16813059075303e-10,-65.5064256035957
"NGF",0.364501953125,7.22695124037194e-10,-65.4709334458881
"NGF",0.36474609375,7.91839294072531e-10,-65.0741141987638
"NGF",0.364990234375,9.24865810825835e-10,-64.3996974383004
"NGF",0.365234375,1.12010528589031e-09,-63.5678962245189
"NGF",0.365478515625,1.3730944279889e-09,-62.6834806438315
"NGF",0.36572265625,1.67625119121823e-09,-61.8170936967997
"NGF",0.365966796875,2.01884551403761e-09,-61.0094538200701
"NGF",0.3662109375,2.3873351044134e-09,-60.2813508502444
"NGF",0.366455078125,2.76606984012021e-09,-59.6418532781472
"NGF",0.36669921875,3.1382967744106e-09,-59.0935445872758
"NGF",0.366943359375,3.48733641354555e-09,-58.635546246033
"NGF",0.3671875,3.79776464063581e-09,-58.2652042252231
"NGF",0.367431640625,4.05643312993976e-09,-57.9790414811457
"NGF",0.36767578125,4.25319596158838e-09,-57.7733307632622
"NGF",0.367919921875,4.38127376994703e-09,-57.6444807765157
"NGF",0.3681640625,4.43726357212864e-09,-57.5893324272356
"NGF",0.368408203125,4.4208727360809e-09,-57.6054045614315
"NGF",0.36865234375,4.33450092938841e-09,-57.6910936876123
"NGF",0.368896484375,4.18280260064465e-09,-57.8458109980042
"NGF",0.369140625,3.97233328939794e-09,-58.0700278934678
"NGF",0.369384765625,3.71132572057899e-09,-58.3651939775099
"NGF",0.36962890625,3.40957454412952e-09,-58.7334827922731
"NGF",0.369873046875,3.07835299989573e-09,-59.177300495417
"NGF",0.3701171875,2.73025832083767e-09,-59.6984472981761
"NGF",0.370361328125,2.37889367918706e-09,-60.2967343678842
"NGF",0.37060546875,2.03833933798377e-09,-60.9677198314587
"NGF",0.370849609375,1.7224300306039e-09,-61.6990688035372
"NGF",0.37109375,1.44391899422544e-09,-62.4650563974919
"NGF",0.371337890625,1.21365162073797e-09,-63.2195442897325
"NGF",0.37158203125,1.03988039292749e-09,-63.8906507956099
"NGF",0.371826171875,9.27825618112786e-10,-64.3858210955299
"NGF",0.3720703125,8.79532673848071e-10,-64.617964914259
"NGF",0.372314453125,8.94013094149005e-10,-64.5470458943867
"NGF",0.37255859375,9.67602872472531e-10,-64.2035132020931
"NGF",0.372802734375,1.09444157764161e-09,-63.6685588570875
"NGF",0.373046875,1.26697622008133e-09,-63.0328000549619
"NGF",0.373291015625,1.47642012266025e-09,-62.3683851344913
"NGF",0.37353515625,1.71313727801494e-09,-61.7225630369545
"NGF",0.373779296875,1.96696153989065e-09,-61.1225260095062
"NGF",0.3740234375,2.22748448914363e-09,-60.5823378061358
"NGF",0.374267578125,2.48434946527507e-09,-60.1083578258937
"NGF",0.37451171875,2.72757379983692e-09,-59.7027195906374
"NGF",0.374755859375,2.94789531901028e-09,-59.3653641168559
"NGF",0.375,3.13711444154997e-09,-59.0951810717245
"NGF",0.375244140625,3.28839000815403e-09,-58.890651492469
"NGF",0.37548828125,3.39645049244575e-09,-58.7502318058613
"NGF",0.375732421875,3.45770081542711e-09,-58.6726105681552
"NGF",0.3759765625,3.47023112408922e-09,-58.6569006856393
"NGF",0.376220703125,3.4337573271669e-09,-58.7027887001417
"NGF",0.37646484375,3.34953480842964e-09,-58.8106397382149
"NGF",0.376708984375,3.22028203102972e-09,-58.9815456046774
"NGF",0.376953125,3.0501313802968e-09,-59.2172992276966
"NGF",0.377197265625,2.84459780114612e-09,-59.5202759917242
"NGF",0.37744140625,2.61053173156439e-09,-59.8931949264866
"NGF",0.377685546875,2.3560109558063e-09,-60.33871163514
"NGF",0.3779296875,2.09013163731354e-09,-60.8587483015871
"NGF",0.378173828125,1.82268121521469e-09,-61.4533775146236
"NGF",0.37841796875,1.56370837515306e-09,-62.1189270693519
"NGF",0.378662109375,1.32303741498902e-09,-62.844763431266
"NGF",0.37890625,1.10979509171186e-09,-63.6080566943939
"NGF",0.379150390625,9.32019741767031e-10,-64.3662335761969
"NGF",0.37939453125,7.96403251093739e-10,-65.0491544492374
"NGF",0.379638671875,7.08181127671477e-10,-65.5590412011187
"NGF",0.3798828125,6.71144714976445e-10,-65.7923229454453
"NGF",0.380126953125,6.8771510120865e-10,-65.6863990825601
"NGF",0.38037109375,7.5900173115103e-10,-65.2580570272176
"NGF",0.380615234375,8.84776408955384e-10,-64.5921493477069
"NGF",0.380859375,1.06332457135331e-09,-63.7938261947866
"NGF",0.381103515625,1.29118262190298e-09,-62.9506079694429
"NGF",0.38134765625,1.56281992837831e-09,-62.1213952865223
"NGF",0.381591796875,1.8703625131133e-09,-61.3412267964467
"NGF",0.3818359375,2.20347081955361e-09,-60.6294116562322
"NGF",0.382080078125,2.5494704864912e-09,-59.9959848037176
"NGF",0.38232421875,2.89379471969253e-09,-59.4458074931953
"NGF",0.382568359375,3.22073869779298e-09,-58.9809297772673
"NGF",0.3828125,3.51446423195664e-09,-58.6018934147411
"NGF",0.383056640625,3.76014127369412e-09,-58.3084430689169
"NGF",0.38330078125,3.94508349603634e-09,-58.0999226986547
"NGF",0.383544921875,4.05973381247183e-09,-57.9755091036099
"NGF",0.3837890625,4.09838105365466e-09,-57.9343613398923
"NGF",0.384033203125,4.05953363762569e-09,-57.9757232481288
"NGF",0.38427734375,3.94592882734032e-09,-58.0989922154491
"NGF",0.384521484375,3.76420555536308e-09,-58.3037513785589
"NGF",0.384765625,3.52430589577838e-09,-58.589748727535
"NGF",0.385009765625,3.23869063213322e-09,-58.9567900407731
"NGF",0.38525390625,2.92145834402195e-09,-59.4044877092019
"NGF",0.385498046875,2.58744900500105e-09,-59.9317666995576
"NGF",0.3857421875,2.25139789457857e-09,-60.5359621355103
"NGF",0.385986328125,1.92718887872781e-09,-61.2112418836402
"NGF",0.38623046875,1.62724108953973e-09,-61.945965670615
"NGF",0.386474609375,1.36205063785036e-09,-62.7185521524075
"NGF",0.38671875,1.13989828108885e-09,-63.4918237040475
"NGF",0.386962890625,9.66723311292917e-10,-64.2074627799496
"NGF",0.38720703125,8.46152227103391e-10,-64.7859996730718
"NGF",0.387451171875,7.79658231056089e-10,-65.1414420095762
"NGF",0.3876953125,7.66815882234701e-10,-65.2135736979375
"NGF",0.387939453125,8.05606811154109e-10,-64.9992533978324
"NGF",0.38818359375,8.92729661756351e-10,-64.5532850432518
"NGF",0.388427734375,1.02387177988071e-09,-63.9580289609997
"NGF",0.388671875,1.19391152355951e-09,-63.2907632516722
"NGF",0.388916015625,1.39703679403492e-09,-62.6084062480395
"NGF",0.38916015625,1.6267847097537e-09,-61.9471838737655
"NGF",0.389404296875,1.87602599435563e-09,-61.3280961746724
"NGF",0.3896484375,2.13693245657571e-09,-60.7625767381784
"NGF",0.389892578125,2.40097429678853e-09,-60.256609583505
"NGF",0.39013671875,2.65899410710731e-09,-59.8133109432429
"NGF",0.390380859375,2.9013955824089e-09,-59.4344152370098
"NGF",0.390625,3.1184675794428e-09,-59.1210723581826
"NGF",0.390869140625,3.30084012268809e-09,-58.8742397952955
"NGF",0.39111328125,3.44004167667875e-09,-58.6948476501511
"NGF",0.391357421875,3.52910128179964e-09,-58.5838434679744
"NGF",0.3916015625,3.56312051849178e-09,-58.5421795705313
"NGF",0.391845703125,3.53973384510875e-09,-58.5707786079991
"NGF",0.39208984375,3.45938489724453e-09,-58.6704958409848
"NGF",0.392333984375,3.3253708770965e-09,-58.8420838016283
"NGF",0.392578125,3.14364332297586e-09,-59.0861520395476
"NGF",0.392822265625,2.92239391059215e-09,-59.4030971490554
"NGF",0.39306640625,2.67148909797226e-09,-59.7929506294994
"NGF",0.393310546875,2.40183846719001e-09,-60.2550467308215
"NGF",0.3935546875,2.12478279364864e-09,-60.787339283546
"NGF",0.393798828125,1.85156866056909e-09,-61.3850864781236
"NGF",0.39404296875,1.59294215340212e-09,-62.0384846418631
"NGF",0.394287109375,1.35885481863478e-09,-62.7287541040072
"NGF",0.39453125,1.15824256937498e-09,-63.4224894647066
"NGF",0.394775390625,9.98822782898559e-10,-64.065600292275
"NGF",0.39501953125,8.86861643006881e-10,-64.5819259721226
"NGF",0.395263671875,8.2689103018429e-10,-64.8860018828332
"NGF",0.3955078125,8.21393355604595e-10,-64.9149728372125
"NGF",0.395751953125,8.70510670773569e-10,-64.6627437007404
"NGF",0.39599609375,9.71857723453767e-10,-64.1844577877075
"NGF",0.396240234375,1.12051782028616e-09,-63.5662970138953
"NGF",0.396484375,1.30927304106197e-09,-62.8901824365598
"NGF",0.396728515625,1.52907254039395e-09,-62.2162037999859
"NGF",0.39697265625,1.76968730657373e-09,-61.5815193333023
"NGF",0.397216796875,2.02045297853126e-09,-61.0059972149315
"NGF",0.3974609375,2.27097863365456e-09,-60.4983542095925
"NGF",0.397705078125,2.51170710198347e-09,-60.0607947558787
"NGF",0.39794921875,2.73425056042684e-09,-59.6921015936667
"NGF",0.398193359375,2.93148401960567e-09,-59.3896093811018
"NGF",0.3984375,3.09744252971454e-09,-59.1504521199278
"NGF",0.398681640625,3.22711751757427e-09,-58.9723368836193
"NGF",0.39892578125,3.31626930491733e-09,-58.8539867802302
"NGF",0.399169921875,3.36136020376865e-09,-58.7953341515583
"NGF",0.3994140625,3.35966922291722e-09,-58.7975194824702
"NGF",0.399658203125,3.30958784204442e-09,-58.8627455668323
"NGF",0.39990234375,3.2110342264861e-09,-58.9940353442277
"NGF",0.400146484375,3.06587836159922e-09,-59.1949354889623
"NGF",0.400390625,2.87825539421220e-09,-59.4691914191131
"NGF",0.400634765625,2.65466277392012e-09,-59.8203910937352
"NGF",0.40087890625,2.40378280923685e-09,-60.2515324419527
"NGF",0.401123046875,2.1360326616447e-09,-60.7644058005197
"NGF",0.4013671875,1.86290190927441e-09,-61.3585848135899
"NGF",0.401611328125,1.59617858931187e-09,-62.0296698816043
"NGF",0.40185546875,1.34717893549284e-09,-62.7662318559404
"NGF",0.402099609375,1.1260828168939e-09,-63.5447813762537
"NGF",0.40234375,9.41442788403395e-10,-64.3225453614429
"NGF",0.402587890625,7.99891269233575e-10,-65.0301751265311
"NGF",0.40283203125,7.06030217908028e-10,-65.5722518002917
"NGF",0.403076171875,6.62460390558715e-10,-65.8488855286322
"NGF",0.4033203125,6.69897049987133e-10,-65.8004040386762
"NGF",0.403564453125,7.27324191696114e-10,-65.4432043618895
"NGF",0.40380859375,8.32154083470591e-10,-64.8584472051569
"NGF",0.404052734375,9.80375879559879e-10,-64.1465585151605
"NGF",0.404296875,1.16669045979897e-09,-63.3909282257739
"NGF",0.404541015625,1.38463600361994e-09,-62.6471284912258
"NGF",0.40478515625,1.62671125047603e-09,-61.9473799887097
"NGF",0.405029296875,1.88450422866612e-09,-61.3085135286226
"NGF",0.4052734375,2.14883671551742e-09,-60.7384505332535
"NGF",0.405517578125,2.40993997456221e-09,-60.2404224362322
"NGF",0.40576171875,2.65768349577277e-09,-59.8154520972664
"NGF",0.406005859375,2.88188121377632e-09,-59.4637239319884
"NGF",0.40625,3.07269421867658e-09,-59.1852912588229
"NGF",0.406494140625,3.22113257981247e-09,-58.9803986869042
"NGF",0.40673828125,3.31963283802774e-09,-58.8495841716227
"NGF",0.406982421875,3.36265769936831e-09,-58.7936580846759
"NGF",0.4072265625,3.34723928284929e-09,-58.8136170945303
"NGF",0.407470703125,3.27337602286069e-09,-58.9105257224023
"NGF",0.40771484375,3.14420211681511e-09,-59.0853801341824
"NGF",0.407958984375,2.96587789117193e-09,-59.3389520254431
"NGF",0.408203125,2.74719407966803e-09,-59.6715912727571
"NGF",0.408447265625,2.49893237479166e-09,-60.0829396560406
"NGF",0.40869140625,2.23306655437774e-09,-60.5714680217945
"NGF",0.408935546875,1.96191274137491e-09,-61.1336878150801
"NGF",0.4091796875,1.69733863321241e-09,-61.7627997283557
"NGF",0.409423828125,1.45012087874668e-09,-62.4464426363391
"NGF",0.40966796875,1.22950384413707e-09,-63.1631857823709
"NGF",0.409912109375,1.0429716328006e-09,-63.8777597271302
"NGF",0.41015625,8.96208234784715e-10,-64.5363953907034
"NGF",0.410400390625,7.93195117256544e-10,-65.0666843705322
"NGF",0.41064453125,7.36384249115974e-10,-65.3894397857505
"NGF",0.410888671875,7.26886303992348e-10,-65.4458198322048
"NGF",0.4111328125,7.64624968667049e-10,-65.2259999345935
"NGF",0.411376953125,8.48424787038041e-10,-64.7743512106784
"NGF",0.41162109375,9.7601872482884e-10,-64.1659031952258
"NGF",0.411865234375,1.14398105093393e-09,-63.4762963836806
"NGF",0.412109375,1.34761038501479e-09,-62.7648412006727
"NGF",0.412353515625,1.58080556771125e-09,-62.0717001230586
"NGF",0.41259765625,1.83599061398692e-09,-61.4217801251259
"NGF",0.412841796875,2.10415020944548e-09,-60.8297172950213
"NGF",0.4130859375,2.37502962881273e-09,-60.3037943729209
"NGF",0.413330078125,2.63753017345212e-09,-59.8485103248795
"NGF",0.41357421875,2.88029483031857e-09,-59.4661152424725
"NGF",0.413818359375,3.09243538022881e-09,-59.1574783582404
"NGF",0.4140625,3.26431218931652e-09,-58.9225678244036
"NGF",0.414306640625,3.38825322303134e-09,-58.7607260905195
"NGF",0.41455078125,3.45909866681752e-09,-58.6708551922615
"NGF",0.414794921875,3.47448502241939e-09,-58.6515802527707
"NGF",0.4150390625,3.43483275768029e-09,-58.7014287309612
"NGF",0.415283203125,3.34306229514144e-09,-58.8190399978988
"NGF",0.41552734375,3.20411808861267e-09,-59.0033995542439
"NGF",0.415771484375,3.02441441168473e-09,-59.2540717031002
"NGF",0.416015625,2.81131972637708e-09,-59.571382292157
"NGF",0.416259765625,2.5727685695669e-09,-59.9564774766113
"NGF",0.41650390625,2.31703956132032e-09,-60.4111502013632
"NGF",0.416748046875,2.05268076330061e-09,-60.9372705682548
"NGF",0.4169921875,1.78851627213701e-09,-61.53555573402
"NGF",0.417236328125,1.53364404371243e-09,-62.2032389690253
"NGF",0.41748046875,1.29734023005113e-09,-62.9299458355722
"NGF",0.417724609375,1.08881638500196e-09,-63.6909382146414
"NGF",0.41796875,9.16821876444356e-10,-64.4376350164638
"NGF",0.418212890625,7.89130292967901e-10,-65.0889975386117
"NGF",0.41845703125,7.11982364566235e-10,-65.5357923264751
"NGF",0.418701171875,6.89570987023092e-10,-65.6746948845293
"NGF",0.4189453125,7.23645537051702e-10,-65.4652258114663
"NGF",0.419189453125,8.13288427724701e-10,-64.9580387639761
"NGF",0.41943359375,9.54886096982135e-10,-64.260968990533
"NGF",0.419677734375,1.14228866503739e-09,-63.4827260186902
"NGF",0.419921875,1.367133492868e-09,-62.7023754612574
"NGF",0.420166015625,1.61929924778332e-09,-61.9672135503427
"NGF",0.42041015625,1.88745597543441e-09,-61.3017163858864
"NGF",0.420654296875,2.15967802502117e-09,-60.7165945986003
"NGF",0.4208984375,2.42408593071968e-09,-60.2150045822224
"NGF",0.421142578125,2.66947872275849e-09,-59.796220055313
"NGF",0.42138671875,2.88591143227731e-09,-59.4576547056895
"NGF",0.421630859375,3.06516835194967e-09,-59.1959413637784
"NGF",0.421875,3.20108617441494e-09,-59.0075110350022
"NGF",0.422119140625,3.28969584542238e-09,-58.888927228177
"NGF",0.42236328125,3.32917744045899e-09,-58.837115261121
"NGF",0.422607421875,3.31965387269969e-09,-58.8495566528776
"NGF",0.4228515625,3.26287881319911e-09,-58.9244752524168
"NGF",0.423095703125,3.16189309435409e-09,-59.0610128710087
"NGF",0.42333984375,3.0207254321558e-09,-59.2593721715543
"NGF",0.423583984375,2.84419543295524e-09,-59.5208903444633
"NGF",0.423828125,2.63784305180881e-09,-59.8479951713987
"NGF",0.424072265625,2.40796739463991e-09,-60.243978671575
"NGF",0.42431640625,2.16172014706598e-09,-60.712489990017
"NGF",0.424560546875,1.90717561435264e-09,-61.2565778407605
"NGF",0.4248046875,1.65329737086475e-09,-61.8769749405423
"NGF",0.425048828125,1.40974205260779e-09,-62.5690881422764
"NGF",0.42529296875,1.18647882064918e-09,-63.317884789602
"NGF",0.425537109375,9.93248502738801e-10,-64.08990550113
"NGF",0.42578125,8.38927316348332e-10,-64.8232413346056
"NGF",0.426025390625,7.30885669428185e-10,-65.421990224704
"NGF",0.42626953125,6.74436503780832e-10,-65.7710740078806
"NGF",0.426513671875,6.72449798959163e-10,-65.7838860108718
"NGF",0.4267578125,7.25176024339595e-10,-65.4560503208647
"NGF",0.427001953125,8.3028145895563e-10,-64.8682312938237
"NGF",0.42724609375,9.83063337366693e-10,-64.1346696946189
"NGF",0.427490234375,1.17679133452571e-09,-63.3534900742799
"NGF",0.427734375,1.40311775145523e-09,-62.5895435005659
"NGF",0.427978515625,1.65250998700351e-09,-61.8790437632868
"NGF",0.42822265625,1.91467888002124e-09,-61.2395252236733
"NGF",0.428466796875,2.17899653179064e-09,-60.6779193016851
"NGF",0.4287109375,2.43490952622436e-09,-60.1956564037011
"NGF",0.428955078125,2.67235399906475e-09,-59.7915448181074
"NGF",0.42919921875,2.88216868068312e-09,-59.463290745969
"NGF",0.429443359375,3.05648618314006e-09,-59.2082603226858
"NGF",0.4296875,3.18906901663303e-09,-59.0238455098599
"NGF",0.429931640625,3.27555200359733e-09,-58.9076397036292
"NGF",0.43017578125,3.31356044982608e-09,-58.8575357126384
"NGF",0.430419921875,3.30269241878947e-09,-58.8718033963175
"NGF",0.4306640625,3.24437816607269e-09,-58.9491699913301
"NGF",0.430908203125,3.141652312239e-09,-59.0889034932756
"NGF",0.43115234375,2.99888729232687e-09,-59.2908832526313
"NGF",0.431396484375,2.82153585557283e-09,-59.555628955909
"NGF",0.431640625,2.61591641012639e-09,-59.8842460688673
"NGF",0.431884765625,2.3890527330094e-09,-60.278227332311
"NGF",0.43212890625,2.14855646042363e-09,-60.7390169847554
"NGF",0.432373046875,1.90252412425377e-09,-61.2671829678047
"NGF",0.4326171875,1.65941487188604e-09,-61.8609349119375
"NGF",0.432861328125,1.42788083013984e-09,-62.5135650610683
"NGF",0.43310546875,1.21653586212844e-09,-63.2092355319324
"NGF",0.433349609375,1.03366449561749e-09,-63.9166886981701
"NGF",0.43359375,8.86885550831352e-10,-64.5818088975329
"NGF",0.433837890625,7.82791326560937e-10,-65.1240246420052
"NGF",0.43408203125,7.26583415010783e-10,-65.4476298873233
"NGF",0.434326171875,7.21723560240086e-10,-65.4767758635212
"NGF",0.4345703125,7.69616860654913e-10,-65.197738955739
"NGF",0.434814453125,8.69348265071061e-10,-64.6685467741626
"NGF",0.43505859375,1.01750187662346e-09,-63.9851325028219
"NGF",0.435302734375,1.20810255551265e-09,-63.2394466617263
"NGF",0.435546875,1.43272458804368e-09,-62.4988575496695
"NGF",0.435791015625,1.68080640991332e-09,-61.805307735447
"NGF",0.43603515625,1.9401897558296e-09,-61.1820426198084
"NGF",0.436279296875,2.19786712840738e-09,-60.6404703546863
"NGF",0.4365234375,2.44087948682315e-09,-60.1850213157842
"NGF",0.436767578125,2.6572669630083e-09,-59.8161328105973
"NGF",0.43701171875,2.83695075712247e-09,-59.5319667165107
"NGF",0.437255859375,2.97242315661081e-09,-59.3293783315837
"NGF",0.4375,3.05914820524877e-09,-59.2044795159465
"NGF",0.437744140625,3.0956240378842e-09,-59.1530025882019
"NGF",0.43798828125,3.08311881948386e-09,-59.1705820696178
"NGF",0.438232421875,3.02515121638832e-09,-59.2530138082421
"NGF",0.4384765625,2.92682909102903e-09,-59.396511061438
"NGF",0.438720703125,2.79417645827521e-09,-59.5979463989032
"NGF",0.43896484375,2.63356543516391e-09,-59.8550435559697
"NGF",0.439208984375,2.45133149015923e-09,-60.166464249045
"NGF",0.439453125,2.25359762449579e-09,-60.5317209297794
"NGF",0.439697265625,2.04628019814515e-09,-60.9508336756545
"NGF",0.43994140625,1.83520910379955e-09,-61.4236291423036
"NGF",0.440185546875,1.6262766650962e-09,-61.9485403867094
"NGF",0.4404296875,1.4255352836878e-09,-62.5207049808694
"NGF",0.440673828125,1.23918918958631e-09,-63.1291085309038
"NGF",0.44091796875,1.07346155568036e-09,-63.7526197368451
"NGF",0.441162109375,9.34353814633625e-10,-64.3553710616557
"NGF",0.44140625,8.2733981948452e-10,-64.8836454194478
"NGF",0.441650390625,7.57048062438504e-10,-65.2692501689544
"NGF",0.44189453125,7.26980149778842e-10,-65.4452591657533
"NGF",0.442138671875,7.3929734305385e-10,-65.3722932377066
"NGF",0.4423828125,7.94686181239817e-10,-65.0585280801213
"NGF",0.442626953125,8.92296238628857e-10,-64.5553940689669
"NGF",0.44287109375,1.02973319132678e-09,-63.9332375761381
"NGF",0.443115234375,1.20309039349956e-09,-63.2575021013862
"NGF",0.443359375,1.40701033679778e-09,-62.5775118111712
"NGF",0.443603515625,1.63477929118231e-09,-61.9258934158624
"NGF",0.44384765625,1.87846879864095e-09,-61.3224448333886
"NGF",0.444091796875,2.12914213624784e-09,-60.7784381434013
"NGF",0.4443359375,2.37714030240351e-09,-60.2999365396905
"NGF",0.444580078125,2.61245123653118e-09,-59.8900027642388
"NGF",0.44482421875,2.82515095409341e-09,-59.5500681107393
"NGF",0.445068359375,3.00589037421858e-09,-59.2807533148728
"NGF",0.4453125,3.14639091320537e-09,-59.0823579001
"NGF",0.445556640625,3.23990801154406e-09,-58.9551578940827
"NGF",0.44580078125,3.281625104243e-09,-58.8995950380384
"NGF",0.446044921875,3.26894950632246e-09,-58.9164025684608
"NGF",0.4462890625,3.20169328849949e-09,-59.0066874355041
"NGF",0.446533203125,3.08213322672446e-09,-59.1719706178791
"NGF",0.44677734375,2.91495191089924e-09,-59.4141707474025
"NGF",0.447021484375,2.70706621886857e-09,-59.7354958977879
"NGF",0.447265625,2.46735040563996e-09,-60.1381763811043
"NGF",0.447509765625,2.20626105520214e-09,-60.6239157025483
"NGF",0.44775390625,1.93537248259373e-09,-61.192839072725
"NGF",0.447998046875,1.66683562359953e-09,-61.8415569554548
"NGF",0.4482421875,1.41278138803375e-09,-62.5597350428808
"NGF",0.448486328125,1.18469958277727e-09,-63.3244023366045
"NGF",0.44873046875,9.9283415026347e-10,-64.091717621043
"NGF",0.448974609375,8.45641344608715e-10,-64.7886226107492
"NGF",0.44921875,7.49356778011657e-10,-65.313598292664
"NGF",0.449462890625,7.07708673829915e-10,-65.5619395072403
"NGF",0.44970703125,7.21798885652815e-10,-65.4763226192891
"NGF",0.449951171875,7.90153074167351e-10,-65.0833723505998
"NGF",0.4501953125,9.08921085745849e-10,-64.4752229058124
"NGF",0.450439453125,1.07219255118029e-09,-63.7577568343333
"NGF",0.45068359375,1.27238452776346e-09,-63.0143008973595
"NGF",0.450927734375,1.50065909906689e-09,-62.2976642330047
"NGF",0.451171875,1.74733814360285e-09,-61.6367151170121
"NGF",0.451416015625,2.00229663728408e-09,-61.0452005117401
"NGF",0.45166015625,2.25533022447584e-09,-60.5283832908865
"NGF",0.451904296875,2.49650285615925e-09,-60.0871640191647
"NGF",0.4521484375,2.71648306509956e-09,-59.7204146723738
"NGF",0.452392578125,2.90687244983956e-09,-59.426224933136
"NGF",0.45263671875,3.06051939968088e-09,-59.2025333246699
"NGF",0.452880859375,3.17179926541369e-09,-59.0474277497503
"NGF",0.453125,3.23683397340226e-09,-58.959280454177
"NGF",0.453369140625,3.253623408798e-09,-58.9368118514851
"NGF",0.45361328125,3.22206928571378e-09,-58.9791359414076
"NGF",0.453857421875,3.14388815221563e-09,-59.0858138210009
"NGF",0.4541015625,3.02242938015246e-09,-59.2569230692062
"NGF",0.454345703125,2.86243070264458e-09,-59.4931348764541
"NGF",0.45458984375,2.66975264114549e-09,-59.7957744434413
"NGF",0.454833984375,2.45113069890972e-09,-60.166819998986
"NGF",0.455078125,2.21397053946088e-09,-60.6087663159369
"NGF",0.455322265625,1.96619013961245e-09,-61.1242295537158
"NGF",0.45556640625,1.71609037448629e-09,-61.7150831379858
"NGF",0.455810546875,1.47221875123018e-09,-62.3807612425285
"NGF",0.4560546875,1.24318580731221e-09,-63.1151242575647
"NGF",0.456298828125,1.03740257584066e-09,-63.9010114716903
"NGF",0.45654296875,8.62728895772939e-10,-64.7017412486368
"NGF",0.456787109375,7.26050753478729e-10,-65.4508148870911
"NGF",0.45703125,6.32832439773016e-10,-66.0475973563645
"NGF",0.457275390625,5.86708087361156e-10,-66.3762639446494
"NGF",0.45751953125,5.89181273467293e-10,-66.3579953439086
"NGF",0.457763671875,6.3948887224083e-10,-66.002154774555
"NGF",0.4580078125,7.3465875554549e-10,-65.3996281035294
"NGF",0.458251953125,8.69756613183427e-10,-64.6665072958381
"NGF",0.45849609375,1.0382834888307e-09,-63.897325214119
"NGF",0.458740234375,1.23266074528613e-09,-63.1520490329745
"NGF",0.458984375,1.44472879483745e-09,-62.4626214038745
"NGF",0.459228515625,1.66619192043789e-09,-61.8432344497501
"NGF",0.45947265625,1.88896157571327e-09,-61.2982534535234
"NGF",0.459716796875,2.10537906247795e-09,-60.8271816950919
"NGF",0.4599609375,2.30832814843699e-09,-60.4275092164971
"NGF",0.460205078125,2.49127200314096e-09,-60.0962732171475
"NGF",0.46044921875,2.64826179478973e-09,-59.8308755395507
"NGF",0.460693359375,2.77396441859173e-09,-59.629475830544
"NGF",0.4609375,2.86374528967934e-09,-59.4911408130304
"NGF",0.461181640625,2.9138226004161e-09,-59.4158536168165
"NGF",0.46142578125,2.92148692019723e-09,-59.4044452289982
"NGF",0.461669921875,2.88535955754863e-09,-59.4584852892837
"NGF",0.4619140625,2.80564872826295e-09,-59.5801517344089
"NGF",0.462158203125,2.68435661186004e-09,-59.7720825861236
"NGF",0.46240234375,2.52539330101325e-09,-60.0371944506705
"NGF",0.462646484375,2.33456427879683e-09,-60.3784263307678
"NGF",0.462890625,2.11941403880088e-09,-60.7983266243351
"NGF",0.463134765625,1.88892681204945e-09,-61.2983333800105
"NGF",0.46337890625,1.65310302499484e-09,-61.8774854857206
"NGF",0.463623046875,1.42244443141212e-09,-62.5301315972713
"NGF",0.4638671875,1.20738997317232e-09,-63.2420090425543
"NGF",0.464111328125,1.01774751468332e-09,-63.9840841865329
"NGF",0.46435546875,8.62163986683474e-10,-64.7045859111848
"NGF",0.464599609375,7.47669503326586e-10,-65.3233880258785
"NGF",0.46484375,6.79321670713288e-10,-65.7397300013789
"NGF",0.465087890625,6.59966682256172e-10,-65.8652645798663
"NGF",0.46533203125,6.9012550620666e-10,-65.6712039046554
"NGF",0.465576171875,7.68007174621308e-10,-65.2068319199661
"NGF",0.4658203125,8.89646447355447e-10,-64.5683102035375
"NGF",0.466064453125,1.04915868391132e-09,-63.8520728952119
"NGF",0.46630859375,1.23909913823972e-09,-63.1294241423078
"NGF",0.466552734375,1.45090620684477e-09,-62.4440913058775
"NGF",0.466796875,1.67539875544119e-09,-61.8193028067487
"NGF",0.467041015625,1.90328833936061e-09,-61.2654388229655
"NGF",0.46728515625,2.1256608461631e-09,-60.7855449608842
"NGF",0.467529296875,2.33438196599771e-09,-60.3787654969888
"NGF",0.4677734375,2.52238910599862e-09,-60.0423638710862
"NGF",0.468017578125,2.68384905098817e-09,-59.77290383218
"NGF",0.46826171875,2.81418342937552e-09,-59.5669606769413
"NGF",0.468505859375,2.90998820652685e-09,-59.4215724026884
"NGF",0.46875,2.96889316988095e-09,-59.3345389857354
"NGF",0.468994140625,2.98941731743747e-09,-59.3046192314592
"NGF",0.46923828125,2.97087294736321e-09,-59.3316439004718
"NGF",0.469482421875,2.91335505585831e-09,-59.4165505306019
"NGF",0.4697265625,2.81782685281481e-09,-59.5613416569596
"NGF",0.469970703125,2.6862829574186e-09,-59.7689671237232
"NGF",0.47021484375,2.52194636460345e-09,-60.0431262317438
"NGF",0.470458984375,2.32943991225409e-09,-60.3879695683684
"NGF",0.470703125,2.11487146059407e-09,-60.8076449256446
"NGF",0.470947265625,1.88578450104608e-09,-61.3055640714792
"NGF",0.47119140625,1.65094914991549e-09,-61.8831477219364
"NGF",0.471435546875,1.41999672779299e-09,-62.5376112556237
"NGF",0.4716796875,1.2029278725857e-09,-63.2580888129436
"NGF",0.471923828125,1.00954383574962e-09,-64.0192328782966
"NGF",0.47216796875,8.48859997245941e-10,-64.7721240134791
"NGF",0.472412109375,7.28559262339191e-10,-65.4358358532051
"NGF",0.47265625,6.5453296388926e-10,-65.901169455932
"NGF",0.472900390625,6.30541858776336e-10,-66.0633454648764
"NGF",0.47314453125,6.58013779214917e-10,-65.8781348106476
"NGF",0.473388671875,7.3598067813778e-10,-65.3918205630976
"NGF",0.4736328125,8.61147889396989e-10,-64.7097072766424
"NGF",0.473876953125,1.02808248319465e-09,-63.9402050960736
"NGF",0.47412109375,1.22950449226334e-09,-63.1631834930117
"NGF",0.474365234375,1.45666287264652e-09,-62.4268941807859
"NGF",0.474609375,1.6997759571084e-09,-61.7565678720428
"NGF",0.474853515625,1.94851326765386e-09,-61.163451018681
"NGF",0.47509765625,2.19249225841126e-09,-60.6511040060154
"NGF",0.475341796875,2.42176101342263e-09,-60.2191718571781
"NGF",0.4755859375,2.62723756488266e-09,-59.8654912403657
"NGF",0.475830078125,2.80107946703301e-09,-59.5872303917247
"NGF",0.47607421875,2.93696391010782e-09,-59.3814985929454
"NGF",0.476318359375,3.03026830708505e-09,-59.2456738550865
"NGF",0.4765625,3.07815231044039e-09,-59.1775836376176
"NGF",0.476806640625,3.07955245011539e-09,-59.1756086389164
"NGF",0.47705078125,3.03510791613728e-09,-59.2387433173106
"NGF",0.477294921875,2.94703900478297e-09,-59.3666258528681
"NGF",0.4775390625,2.81899809617063e-09,-59.5595368660061
"NGF",0.477783203125,2.65590766925514e-09,-59.8183549614958
"NGF",0.47802734375,2.46379269515316e-09,-60.1444430591103
"NGF",0.478271484375,2.24960805665895e-09,-60.5394161046069
"NGF",0.478515625,2.02105731029649e-09,-61.0046984036749
"NGF",0.478759765625,1.78639799844639e-09,-61.5407024570631
"NGF",0.47900390625,1.55423038186676e-09,-62.1453307493686
"NGF",0.479248046875,1.33326935233298e-09,-62.8113057300688
"NGF",0.4794921875,1.13210144824456e-09,-63.5216312320089
"NGF",0.479736328125,9.58928897620113e-10,-64.2426206274458
"NGF",0.47998046875,8.21300340185686e-10,-64.9154646645485
"NGF",0.480224609375,7.25824859866288e-10,-65.4521663024502
"NGF",0.48046875,6.77864961309796e-10,-65.7490528326489
"NGF",0.480712890625,6.81208091726692e-10,-65.7276867108271
"NGF",0.48095703125,7.37726936565143e-10,-65.3815282806073
"NGF",0.481201171875,8.47055213899225e-10,-64.781367491446
"NGF",0.4814453125,1.00632428771693e-09,-64.0331051462033
"NGF",0.481689453125,1.21002047057632e-09,-63.2325575159336
"NGF",0.48193359375,1.45002656643902e-09,-62.4467251000109
"NGF",0.482177734375,1.71589884813076e-09,-61.7155678646795
"NGF",0.482421875,1.99540098705365e-09,-61.0601828645627
"NGF",0.482666015625,2.27527333087592e-09,-60.4901489280812
"NGF",0.48291015625,2.54216811596609e-09,-60.0084420169878
"NGF",0.483154296875,2.78364039506625e-09,-59.6143533899361
"NGF",0.4833984375,2.98906211101222e-09,-59.30513529643
"NGF",0.483642578125,3.15033061659137e-09,-59.0769233524357
"NGF",0.48388671875,3.2622744651863e-09,-58.9252797239645
"NGF",0.484130859375,3.32271268681285e-09,-58.8455567947773
"NGF",0.484375,3.33218722655988e-09,-58.8331907391961
"NGF",0.484619140625,3.29344701393731e-09,-58.8839778840785
"NGF",0.48486328125,3.21080254272125e-09,-58.994348709342
"NGF",0.485107421875,3.08948290065388e-09,-59.1616267329893
"NGF",0.4853515625,2.93511097039307e-09,-59.3842394351059
"NGF",0.485595703125,2.75337239612054e-09,-59.6618351507905
"NGF",0.48583984375,2.54990074612575e-09,-59.9952519314595
"NGF",0.486083984375,2.3303482917807e-09,-60.386276340249
"NGF",0.486328125,2.1005709407688e-09,-60.8371111599434
"NGF",0.486572265625,1.86683502677496e-09,-61.3494252836304
"NGF",0.48681640625,1.63595532504334e-09,-61.9227702946171
"NGF",0.487060546875,1.41529502953064e-09,-62.5520148772427
"NGF",0.4873046875,1.21259290812552e-09,-63.2233344524241
"NGF",0.487548828125,1.03562216550903e-09,-63.9084713206467
"NGF",0.48779296875,8.91721688297034e-10,-64.5581913956478
"NGF",0.488037109375,7.87266992217574e-10,-65.0992642603127
"NGF",0.48828125,7.2716133072992e-10,-65.4441769342271
"NGF",0.488525390625,7.14425481297981e-10,-65.5209153310089
"NGF",0.48876953125,7.49948404295282e-10,-65.3101708377776
"NGF",0.489013671875,8.32433098499413e-10,-64.8569912923656
"NGF",0.4892578125,9.58537357898068e-10,-64.2443942549357
"NGF",0.489501953125,1.12317420839259e-09,-63.5560134703368
"NGF",0.48974609375,1.31990886713526e-09,-62.8550452271017
"NGF",0.489990234375,1.54137490570957e-09,-62.1814018497442
"NGF",0.490234375,1.77963639204392e-09,-61.5571719105064
"NGF",0.490478515625,2.02644559571535e-09,-60.9931352050258
"NGF",0.49072265625,2.27338284581505e-09,-60.4937589053819
"NGF",0.490966796875,2.51190721483029e-09,-60.060448758357
"NGF",0.4912109375,2.73338211388375e-09,-59.6934812091864
"NGF",0.491455078125,2.92915741544335e-09,-59.3930575750019
"NGF",0.49169921875,3.09078223100517e-09,-59.1598006235975
"NGF",0.491943359375,3.21038961000667e-09,-58.9949072797611
"NGF",0.4921875,3.28124348774018e-09,-58.9001001035878
"NGF",0.492431640625,3.29838263720732e-09,-58.8774743350946
"NGF",0.49267578125,3.25925215457915e-09,-58.9293050787312
"NGF",0.492919921875,3.16419394427418e-09,-59.0578537413226
"NGF",0.4931640625,3.0166810710926e-09,-59.2651907095452
"NGF",0.493408203125,2.82322496034303e-09,-59.5530298416972
"NGF",0.49365234375,2.59294860006974e-09,-59.9225456131839
"NGF",0.493896484375,2.33688648733613e-09,-60.3741085182166
"NGF",0.494140625,2.06712522856385e-09,-60.9068168173975
"NGF",0.494384765625,1.79592364338547e-09,-61.5176060118102
"NGF",0.49462890625,1.53494215042049e-09,-62.1995645692973
"NGF",0.494873046875,1.29467193213001e-09,-62.9388873636212
"NGF",0.4951171875,1.0840969374723e-09,-63.7098035160919
"NGF",0.495361328125,9.10562754983603e-10,-64.4673858690817
"NGF",0.49560546875,7.79781931153143e-10,-65.1407530152695
"NGF",0.495849609375,6.95886569217563e-10,-65.6351001458333
"NGF",0.49609375,6.6144925893083e-10,-65.8555193494827
"NGF",0.496337890625,6.77427421273284e-10,-65.7518569689742
"NGF",0.49658203125,7.4303244752545e-10,-65.3504068976393
"NGF",0.496826171875,8.55569228594371e-10,-64.7379331282496
"NGF",0.4970703125,1.01032082863541e-09,-64.0158916273171
"NGF",0.497314453125,1.20055899862239e-09,-63.2666496187964
"NGF",0.49755859375,1.41774250215493e-09,-62.5445111000573
"NGF",0.497802734375,1.6519270643868e-09,-61.8805760065979
"NGF",0.498046875,1.89236330397183e-09,-61.2904395139272
"NGF",0.498291015625,2.12821448720626e-09,-60.7803307396854
"NGF",0.49853515625,2.34929551156206e-09,-60.3511082022042
"NGF",0.498779296875,2.54672563442689e-09,-60.0006630939253
"NGF",0.4990234375,2.71340225448692e-09,-59.7253428766127
"NGF",0.499267578125,2.84423805882234e-09,-59.5208252573743
"NGF",0.49951171875,2.93615095166891e-09,-59.3827008965767
"NGF",0.499755859375,2.98784457029664e-09,-59.3069046773147
"NGF",0.5,1.4997279342498e-09,-62.3003598836011
"RRC",0,0.000587821444468738,-6.77878083911069
"RRC",0.000244140625,0.00117661186096217,-3.76490287522261
"RRC",0.00048828125,0.00117866130977669,-3.75734481744153
"RRC",0.000732421875,0.001182136436449,-3.7445590594901
"RRC",0.0009765625,0.00118723146811746,-3.72588110284905
"RRC",0.001220703125,0.0011939493121128,-3.70137619887702
"RRC",0.00146484375,0.00120210935062821,-3.67179534215318
"RRC",0.001708984375,0.00121139613000966,-3.63837327638589
"RRC",0.001953125,0.00122142719185685,-3.60255925358553
"RRC",0.002197265625,0.00123181204818956,-3.56579061996413
"RRC",0.00244140625,0.00124217897413767,-3.52939335703629
"RRC",0.002685546875,0.00125216059916675,-3.49463475514612
"RRC",0.0029296875,0.00126134827273106,-3.46288492727364
"RRC",0.003173828125,0.0012692418345265,-3.43579131429493
"RRC",0.00341796875,0.00127522904332811,-3.41535314330948
"RRC",0.003662109375,0.00127862359474117,-3.40380795238147
"RRC",0.00390625,0.00127877284477276,-3.40330104258667
"RRC",0.004150390625,0.00127522105315272,-3.41538035489134
"RRC",0.00439453125,0.00126788931002393,-3.44042169365082
"RRC",0.004638671875,0.00125721802510524,-3.47712910549776
"RRC",0.0048828125,0.00124421829752732,-3.52226925741124
"RRC",0.005126953125,0.00123039634115372,-3.5707847855601
"RRC",0.00537109375,0.00121754655938806,-3.61637931777292
"RRC",0.005615234375,0.00120744534133396,-3.652560293329
"RRC",0.005859375,0.00120150849848077,-3.67396662555921
"RRC",0.006103515625,0.00120049088250394,-3.6776464352492
"RRC",0.00634765625,0.0012043016728449,-3.66388219934102
"RRC",0.006591796875,0.00121198363156752,-3.63626755037687
"RRC",0.0068359375,0.00122186580335553,-3.60099999273557
"RRC",0.007080078125,0.00123185730404497,-3.56563106634334
"RRC",0.00732421875,0.00123981654075249,-3.537660834449
"RRC",0.007568359375,0.00124391446078547,-3.52332992927931
"RRC",0.0078125,0.00124291606005017,-3.52681709858767
"RRC",0.008056640625,0.00123632898727414,-3.54989457608818
"RRC",0.00830078125,0.00122440391261772,-3.59198800819945
"RRC",0.008544921875,0.00120800780833614,-3.65053768055551
"RRC",0.0087890625,0.00118841828488224,-3.72154184354366
"RRC",0.009033203125,0.00116709796680934,-3.80016197068108
"RRC",0.00927734375,0.00114550116817485,-3.8812797313149
"RRC",0.009521484375,0.00112494476967042,-3.95992308714897
"RRC",0.009765625,0.00110654890995464,-4.03152894850854
"RRC",0.010009765625,0.00109122970076403,-4.0920733157715
"RRC",0.01025390625,0.00107971277164811,-4.13815270985835
"RRC",0.010498046875,0.00107253635101735,-4.16711489083945
"RRC",0.0107421875,0.00107002453418844,-4.1772977397437
"RRC",0.010986328125,0.00107223027712683,-4.16835443085155
"RRC",0.01123046875,0.0010788664346239,-4.14155827882898
"RRC",0.011474609375,0.00108925519584906,-4.09993869309907
"RRC",0.01171875,0.00110232741085453,-4.04812902683256
"RRC",0.011962890625,0.00111669305562011,-3.99189694148824
"RRC",0.01220703125,0.00113078557869644,-3.9374324840436
"RRC",0.012451171875,0.00114306173175699,-3.89053824176706
"RRC",0.0126953125,0.00115222103064263,-3.85587711727438
"RRC",0.012939453125,0.00115740036213418,-3.83639895635756
"RRC",0.01318359375,0.0011583019855475,-3.83301708741109
"RRC",0.013427734375,0.00115522662706802,-3.84456319059665
"RRC",0.013671875,0.00114900400983267,-3.86801965241543
"RRC",0.013916015625,0.00114083568692615,-3.8990041149252
"RRC",0.01416015625,0.0011320838027443,-3.93244932764281
"RRC",0.014404296875,0.00112404988918899,-3.96337922408577
"RRC",0.0146484375,0.00111778771745546,-3.98764176383439
"RRC",0.014892578125,0.00111398398459972,-4.00244562381612
"RRC",0.01513671875,0.0011129231212726,-4.00658344458699
"RRC",0.015380859375,0.00111453235481428,-4.00030829003204
"RRC",0.015625,0.0011184854349101,-3.98493176528175
"RRC",0.015869140625,0.00112433241299115,-3.96228778577643
"RRC",0.01611328125,0.00113162097011325,-3.93422522760042
"RRC",0.016357421875,0.00113998194443293,-3.90225536716027
"RRC",0.0166015625,0.00114916542151687,-3.86740959988472
"RRC",0.016845703125,0.00115902979023091,-3.83028910886607
"RRC",0.01708984375,0.00116949976717551,-3.79123369862243
"RRC",0.017333984375,0.00118051662580748,-3.75051401703165
"RRC",0.017578125,0.00119200281639924,-3.70846228015155
"RRC",0.017822265625,0.00120385453141776,-3.66549497725239
"RRC",0.01806640625,0.0012159626963884,-3.62203257802939
"RRC",0.018310546875,0.00122824996597861,-3.57836748770597
"RRC",0.0185546875,0.00124070319797799,-3.53455607901598
"RRC",0.018798828125,0.00125338064126044,-3.490405269059
"RRC",0.01904296875,0.00126638114012576,-3.44559075476529
"RRC",0.019287109375,0.00127977654997143,-3.39989361451435
"RRC",0.01953125,0.00129352360695881,-3.35349150497355
"RRC",0.019775390625,0.00130738233910743,-3.30720895584663
"RRC",0.02001953125,0.00132087053000437,-3.26263258822311
"RRC",0.020263671875,0.00133327620317512,-3.22203381822622
"RRC",0.0205078125,0.00134373439918839,-3.18810074435735
"RRC",0.020751953125,0.00135135539977049,-3.16353928208316
"RRC",0.02099609375,0.00135537518197273,-3.1506398045798
"RRC",0.021240234375,0.00135529081370872,-3.15091014900127
"RRC",0.021484375,0.00135094673003219,-3.16485285107058
"RRC",0.021728515625,0.00134255166558735,-3.19192501844654
"RRC",0.02197265625,0.00133062617134548,-3.23067448457446
"RRC",0.022216796875,0.00131590056693091,-3.279004355167
"RRC",0.0224609375,0.00129919625172168,-3.33448750621042
"RRC",0.022705078125,0.00128132510592752,-3.39464173872837
"RRC",0.02294921875,0.0012630316505876,-3.45709275775376
"RRC",0.023193359375,0.00124498422837893,-3.51959659779907
"RRC",0.0234375,0.00122780126745893,-3.57995432181308
"RRC",0.023681640625,0.00121208407512189,-3.63590764226614
"RRC",0.02392578125,0.00119842420727381,-3.68512936679774
"RRC",0.024169921875,0.0011873630981738,-3.72539962101641
"RRC",0.0244140625,0.00117930151571403,-3.75498652824635
"RRC",0.024658203125,0.00117437986793917,-3.77314911899157
"RRC",0.02490234375,0.00117236902209801,-3.78059175139432
"RRC",0.025146484375,0.00117261777961157,-3.77967034735233
"RRC",0.025390625,0.00117409380606197,-3.77420712612821
"RRC",0.025634765625,0.00117553109364375,-3.76889388533297
"RRC",0.02587890625,0.00117566533034621,-3.76839798240782
"RRC",0.026123046875,0.00117350839618036,-3.77637308325895
"RRC",0.0263671875,0.00116859435997333,-3.79459723618808
"RRC",0.026611328125,0.00116112870018626,-3.822431496862
"RRC",0.02685546875,0.00115199173966993,-3.85674144548057
"RRC",0.027099609375,0.00114258225167335,-3.89236035893902
"RRC",0.02734375,0.00113452874685983,-3.92308004968702
"RRC",0.027587890625,0.0011293326151498,-3.94301638792405
"RRC",0.02783203125,0.0011280285365364,-3.94803423106668
"RRC",0.028076171875,0.00113094686359265,-3.9368130903501
"RRC",0.0283203125,0.00113763943538655,-3.91118871420711
"RRC",0.028564453125,0.00114699013125866,-3.87563828314762
"RRC",0.02880859375,0.00115748475051173,-3.83608231509947
"RRC",0.029052734375,0.00116757376845042,-3.79839180293591
"RRC",0.029296875,0.00117603704689551,-3.76702506677788
"RRC",0.029541015625,0.00118225826149178,-3.74411152047363
"RRC",0.02978515625,0.00118633922632636,-3.72914618954361
"RRC",0.030029296875,0.00118902487578476,-3.7193256888796
"RRC",0.0302734375,0.00119145813840762,-3.71044721428538
"RRC",0.030517578125,0.00119482798476799,-3.69818123630549
"RRC",0.03076171875,0.00120000229299711,-3.67941433637739
"RRC",0.031005859375,0.00120724248246809,-3.65328999830695
"RRC",0.03125,0.00121607748033476,-3.62162263385963
"RRC",0.031494140625,0.00122537503138388,-3.58854482778891
"RRC",0.03173828125,0.00123359825746512,-3.5594976230877
"RRC",0.031982421875,0.00123918712417385,-3.53986617328462
"RRC",0.0322265625,0.00124097026834021,-3.53362132924642
"RRC",0.032470703125,0.00123850145485342,-3.54226988465008
"RRC",0.03271484375,0.00123223024438605,-3.56431645450212
"RRC",0.032958984375,0.0012234552424973,-3.59535423307569
"RRC",0.033203125,0.00121406159172838,-3.62882789637951
"RRC",0.033447265625,0.00120609926342254,-3.65740457313726
"RRC",0.03369140625,0.00120130145067594,-3.67471508025393
"RRC",0.033935546875,0.00120066174653275,-3.67702835454832
"RRC",0.0341796875,0.00120417904431056,-3.6643244440761
"RRC",0.034423828125,0.00121084154894044,-3.64036194582519
"RRC",0.03466796875,0.00121886429934876,-3.61168152842212
"RRC",0.034912109375,0.00122613171809709,-3.5858638245685
"RRC",0.03515625,0.00123074342998931,-3.5695598346752
"RRC",0.035400390625,0.00123153154916043,-3.56677967549975
"RRC",0.03564453125,0.00122841907634147,-3.57776957487135
"RRC",0.035888671875,0.00122252262330628,-3.5986660487194
"RRC",0.0361328125,0.00121596107114321,-3.62203838277564
"RRC",0.036376953125,0.00121140133293123,-3.63835462356689
"RRC",0.03662109375,0.00121143644840109,-3.63822873437278
"RRC",0.036865234375,0.00121793417013903,-3.61499694418521
"RRC",0.037109375,0.00123150534450539,-3.56687208610973
"RRC",0.037353515625,0.00125121771994876,-3.49790623239516
"RRC",0.03759765625,0.00127462772330763,-3.41740149343652
"RRC",0.037841796875,0.00129813271346562,-3.33804415096281
"RRC",0.0380859375,0.00131757572350991,-3.27347925240189
"RRC",0.038330078125,0.00132898012186338,-3.23605024488995
"RRC",0.03857421875,0.00132926524837498,-3.23511858619136
"RRC",0.038818359375,0.00131680118974952,-3.27603299287985
"RRC",0.0390625,0.0012916986218203,-3.35962313341184
"RRC",0.039306640625,0.00125578810755762,-3.48207143619452
"RRC",0.03955078125,0.0012123080585552,-3.63510517497504
"RRC",0.039794921875,0.00116537676461687,-3.8065715470854
"RRC",0.0400390625,0.00111935958321422,-3.98153887791846
"RRC",0.040283203125,0.0010782514903937,-4.1440344243377
"RRC",0.04052734375,0.00104517852484336,-4.27933031797089
"RRC",0.040771484375,0.00102208604192376,-4.37636052144698
"RRC",0.041015625,0.00100963764875061,-4.42957972778799
"RRC",0.041259765625,0.00100730728585942,-4.43961534331179
"RRC",0.04150390625,0.00101361683790232,-4.41249693241448
"RRC",0.041748046875,0.00102645725217758,-4.35782642085778
"RRC",0.0419921875,0.00104343199262153,-4.28659361073767
"RRC",0.042236328125,0.00106217354594989,-4.20928028686823
"RRC",0.04248046875,0.00108060060650828,-4.13458302588359
"RRC",0.042724609375,0.00109709987752254,-4.06877342973729
"RRC",0.04296875,0.00111062859945754,-4.01554656882922
"RRC",0.043212890625,0.00112074114360989,-3.97618193905277
"RRC",0.04345703125,0.00112754674764973,-3.94988952944286
"RRC",0.043701171875,0.00113160817762518,-3.93427432300009
"RRC",0.0439453125,0.00113379476927737,-3.92589060490775
"RRC",0.044189453125,0.0011351083991918,-3.92086172315753
"RRC",0.04443359375,0.00113650617131246,-3.9155171122939
"RRC",0.044677734375,0.00113874655052482,-3.90696435123644
"RRC",0.044921875,0.00114228395340312,-3.89349433600229
"RRC",0.045166015625,0.00114722929381644,-3.87473281631769
"RRC",0.04541015625,0.00115338152579913,-3.85150518696143
"RRC",0.045654296875,0.00116032056417754,-3.82545520303366
"RRC",0.0458984375,0.00116753887035698,-3.79852161294303
"RRC",0.046142578125,0.00117458100724542,-3.77240535444501
"RRC",0.04638671875,0.00118115970501677,-3.74814886855405
"RRC",0.046630859375,0.00118722345986969,-3.7259103974697
"RRC",0.046875,0.00119296244031357,-3.70496739156134
"RRC",0.047119140625,0.00119875330557151,-3.68393691797135
"RRC",0.04736328125,0.00120505612644574,-3.66116234555672
"RRC",0.047607421875,0.00121228546869101,-3.63518610114478
"RRC",0.0478515625,0.00122068173914413,-3.60521061778637
"RRC",0.048095703125,0.00123020827082035,-3.57144867042609
"RRC",0.04833984375,0.00124049526041221,-3.53528400255073
"RRC",0.048583984375,0.0012508446258468,-3.49920142562795
"RRC",0.048828125,0.00126030090753777,-3.4664926055637
"RRC",0.049072265625,0.00126778302394634,-3.44078577426493
"RRC",0.04931640625,0.00127226066147653,-3.4254741062271
"RRC",0.049560546875,0.00127294857568194,-3.4231265008016
"RRC",0.0498046875,0.00126948416011656,-3.4349622317777
"RRC",0.050048828125,0.0012620508751196,-3.46046647240127
"RRC",0.05029296875,0.00125141480625789,-3.49722220470996
"RRC",0.050537109375,0.00123885467326393,-3.54103146110744
"RRC",0.05078125,0.00122598574405871,-3.58638089375808
"RRC",0.051025390625,0.00121450157880028,-3.6272542584207
"RRC",0.05126953125,0.00120587878519652,-3.65819854783581
"RRC",0.051513671875,0.00120110309583153,-3.67543223186528
"RRC",0.0517578125,0.0012004756189846,-3.67770165353082
"RRC",0.052001953125,0.00120354462389893,-3.66661312274791
"RRC",0.05224609375,0.0012091830211899,-3.64631469169231
"RRC",0.052490234375,0.00121580047306084,-3.62261201518006
"RRC",0.052734375,0.00122164938502042,-3.60176928845684
"RRC",0.052978515625,0.00122516323846547,-3.5892955240513
"RRC",0.05322265625,0.00122525888391621,-3.58895649437053
"RRC",0.053466796875,0.0012215429361885,-3.60214772890902
"RRC",0.0537109375,0.00121438378695944,-3.62767549152829
"RRC",0.053955078125,0.00120483942530018,-3.66194339278449
"RRC",0.05419921875,0.00119446030831899,-3.69951786742407
"RRC",0.054443359375,0.00118500955372455,-3.73401657840485
"RRC",0.0546875,0.00117815540269513,-3.75920930402709
"RRC",0.054931640625,0.0011751917404394,-3.77014779092279
"RRC",0.05517578125,0.00117683273658966,-3.76408768657029
"RRC",0.055419921875,0.00118311063543507,-3.7409815113102
"RRC",0.0556640625,0.00119338553271995,-3.70342740911597
"RRC",0.055908203125,0.00120645662035076,-3.65611798620944
"RRC",0.05615234375,0.00122074900258976,-3.60497131430928
"RRC",0.056396484375,0.00123454075221964,-3.55618078972134
"RRC",0.056640625,0.00124619216676567,-3.51538492480815
"RRC",0.056884765625,0.00125434294656101,-3.48707217521654
"RRC",0.05712890625,0.00125805210668291,-3.47424880222266
"RRC",0.057373046875,0.00125686796404101,-3.47833852784979
"RRC",0.0576171875,0.0012508290531104,-3.49925549465816
"RRC",0.057861328125,0.00124040861990004,-3.53558733954545
"RRC",0.05810546875,0.00122642299102963,-3.58483226162352
"RRC",0.058349609375,0.00120992606821051,-3.64364675718364
"RRC",0.05859375,0.00119210834037649,-3.70807783095396
"RRC",0.058837890625,0.00117421066076627,-3.77377490488925
"RRC",0.05908203125,0.00115745348025188,-3.8361996443752
"RRC",0.059326171875,0.00114297467955925,-3.89086900018322
"RRC",0.0595703125,0.0011317664383834,-3.9336669840857
"RRC",0.059814453125,0.00112460490511427,-3.96123536137085
"RRC",0.06005859375,0.00112197472451276,-3.97140436164545
"RRC",0.060302734375,0.00112400059541014,-3.96356968258567
"RRC",0.060546875,0.00113040569907863,-3.93889171153115
"RRC",0.060791015625,0.00114051816988354,-3.90021301024842
"RRC",0.06103515625,0.00115333978480704,-3.85166236141032
"RRC",0.061279296875,0.0011676766330067,-3.79800920148833
"RRC",0.0615234375,0.00118231352100757,-3.74390853316773
"RRC",0.061767578125,0.0011961979916526,-3.69320440626571
"RRC",0.06201171875,0.00120859186324376,-3.64843843481425
"RRC",0.062255859375,0.00121915193359974,-3.61065677750455
"RRC",0.0625,0.00122791724267645,-3.57954411684182
"RRC",0.062744140625,0.00123520439673253,-3.55384680674375
"RRC",0.06298828125,0.00124143819812681,-3.53198405375859
"RRC",0.063232421875,0.00124696437271167,-3.51269464213512
"RRC",0.0634765625,0.00125189810486936,-3.49554527553547
"RRC",0.063720703125,0.00125605350601535,-3.48115369452239
"RRC",0.06396484375,0.00125897686872133,-3.47105758692596
"RRC",0.064208984375,0.00126007674030603,-3.46726514528296
"RRC",0.064453125,0.00125881519420531,-3.47161533235142
"RRC",0.064697265625,0.00125490580193042,-3.48512382326224
"RRC",0.06494140625,0.00124846054378355,-3.50748688041031
"RRC",0.065185546875,0.00124004141999883,-3.5368731779171
"RRC",0.0654296875,0.00123059893746189,-3.57006973779342
"RRC",0.065673828125,0.00122131115211276,-3.60297186773802
"RRC",0.06591796875,0.00121336424972626,-3.63132314699998
"RRC",0.066162109375,0.00120773082631464,-3.65153358104183
"RRC",0.06640625,0.00120500094763261,-3.66136121100539
"RRC",0.066650390625,0.00120530456863449,-3.66026706816319
"RRC",0.06689453125,0.00120833741363715,-3.64935286836046
"RRC",0.067138671875,0.00121347416728776,-3.63092974140591
"RRC",0.0673828125,0.00121993115948055,-3.6078818534959
"RRC",0.067626953125,0.00122693155775756,-3.58303172507334
"RRC",0.06787109375,0.00123383117188265,-3.55867771354631
"RRC",0.068115234375,0.00124017962250859,-3.53638918406004
"RRC",0.068359375,0.0012457137761492,-3.51705242279754
"RRC",0.068603515625,0.00125030073095103,-3.50109024472476
"RRC",0.06884765625,0.00125386016031586,-3.48874406059313
"RRC",0.069091796875,0.00125629743587989,-3.48031036174826
"RRC",0.0693359375,0.00125747039612487,-3.47625740035403
"RRC",0.069580078125,0.00125719786649847,-3.47719874212163
"RRC",0.06982421875,0.00125530266324243,-3.48375059325594
"RRC",0.070068359375,0.00125167101510397,-3.49633314139854
"RRC",0.0703125,0.00124630716261092,-3.51498418599564
"RRC",0.070556640625,0.00123936638982065,-3.53923795137296
"RRC",0.07080078125,0.00123115921801983,-3.56809288431341
"RRC",0.071044921875,0.00122212974640984,-3.6000619467356
"RRC",0.0712890625,0.00121281814872607,-3.63327822387385
"RRC",0.071533203125,0.00120381881513204,-3.66562382683931
"RRC",0.07177734375,0.00119574173885805,-3.69486120447767
"RRC",0.072021484375,0.00118917793549333,-3.71876667022392
"RRC",0.072265625,0.00118466358184525,-3.73528471684037
"RRC",0.072509765625,0.00118263545076522,-3.74272616247102
"RRC",0.07275390625,0.00118337364042055,-3.74001618383649
"RRC",0.072998046875,0.00118693565150253,-3.72696334784456
"RRC",0.0732421875,0.00119309546244238,-3.70448315539502
"RRC",0.073486328125,0.00120130822837064,-3.67469057760222
"RRC",0.07373046875,0.00121072193466543,-3.64079098945742
"RRC",0.073974609375,0.00122025009973032,-3.60674657724707
"RRC",0.07421875,0.00122870555536926,-3.57675687685916
"RRC",0.074462890625,0.00123497815798475,-3.55464232883859
"RRC",0.07470703125,0.00123822421616095,-3.54324216217134
"RRC",0.074951171875,0.001238027480439,-3.54393224742183
"RRC",0.0751953125,0.00123449385913646,-3.55634575628092
"RRC",0.075439453125,0.00122825472080597,-3.57835067523825
"RRC",0.07568359375,0.00122037367613274,-3.60630678353333
"RRC",0.075927734375,0.00121217376332861,-3.63558629778973
"RRC",0.076171875,0.0012050199781306,-3.66129262371491
"RRC",0.076416015625,0.00120010123698838,-3.67905626157844
"RRC",0.07666015625,0.00119825390147257,-3.68574657834211
"RRC",0.076904296875,0.00119985692175134,-3.67994048332432
"RRC",0.0771484375,0.00120481031132847,-3.66204833780672
"RRC",0.077392578125,0.00121258944503585,-3.63409725941412
"RRC",0.07763671875,0.00122235283823146,-3.59926924280746
"RRC",0.077880859375,0.00123307415158357,-3.56134315632413
"RRC",0.078125,0.00124367101687373,-3.52417996115807
"RRC",0.078369140625,0.00125311199000877,-3.49133624132795
"RRC",0.07861328125,0.00126049467814842,-3.46582493137699
"RRC",0.078857421875,0.0012650985025651,-3.44999167866096
"RRC",0.0791015625,0.00126642125334355,-3.44545319212573
"RRC",0.079345703125,0.00126420821512313,-3.45304901399018
"RRC",0.07958984375,0.00125847721798568,-3.47278151556773
"RRC",0.079833984375,0.00124953539164769,-3.50374948021309
"RRC",0.080078125,0.00123797731335163,-3.54410823487773
"RRC",0.080322265625,0.00122465266246696,-3.59110578531929
"RRC",0.08056640625,0.0012105957208485,-3.64124375090453
"RRC",0.080810546875,0.00119691816353087,-3.69059051991911
"RRC",0.0810546875,0.00118467772453069,-3.73523287044554
"RRC",0.081298828125,0.00117474470208889,-3.77180014447289
"RRC",0.08154296875,0.00116769244851549,-3.79795037919552
"RRC",0.081787109375,0.00116373508789171,-3.81269380574903
"RRC",0.08203125,0.00116272607027388,-3.81646099360431
"RRC",0.082275390625,0.00116421732295922,-3.81089452470857
"RRC",0.08251953125,0.00116756460175174,-3.79842589981605
"RRC",0.082763671875,0.00117205422894691,-3.78175803337198
"RRC",0.0830078125,0.00117702265140655,-3.76338688772253
"RRC",0.083251953125,0.00118194405878509,-3.74526587601543
"RRC",0.08349609375,0.0011864713129303,-3.7286626744687
"RRC",0.083740234375,0.00119042853949655,-3.71420179386005
"RRC",0.083984375,0.0011937660770752,-3.7020427604466
"RRC",0.084228515625,0.00119649670252423,-3.69212003487289
"RRC",0.08447265625,0.00119863425544922,-3.68436824423718
"RRC",0.084716796875,0.00120015199656333,-3.67887257593228
"RRC",0.0849609375,0.00120097002097666,-3.67591343016691
"RRC",0.085205078125,0.00120097159901413,-3.67590772367546
"RRC",0.08544921875,0.00120004028058176,-3.67927685716287
"RRC",0.085693359375,0.00119810500220276,-3.68628628156618
"RRC",0.0859375,0.00119517998627717,-3.69690197434475
"RRC",0.086181640625,0.00119138930251557,-3.71069813297678
"RRC",0.08642578125,0.00118697105608279,-3.72683380599028
"RRC",0.086669921875,0.00118226150849993,-3.74409959282775
"RRC",0.0869140625,0.00117766361078354,-3.76102253768664
"RRC",0.087158203125,0.0011736067216766,-3.77600921341594
"RRC",0.08740234375,0.00117050470590808,-3.78750345470143
"RRC",0.087646484375,0.00116871863845131,-3.79413539425854
"RRC",0.087890625,0.00116852858314466,-3.79484169499004
"RRC",0.088134765625,0.0011701168254066,-3.7889428532605
"RRC",0.08837890625,0.00117356275983252,-3.77617189775937
"RRC",0.088623046875,0.00117884750526056,-3.75665880794837
"RRC",0.0888671875,0.00118586447765359,-3.73088449499591
"RRC",0.089111328125,0.00119443103782336,-3.69962429348446
"RRC",0.08935546875,0.00120429651616553,-3.66390079536428
"RRC",0.089599609375,0.0012151438161144,-3.62495828445945
"RRC",0.08984375,0.00122658531636191,-3.58425748170147
"RRC",0.090087890625,0.00123815808506089,-3.5434741164365
"RRC",0.09033203125,0.00124932696170819,-3.50447396968068
"RRC",0.090576171875,0.00125950508501664,-3.46923584327337
"RRC",0.0908203125,0.00126809864011017,-3.43970472729811
"RRC",0.091064453125,0.00127457583266886,-3.41757830017313
"RRC",0.09130859375,0.00127855081175111,-3.40405517252326
"RRC",0.091552734375,0.00127986430576927,-3.39959582384045
"RRC",0.091796875,0.0012786375793216,-3.40376045292247
"RRC",0.092041015625,0.00127527784814597,-3.41518693585353
"RRC",0.09228515625,0.00127042257838746,-3.43175305965233
"RRC",0.092529296875,0.00126482564022082,-3.45092848628214
"RRC",0.0927734375,0.00125920607225335,-3.4702670023513
"RRC",0.093017578125,0.00125409472815696,-3.48793167341831
"RRC",0.09326171875,0.00124972000906975,-3.50310786249136
"RRC",0.093505859375,0.00124596799664941,-3.51616622166212
"RRC",0.09375,0.00124243481485874,-3.52849897084
"RRC",0.093994140625,0.00123856400257928,-3.54205055954408
"RRC",0.09423828125,0.00123383602325464,-3.55866063730451
"RRC",0.094482421875,0.0012279586558978,-3.57939764744145
"RRC",0.0947265625,0.0012210022567098,-3.6040704292021
"RRC",0.094970703125,0.00121343540737079,-3.63106846283365
"RRC",0.09521484375,0.00120604210463043,-3.65761039646366
"RRC",0.095458984375,0.00119973474606218,-3.6803827271309
"RRC",0.095703125,0.00119530838548911,-3.6964354331146
"RRC",0.095947265625,0.00119320175574367,-3.70409625812259
"RRC",0.09619140625,0.00119333293777281,-3.70361881581605
"RRC",0.096435546875,0.00119506076865564,-3.69733519894869
"RRC",0.0966796875,0.0011972911476165,-3.68923738065275
"RRC",0.096923828125,0.00119870884966157,-3.68409797958673
"RRC",0.09716796875,0.00119808093021922,-3.6863735396498
"RRC",0.097412109375,0.00119455699248764,-3.69916634714885
"RRC",0.09765625,0.00118789043811587,-3.72347123040724
"RRC",0.097900390625,0.00117852382198531,-3.7578514402637
"RRC",0.09814453125,0.00116751549074188,-3.79860857997898
"RRC",0.098388671875,0.00115632459946947,-3.84043744693482
"RRC",0.0986328125,0.00114650667819353,-3.87746920787957
"RRC",0.098876953125,0.00113939296644943,-3.90449975348448
"RRC",0.09912109375,0.00113582855511549,-3.91810726752494
"RRC",0.099365234375,0.00113602708672119,-3.9173482300274
"RRC",0.099609375,0.00113956859327862,-3.90383038051842
"RRC",0.099853515625,0.00114553071980067,-3.8811676935201
"RRC",0.10009765625,0.00115271181026507,-3.85402766742235
"RRC",0.100341796875,0.00115988515820038,-3.82708518276919
"RRC",0.1005859375,0.00116602141113793,-3.80416984293276
"RRC",0.100830078125,0.00117043019962439,-3.78777990551438
"RRC",0.10107421875,0.00117279771914792,-3.77900396864109
"RRC",0.101318359375,0.00117312660662983,-3.77778624803584
"RRC",0.1015625,0.00117160982743162,-3.78340503672663
"RRC",0.101806640625,0.00116848491370461,-3.79500399954558
"RRC",0.10205078125,0.00116391560933062,-3.81202016975169
"RRC",0.102294921875,0.00115793561613562,-3.83439097250069
"RRC",0.1025390625,0.00115046804241542,-3.86248950163752
"RRC",0.102783203125,0.00114141075255893,-3.89681550082978
"RRC",0.10302734375,0.00113075870661453,-3.9375356913694
"RRC",0.103271484375,0.00111872451012179,-3.98400356410135
"RRC",0.103515625,0.0011058198192235,-4.03439140166681
"RRC",0.103759765625,0.00109287176640591,-4.08554303142091
"RRC",0.10400390625,0.00108096632155536,-4.13311346205609
"RRC",0.104248046875,0.00107132923016353,-4.17200555176344
"RRC",0.1044921875,0.00106516981371694,-4.19704659255575
"RRC",0.104736328125,0.0010635199974128,-4.20377849174333
"RRC",0.10498046875,0.00106709937666623,-4.18918643330485
"RRC",0.105224609375,0.00107622834846322,-4.15219082124548
"RRC",0.10546875,0.00109079853695994,-4.09378962777987
"RRC",0.105712890625,0.00111029685360959,-4.01684400447283
"RRC",0.10595703125,0.00113386995472098,-3.92560262033094
"RRC",0.106201171875,0.00116041155055733,-3.8251146649557
"RRC",0.1064453125,0.00118865609478622,-3.72067288016356
"RRC",0.106689453125,0.00121726732928911,-3.6173754357288
"RRC",0.10693359375,0.00124491653707663,-3.51983273539524
"RRC",0.107177734375,0.00127035071098642,-3.43199874560816
"RRC",0.107421875,0.00129245352041368,-3.35708575724525
"RRC",0.107666015625,0.00131030154287236,-3.29752257147496
"RRC",0.10791015625,0.00132321553389605,-3.25492918907038
"RRC",0.108154296875,0.00133080312281034,-3.23009698251545
"RRC",0.1083984375,0.00133298692571477,-3.22297619787286
"RRC",0.108642578125,0.00133001179917281,-3.23268015728998
"RRC",0.10888671875,0.00132242703633526,-3.25751789968184
"RRC",0.109130859375,0.00131104303306804,-3.29506562543349
"RRC",0.109375,0.0012968660644506,-3.34228383482008
"RRC",0.109619140625,0.00128101802908216,-3.39568267487992
"RRC",0.10986328125,0.00126464953582148,-3.45153320594667
"RRC",0.110107421875,0.00124885446105452,-3.50611680015857
"RRC",0.1103515625,0.00123459269966668,-3.55599804958159
"RRC",0.110595703125,0.00122262618619012,-3.59829816281539
"RRC",0.11083984375,0.00121347212340617,-3.63093705633085
"RRC",0.111083984375,0.00120737692379308,-3.65280638481911
"RRC",0.111328125,0.00120431418616841,-3.66383707411003
"RRC",0.111572265625,0.0012040092050871,-3.66493702274555
"RRC",0.11181640625,0.00120599019733329,-3.65779731811231
"RRC",0.112060546875,0.00120966234984739,-3.64459345894069
"RRC",0.1123046875,0.00121439557061872,-3.62763335037467
"RRC",0.112548828125,0.00121961195093023,-3.60901838198913
"RRC",0.11279296875,0.00122485634697202,-3.59038352582596
"RRC",0.113037109375,0.00122983480347317,-3.57276730432314
"RRC",0.11328125,0.00123441140521033,-3.55663583857496
"RRC",0.113525390625,0.00123856372545152,-3.54205153127481
"RRC",0.11376953125,0.00124230808484696,-3.52894197961055
"RRC",0.114013671875,0.00124561521268088,-3.51739605923114
"RRC",0.1142578125,0.0012483415588535,-3.50790080587551
"RRC",0.114501953125,0.00125019947200306,-3.50144198396733
"RRC",0.11474609375,0.00125078060340489,-3.49942371786357
"RRC",0.114990234375,0.00124963312111691,-3.50340982029012
"RRC",0.115234375,0.00124637812850313,-3.51473690170743
"RRC",0.115478515625,0.00124083822278463,-3.53408346527671
"RRC",0.11572265625,0.0012331450037301,-3.56109361892017
"RRC",0.115966796875,0.00122379455264273,-3.59414993815614
"RRC",0.1162109375,0.00121363025536754,-3.63037114828401
"RRC",0.116455078125,0.00120374848400998,-3.66587756361529
"RRC",0.11669921875,0.00119534069144113,-3.69631805665118
"RRC",0.116943359375,0.00118950101750294,-3.71758691677577
"RRC",0.1171875,0.00118703778205357,-3.72658967277177
"RRC",0.117431640625,0.00118832800511504,-3.72187177362418
"RRC",0.11767578125,0.00119324612333531,-3.70393477460229
"RRC",0.117919921875,0.00120118313569994,-3.67514283360177
"RRC",0.1181640625,0.00121115380360571,-3.63924212139045
"RRC",0.118408203125,0.00122197129411888,-3.60062505729908
"RRC",0.11865234375,0.00123245470134725,-3.56352543721519
"RRC",0.118896484375,0.00124162817948831,-3.53131948950959
"RRC",0.119140625,0.0012488724069958,-3.50605439282836
"RRC",0.119384765625,0.00125399938413681,-3.48826186343512
"RRC",0.11962890625,0.00125723799039177,-3.47706013778692
"RRC",0.119873046875,0.00125913678120467,-3.47050599062133
"RRC",0.1201171875,0.00126040802222567,-3.46612350846276
"RRC",0.120361328125,0.00126174902237865,-3.46150532639677
"RRC",0.12060546875,0.00126368066493377,-3.45486168970787
"RRC",0.120849609375,0.0012664377426709,-3.44539664556005
"RRC",0.12109375,0.00126993255062135,-3.43342854474503
"RRC",0.121337890625,0.00127379540513911,-3.42023831591388
"RRC",0.12158203125,0.0012774777677406,-3.40770158808934
"RRC",0.121826171875,0.00128038994811738,-3.39781253552759
"RRC",0.1220703125,0.00128203928454163,-3.39222176410141
"RRC",0.122314453125,0.0012821375007943,-3.39188906647439
"RRC",0.12255859375,0.00128065640869731,-3.3969088239675
"RRC",0.122802734375,0.0012778259549052,-3.40651804373136
"RRC",0.123046875,0.001274083386274,-3.41925656891139
"RRC",0.123291015625,0.00126999285732718,-3.43322231136916
"RRC",0.12353515625,0.00126615846597717,-3.44635446368428
"RRC",0.123779296875,0.00126315011735839,-3.4566854278812
"RRC",0.1240234375,0.00126145275249951,-3.46252520816395
"RRC",0.124267578125,0.00126143891636577,-3.46257284363407
"RRC",0.12451171875,0.00126335630794566,-3.45597656418249
"RRC",0.124755859375,0.00126731877645216,-3.44237640172758
"RRC",0.125,0.00127329211630791,-3.42195459431573
"RRC",0.125244140625,0.00128107356948383,-3.39549438426625
"RRC",0.12548828125,0.00129027295226143,-3.36441916208678
"RRC",0.125732421875,0.00130030989216372,-3.33076643073207
"RRC",0.1259765625,0.00131044261223814,-3.29705502757476
"RRC",0.126220703125,0.00131983775033388,-3.26602963543292
"RRC",0.12646484375,0.00132767902449189,-3.24030415495449
"RRC",0.126708984375,0.00133329853393407,-3.22196107977824
"RRC",0.126953125,0.00133630270946871,-3.21218660569656
"RRC",0.127197265625,0.00133665975663876,-3.21102636780607
"RRC",0.12744140625,0.0013347195618373,-3.21733483952644
"RRC",0.127685546875,0.00133115050077812,-3.22896349668714
"RRC",0.1279296875,0.00132679758463861,-3.24318837308745
"RRC",0.128173828125,0.00132248786435613,-3.25731814071185
"RRC",0.12841796875,0.00131882605245313,-3.26935991819217
"RRC",0.128662109375,0.00131603072632374,-3.27857480363376
"RRC",0.12890625,0.00131385631550568,-3.28575636557797
"RRC",0.129150390625,0.00131162862180102,-3.29312624457997
"RRC",0.12939453125,0.00130839546787881,-3.30384478435089
"RRC",0.129638671875,0.0013031653528119,-3.32123984658306
"RRC",0.1298828125,0.00129518290514096,-3.34792405930394
"RRC",0.130126953125,0.00128417689116323,-3.38498659051205
"RRC",0.13037109375,0.00127051851623533,-3.43142510810678
"RRC",0.130615234375,0.00125524510999865,-3.48394971359504
"RRC",0.130859375,0.00123993352413945,-3.53725107348005
"RRC",0.131103515625,0.00122644208023684,-3.58476466444949
"RRC",0.13134765625,0.00121657149263667,-3.61985873925713
"RRC",0.131591796875,0.00121171608460213,-3.63722636693666
"RRC",0.1318359375,0.00121258142065137,-3.63412599921097
"RRC",0.132080078125,0.00121903159156301,-3.61108548914171
"RRC",0.13232421875,0.00123010149478474,-3.57182563306502
"RRC",0.132568359375,0.00124417294623437,-3.52242755901534
"RRC",0.1328125,0.00125927692266876,-3.47002264934577
"RRC",0.133056640625,0.00127345634172734,-3.42139449036577
"RRC",0.13330078125,0.00128511116172237,-3.38182813915922
"RRC",0.133544921875,0.0012932531497502,-3.35439964730484
"RRC",0.1337890625,0.00129761992796919,-3.33976003028693
"RRC",0.134033203125,0.0012986313306966,-3.33637633123814
"RRC",0.13427734375,0.0012972075135727,-3.34114054056898
"RRC",0.134521484375,0.0012944988771173,-3.3502183149541
"RRC",0.134765625,0.00129159550346643,-3.35996985143868
"RRC",0.135009765625,0.00128928458911341,-3.36774717997685
"RRC",0.13525390625,0.00128790864656906,-3.37238450637465
"RRC",0.135498046875,0.00128734945729183,-3.37427055283261
"RRC",0.1357421875,0.00128713017500465,-3.37501037680589
"RRC",0.135986328125,0.00128659888788277,-3.37680337881174
"RRC",0.13623046875,0.00128513853797079,-3.38173562399522
"RRC",0.136474609375,0.00128234467174361,-3.39118737939497
"RRC",0.13671875,0.00127812444580285,-3.40550368171323
"RRC",0.136962890625,0.00127269407775236,-3.42399486342658
"RRC",0.13720703125,0.00126648097927285,-3.44524837852341
"RRC",0.137451171875,0.00125996334644014,-3.46765598295677
"RRC",0.1376953125,0.00125349699923514,-3.49000210916354
"RRC",0.137939453125,0.0012471823459582,-3.51193554823175
"RRC",0.13818359375,0.00124081282757331,-3.53417234965185
"RRC",0.138427734375,0.00123392329843025,-3.55835345072552
"RRC",0.138671875,0.00122592877273133,-3.58658271427787
"RRC",0.138916015625,0.00121631839937845,-3.62076233136962
"RRC",0.13916015625,0.00120485330359861,-3.66189336758123
"RRC",0.139404296875,0.00119171437167128,-3.70951332727178
"RRC",0.1396484375,0.00117755775877545,-3.76141291239737
"RRC",0.139892578125,0.00116345863041605,-3.81372564040704
"RRC",0.14013671875,0.00115075126324985,-3.86142049230085
"RRC",0.140380859375,0.00114079882683956,-3.89914443654212
"RRC",0.140625,0.00113474251565309,-3.92226182571245
"RRC",0.140869140625,0.00113328339426282,-3.92784984349367
"RRC",0.14111328125,0.00113654112057629,-3.91538356230149
"RRC",0.141357421875,0.00114401483710648,-3.88691852545713
"RRC",0.1416015625,0.00115464852098655,-3.84673705948813
"RRC",0.141845703125,0.00116698210461325,-3.80059313251722
"RRC",0.14208984375,0.00117935564492683,-3.75478719433022
"RRC",0.142333984375,0.0011901291199634,-3.71529427948994
"RRC",0.142578125,0.00119788449533785,-3.68708565831655
"RRC",0.142822265625,0.00120158654718496,-3.67368452168136
"RRC",0.14306640625,0.00120069043602788,-3.67692458226938
"RRC",0.143310546875,0.00119519348226159,-3.69685293404506
"RRC",0.1435546875,0.00118563392047161,-3.73172893758367
"RRC",0.143798828125,0.00117304069053938,-3.7781043232562
"RRC",0.14404296875,0.00115883746768704,-3.83100981122255
"RRC",0.144287109375,0.00114470385132587,-3.88430365553899
"RRC",0.14453125,0.0011323991426748,-3.9312397765362
"RRC",0.144775390625,0.00112356012093901,-3.96527193368207
"RRC",0.14501953125,0.00111949241006057,-3.98102356054454
"RRC",0.145263671875,0.00112098259731459,-3.97524639101819
"RRC",0.1455078125,0.00112816189986591,-3.94752080846519
"RRC",0.145751953125,0.00114044933685188,-3.9004751253881
"RRC",0.14599609375,0.00115659234236543,-3.83943196973241
"RRC",0.146240234375,0.00117480707773029,-3.77156955243314
"RRC",0.146484375,0.0011930027607662,-3.70482060861513
"RRC",0.146728515625,0.0012090583571548,-3.64676246256475
"RRC",0.14697265625,0.00122110975656954,-3.60368808313716
"RRC",0.147216796875,0.00122780331700743,-3.57994707221263
"RRC",0.1474609375,0.00122847755014998,-3.57756285186884
"RRC",0.147705078125,0.00122324696104498,-3.59609364047486
"RRC",0.14794921875,0.00121297768975161,-3.63270696568278
"RRC",0.148193359375,0.00119916048739283,-3.68246199572564
"RRC",0.1484375,0.0011837002180398,-3.73881781938035
"RRC",0.148681640625,0.00116865112312022,-3.7943862876878
"RRC",0.14892578125,0.00115593312370906,-3.84190800761206
"RRC",0.149169921875,0.00114706660927389,-3.87534871768546
"RRC",0.1494140625,0.00114296161392331,-3.89091864578015
"RRC",0.149658203125,0.00114379186911651,-3.88776504599339
"RRC",0.14990234375,0.00114897463340333,-3.86813068931475
"RRC",0.150146484375,0.0011572634462711,-3.83691273985974
"RRC",0.150390625,0.00116694398270797,-3.80073500618829
"RRC",0.150634765625,0.00117610527353447,-3.76677312239023
"RRC",0.15087890625,0.00118294318401385,-3.74159623298512
"RRC",0.151123046875,0.00118604416015542,-3.73022650068749
"RRC",0.1513671875,0.00118459809946045,-3.73552478013616
"RRC",0.151611328125,0.00117850107170342,-3.75793527749354
"RRC",0.15185546875,0.00116833001757642,-3.79557974504378
"RRC",0.152099609375,0.00115519818303227,-3.84467012407238
"RRC",0.15234375,0.00114052566657288,-3.90018446392447
"RRC",0.152587890625,0.00112577751532474,-3.95670939115975
"RRC",0.15283203125,0.00111222733545715,-4.00929944924342
"RRC",0.153076171875,0.00110079557042549,-4.05416836243341
"RRC",0.1533203125,0.00109199051332115,-4.08904644100584
"RRC",0.153564453125,0.00108595229919894,-4.11312760399728
"RRC",0.15380859375,0.00108257312298706,-4.12666268876087
"RRC",0.154052734375,0.00108164819586639,-4.13037479311568
"RRC",0.154296875,0.00108300667882891,-4.12492374649634
"RRC",0.154541015625,0.00108658141129881,-4.1106123848337
"RRC",0.15478515625,0.00109239782391053,-4.0874268320707
"RRC",0.155029296875,0.00110048964195614,-4.05537550311835
"RRC",0.1552734375,0.00111077381178964,-4.01497877513
"RRC",0.155517578125,0.00112293209020769,-3.96770016634478
"RRC",0.15576171875,0.00113634726645365,-3.91612437981317
"RRC",0.156005859375,0.00115012753138688,-3.86377509971032
"RRC",0.15625,0.00116322693134453,-3.81459061013229
"RRC",0.156494140625,0.00117464034814353,-3.77218595047487
"RRC",0.15673828125,0.00118362657510848,-3.73908802051024
"RRC",0.156982421875,0.00118990027779683,-3.71612943632093
"RRC",0.1572265625,0.00119373716332942,-3.70214795050481
"RRC",0.157470703125,0.00119595623026679,-3.69408223960265
"RRC",0.15771484375,0.00119777366361418,-3.68748749866982
"RRC",0.157958984375,0.00120055660363887,-3.67740868629656
"RRC",0.158203125,0.00120553240308266,-3.6594462142848
"RRC",0.158447265625,0.00121352235700568,-3.63075727697617
"RRC",0.15869140625,0.00122476423522289,-3.59071013660543
"RRC",0.158935546875,0.00123886619730313,-3.54099106247583
"RRC",0.1591796875,0.00125490151134888,-3.48513867201878
"RRC",0.159423828125,0.00127161783811808,-3.42766898026213
"RRC",0.15966796875,0.00128770633119084,-3.37306678577824
"RRC",0.159912109375,0.00130206211765582,-3.32491805875146
"RRC",0.16015625,0.00131397239874517,-3.28537267001888
"RRC",0.160400390625,0.00132318986341918,-3.25501344333062
"RRC",0.16064453125,0.00132988113349479,-3.23310684651711
"RRC",0.160888671875,0.00133447354735252,-3.21813540156254
"RRC",0.1611328125,0.00133744953209752,-3.2084610640236
"RRC",0.161376953125,0.00133914931356105,-3.20294506516194
"RRC",0.16162109375,0.00133963723136939,-3.20136300544516
"RRC",0.161865234375,0.0013386667451619,-3.20451034664927
"RRC",0.162109375,0.00133575058989248,-3.21398134900336
"RRC",0.162353515625,0.00133031372212447,-3.23169438715489
"RRC",0.16259765625,0.00132188551562553,-3.25929665657793
"RRC",0.162841796875,0.00131027931151195,-3.29759625710182
"RRC",0.1630859375,0.00129571319248459,-3.34614628928388
"RRC",0.163330078125,0.00127884304054262,-3.40306265154691
"RRC",0.16357421875,0.00126070197567879,-3.46511076119419
"RRC",0.163818359375,0.00124256254081224,-3.52805252628566
"RRC",0.1640625,0.00122575382116898,-3.58720253756532
"RRC",0.164306640625,0.00121147185312355,-3.63810181190039
"RRC",0.16455078125,0.00120061807354366,-3.67718632812569
"RRC",0.164794921875,0.00119368980373945,-3.70232025322967
"RRC",0.1650390625,0.00119073304594192,-3.71309102951329
"RRC",0.165283203125,0.00119135545214408,-3.71082152873303
"RRC",0.16552734375,0.00119478917126372,-3.69832231740451
"RRC",0.165771484375,0.00119999029185274,-3.67945777010142
"RRC",0.166015625,0.00120576262165494,-3.65861692832145
"RRC",0.166259765625,0.00121089610977115,-3.64016625602679
"RRC",0.16650390625,0.00121431168461257,-3.62793335548656
"RRC",0.166748046875,0.00121520299916677,-3.62474676836708
"RRC",0.1669921875,0.00121316161178852,-3.6320485012176
"RRC",0.167236328125,0.00120826732780113,-3.64960477461001
"RRC",0.16748046875,0.0012011227479016,-3.67536117455306
"RRC",0.167724609375,0.00119281344980543,-3.70550982101496
"RRC",0.16796875,0.00118478432555129,-3.73484209621859
"RRC",0.168212890625,0.0011786378689171,-3.75743118947324
"RRC",0.16845703125,0.00117587869568105,-3.7676098756424
"RRC",0.168701171875,0.00117764550969275,-3.76108929074063
"RRC",0.1689453125,0.00118448181971428,-3.73595110304533
"RRC",0.169189453125,0.00119619582026408,-3.69321228976758
"RRC",0.16943359375,0.00121184642789108,-3.63675922510798
"RRC",0.169677734375,0.00122986836448502,-3.57264879114279
"RRC",0.169921875,0.00124831947573668,-3.5079776330911
"RRC",0.170166015625,0.00126520529034334,-3.44962510336686
"RRC",0.17041015625,0.00127881646412765,-3.40315290586221
"RRC",0.170654296875,0.00128800964038818,-3.37204395940471
"RRC",0.1708984375,0.00129237333598149,-3.35735520396939
"RRC",0.171142578125,0.00129224551144724,-3.35778477206589
"RRC",0.17138671875,0.00128858260464153,-3.37011245302734
"RRC",0.171630859375,0.00128271295235317,-3.38994029444749
"RRC",0.171875,0.00127603262954053,-3.41261729639077
"RRC",0.172119140625,0.00126971284808278,-3.43417995358699
"RRC",0.17236328125,0.0012644828450071,-3.45210567816303
"RRC",0.172607421875,0.00126053243205323,-3.46569485492946
"RRC",0.1728515625,0.00125754933169708,-3.47598478791231
"RRC",0.173095703125,0.00125487531488591,-3.48522933330145
"RRC",0.17333984375,0.0012517392569294,-3.49609636799741
"RRC",0.173583984375,0.0012475100880405,-3.51079443298479
"RRC",0.173828125,0.00124191088234849,-3.53033076906133
"RRC",0.174072265625,0.00123514641965394,-3.55405065734786
"RRC",0.17431640625,0.00122791713262921,-3.57954450606112
"RRC",0.174560546875,0.00122131738724714,-3.6029496958489
"RRC",0.1748046875,0.00121664008525196,-3.61961388266843
"RRC",0.175048828125,0.0012151279159516,-3.62501511228553
"RRC",0.17529296875,0.00121772106984212,-3.61575688986026
"RRC",0.175537109375,0.00122485064851317,-3.5904037307667
"RRC",0.17578125,0.00123631707924872,-3.54993640649648
"RRC",0.176025390625,0.00125127589672657,-3.49770430697637
"RRC",0.17626953125,0.00126833272608961,-3.4389031108948
"RRC",0.176513671875,0.00128572912721691,-3.37974026920781
"RRC",0.1767578125,0.0013015849086764,-3.32651005049767
"RRC",0.177001953125,0.00131415353651063,-3.28477401429184
"RRC",0.17724609375,0.00132204690365864,-3.25876646199502
"RRC",0.177490234375,0.00132439380601993,-3.25106368589624
"RRC",0.177734375,0.00132091104850735,-3.26249936780546
"RRC",0.177978515625,0.00131188386278889,-3.29228119616806
"RRC",0.17822265625,0.0012980693169748,-3.33825625114467
"RRC",0.178466796875,0.00128054902232935,-3.39727300644581
"RRC",0.1787109375,0.0012605633037264,-3.46558849326208
"RRC",0.178955078125,0.00123935750538452,-3.53926908401823
"RRC",0.17919921875,0.00121806350944189,-3.61453576685282
"RRC",0.179443359375,0.00119762847578119,-3.68801395954039
"RRC",0.1796875,0.00117879138805378,-3.7568655520203
"RRC",0.179931640625,0.00116209887804534,-3.81880427653194
"RRC",0.18017578125,0.0011479464979886,-3.87201862051957
"RRC",0.180419921875,0.00113663022118654,-3.91504310487379
"RRC",0.1806640625,0.00112839447626535,-3.94662558024645
"RRC",0.180908203125,0.00112346601860115,-3.96563568669205
"RRC",0.18115234375,0.00112206625408019,-3.97105008303409
"RRC",0.181396484375,0.00112439784123335,-3.96203506427282
"RRC",0.181640625,0.00113060484474029,-3.93812667430109
"RRC",0.181884765625,0.00114071003842217,-3.89948246126196
"RRC",0.18212890625,0.00115453843198762,-3.84715115367594
"RRC",0.182373046875,0.00117164206830848,-3.7832855272967
"RRC",0.1826171875,0.0011912459014266,-3.71122090122608
"RRC",0.182861328125,0.0012122358193209,-3.63536397087584
"RRC",0.18310546875,0.00123320564556876,-3.56088005305181
"RRC",0.183349609375,0.00125256963233054,-3.4932163121913
"RRC",0.18359375,0.00126873200490043,-3.43753614076123
"RRC",0.183837890625,0.00128028905713622,-3.39815476035406
"RRC",0.18408203125,0.00128622686057688,-3.37805934733031
"RRC",0.184326171875,0.00128607329731927,-3.37857788460349
"RRC",0.1845703125,0.00127996941066421,-3.39923918758219
"RRC",0.184814453125,0.00126864146273152,-3.43784608302914
"RRC",0.18505859375,0.00125327777815945,-3.49076170276237
"RRC",0.185302734375,0.00123533726064819,-3.55337968597855
"RRC",0.185546875,0.00121633270314348,-3.62071125913641
"RRC",0.185791015625,0.00119763664277472,-3.68798434377724
"RRC",0.18603515625,0.00118034892450457,-3.75113100896985
"RRC",0.186279296875,0.00116524582455943,-3.80705954153572
"RRC",0.1865234375,0.00115280646892661,-3.85367104709309
"RRC",0.186767578125,0.0011432908555702,-3.88966779677414
"RRC",0.18701171875,0.00113683166911063,-3.91427346169284
"RRC",0.187255859375,0.00113350281247306,-3.92700907502641
"RRC",0.1875,0.00113334047134913,-3.92763111939034
"RRC",0.187744140625,0.00113631287996779,-3.91625580167215
"RRC",0.18798828125,0.00114225569434945,-3.89360177778895
"RRC",0.188232421875,0.00115080395771837,-3.86122162749238
"RRC",0.1884765625,0.00116135442802927,-3.82158729389882
"RRC",0.188720703125,0.00117308282502651,-3.77794833167999
"RRC",0.18896484375,0.0011850227142277,-3.73396834670798
"RRC",0.189208984375,0.0011961924681849,-3.69322445994494
"RRC",0.189453125,0.00120574085269653,-3.65869533698737
"RRC",0.189697265625,0.00121307539066419,-3.6323571714629
"RRC",0.18994140625,0.00121794249428,-3.61496726182449
"RRC",0.190185546875,0.0012204423435053,-3.60606242377205
"RRC",0.1904296875,0.00122097962022229,-3.60415094496437
"RRC",0.190673828125,0.00122016742467861,-3.60704083278657
"RRC",0.19091796875,0.00121871103331635,-3.61222766614624
"RRC",0.191162109375,0.00121729836776586,-3.61726469861296
"RRC",0.19140625,0.00121651622070859,-3.62005605473609
"RRC",0.191650390625,0.00121679921176422,-3.61904589836421
"RRC",0.19189453125,0.00121840705312963,-3.61331105163437
"RRC",0.192138671875,0.00122141917309755,-3.60258776543109
"RRC",0.1923828125,0.00122573599681805,-3.58726569113991
"RRC",0.192626953125,0.00123108226572102,-3.56836434394866
"RRC",0.19287109375,0.0012370163481376,-3.5474807033993
"RRC",0.193115234375,0.00124295618848309,-3.52667688577506
"RRC",0.193359375,0.00124823369951443,-3.50827606166361
"RRC",0.193603515625,0.00125218351859843,-3.49455526301375
"RRC",0.19384765625,0.00125426044061624,-3.48735784713051
"RRC",0.194091796875,0.00125416628032882,-3.48768389447258
"RRC",0.1943359375,0.00125195638302769,-3.49534310817546
"RRC",0.194580078125,0.00124809296451832,-3.50876574462992
"RRC",0.19482421875,0.00124341929462566,-3.52505907345389
"RRC",0.195068359375,0.00123904478368648,-3.5403650587044
"RRC",0.1953125,0.00123615261820371,-3.550514165039
"RRC",0.195556640625,0.00123576301556117,-3.55188316224005
"RRC",0.19580078125,0.00123850032400617,-3.54227385009511
"RRC",0.196044921875,0.0012444163718921,-3.52157793373187
"RRC",0.1962890625,0.00125291377010483,-3.49202327186078
"RRC",0.196533203125,0.00126279283530301,-3.45791400373646
"RRC",0.19677734375,0.00127241907226318,-3.42493339432772
"RRC",0.197021484375,0.00127998126666502,-3.399198960278
"RRC",0.197265625,0.00128378988409556,-3.38629560304943
"RRC",0.197509765625,0.00128255670407473,-3.39046934421073
"RRC",0.19775390625,0.0012756015228337,-3.41408480508903
"RRC",0.197998046875,0.00126294891127696,-3.45737726687947
"RRC",0.1982421875,0.00124530290026408,-3.51848509992865
"RRC",0.198486328125,0.0012239137268542,-3.59372703888418
"RRC",0.19873046875,0.001200371943699,-3.6780767344412
"RRC",0.198974609375,0.00117637641877451,-3.76577199339144
"RRC",0.19921875,0.00115352204574534,-3.85097610513884
"RRC",0.199462890625,0.00113314163168888,-3.92839313703288
"RRC",0.19970703125,0.00111621846054574,-3.99374308741519
"RRC",0.199951171875,0.00110336693165752,-4.04403545708188
"RRC",0.2001953125,0.00109486371810213,-4.0776344531209
"RRC",0.200439453125,0.00109070462609804,-4.09416354398433
"RRC",0.20068359375,0.00109066366684555,-4.09432663773975
"RRC",0.200927734375,0.00109433898337958,-4.0797163928031
"RRC",0.201171875,0.00110118151734761,-4.05264596130374
"RRC",0.201416015625,0.0011105124168253,-4.01600090716928
"RRC",0.20166015625,0.00112154082583425,-3.97308422345076
"RRC",0.201904296875,0.00113339343058522,-3.92742818508045
"RRC",0.2021484375,0.00114516176713814,-3.8825666949812
"RRC",0.202392578125,0.00115596536477083,-3.84178687672949
"RRC",0.20263671875,0.00116502153833271,-3.80789555093518
"RRC",0.202880859375,0.00117170874461447,-3.78303838417485
"RRC",0.203125,0.00117561110852238,-3.76859828415459
"RRC",0.203369140625,0.0011765364444031,-3.76518125117865
"RRC",0.20361328125,0.001174506869327,-3.772679483729
"RRC",0.203857421875,0.00116972740669151,-3.79038844009361
"RRC",0.2041015625,0.00116254174868136,-3.81714951515906
"RRC",0.204345703125,0.00115338472329286,-3.85149314712963
"RRC",0.20458984375,0.00114273853581606,-3.8917663649469
"RRC",0.204833984375,0.00113109608954725,-3.93624008612272
"RRC",0.205078125,0.00111893146014897,-3.98320024798585
"RRC",0.205322265625,0.00110667618036928,-4.03102947071851
"RRC",0.20556640625,0.00109470061105453,-4.07828149043256
"RRC",0.205810546875,0.00108330149335266,-4.12374167717414
"RRC",0.2060546875,0.0010726983676737,-4.16645889791383
"RRC",0.206298828125,0.00106304161076361,-4.2057324505157
"RRC",0.20654296875,0.00105443286206489,-4.24104577025726
"RRC",0.206787109375,0.00104695511623673,-4.27195446005203
"RRC",0.20703125,0.00104070612364184,-4.29795399536926
"RRC",0.207275390625,0.00103582657461562,-4.31836460694877
"RRC",0.20751953125,0.00103251496389768,-4.33227155087648
"RRC",0.207763671875,0.00103102413681505,-4.33854677084086
"RRC",0.2080078125,0.00103163930075762,-4.33595631125566
"RRC",0.208251953125,0.00103464203060251,-4.32333392629315
"RRC",0.20849609375,0.00104026780513451,-4.29978351672204
"RRC",0.208740234375,0.00104866492416774,-4.26486767618846
"RRC",0.208984375,0.00105986046946433,-4.21874815349489
"RRC",0.209228515625,0.00107373555068762,-4.16226176991586
"RRC",0.20947265625,0.00109000918774025,-4.09693350902619
"RRC",0.209716796875,0.0011082292879348,-4.02493886174482
"RRC",0.2099609375,0.0011277707446254,-3.94902685133966
"RRC",0.210205078125,0.00114784389711594,-3.87240680049418
"RRC",0.21044921875,0.00116751963609336,-3.79859316005442
"RRC",0.210693359375,0.00118577825313134,-3.73120028315193
"RRC",0.2109375,0.00120158632780914,-3.67368531458067
"RRC",0.211181640625,0.00121399951232505,-3.62904997268778
"RRC",0.21142578125,0.00122228056794639,-3.59952602229792
"RRC",0.211669921875,0.00122601411275956,-3.58628040133591
"RRC",0.2119140625,0.00122519514328348,-3.58918242968509
"RRC",0.212158203125,0.00122026952820693,-3.60667743065969
"RRC",0.21240234375,0.001212111734649,-3.63580853822555
"RRC",0.212646484375,0.00120193657629097,-3.67241958098794
"RRC",0.212890625,0.00119115490162529,-3.71155267337397
"RRC",0.213134765625,0.00118119452929019,-3.74802082687796
"RRC",0.21337890625,0.00117331463867555,-3.77709020435507
"RRC",0.213623046875,0.00116844288537625,-3.7951602103716
"RRC",0.2138671875,0.00116706003592453,-3.80030311942891
"RRC",0.214111328125,0.00116914853016006,-3.79253821541505
"RRC",0.21435546875,0.00117421128926369,-3.77377258032438
"RRC",0.214599609375,0.00118135726912053,-3.74742251609839
"RRC",0.21484375,0.00118944191751679,-3.71780269999189
"RRC",0.215087890625,0.00119724419193059,-3.68940770676948
"RRC",0.21533203125,0.00120365701931257,-3.66620756712604
"RRC",0.215576171875,0.00120786501159061,-3.65105108372956
"RRC",0.2158203125,0.00120948240186926,-3.64523955846838
"RRC",0.216064453125,0.00120862660271145,-3.64831360406903
"RRC",0.21630859375,0.00120590966556508,-3.65808733431987
"RRC",0.216552734375,0.00120234169840715,-3.67095600413771
"RRC",0.216796875,0.00119915599161717,-3.68247827790172
"RRC",0.217041015625,0.00119758247514984,-3.688180774245
"RRC",0.21728515625,0.00119861010068959,-3.68445576371589
"RRC",0.217529296875,0.00120278547606419,-3.66935334302375
"RRC",0.2177734375,0.00121009145994362,-3.64305313572166
"RRC",0.218017578125,0.0012199348739776,-3.6078686299373
"RRC",0.21826171875,0.00123124959078837,-3.56777410382035
"RRC",0.218505859375,0.00124269535420231,-3.52758834812047
"RRC",0.21875,0.00125291048503196,-3.49203465884468
"RRC",0.218994140625,0.00126076418522161,-3.46489646316719
"RRC",0.21923828125,0.00126555497360322,-3.44842494613895
"RRC",0.219482421875,0.00126711562586723,-3.44307262947873
"RRC",0.2197265625,0.00126580788738743,-3.44755712064509
"RRC",0.219970703125,0.00126241574070307,-3.45921108554335
"RRC",0.22021484375,0.00125796727441165,-3.47454166314088
"RRC",0.220458984375,0.00125352707231203,-3.48989791733307
"RRC",0.220703125,0.00125000158691453,-3.50212945189613
"RRC",0.220947265625,0.00124799078250153,-3.50912131832508
"RRC",0.22119140625,0.0012477046593747,-3.5101171264961
"RRC",0.221435546875,0.00124894820594418,-3.50579081052902
"RRC",0.2216796875,0.00125116694898636,-3.49808246068723
"RRC",0.221923828125,0.00125353933578091,-3.48985542977195
"RRC",0.22216796875,0.00125510086902113,-3.48444879269561
"RRC",0.222412109375,0.00125488570534282,-3.48519337355816
"RRC",0.22265625,0.00125207163305741,-3.49494333268043
"RRC",0.222900390625,0.00124611262094913,-3.51566214860005
"RRC",0.22314453125,0.00123684027541778,-3.54809890746203
"RRC",0.223388671875,0.00122451419445047,-3.59159685758228
"RRC",0.2236328125,0.00120980453507823,-3.64408301375443
"RRC",0.223876953125,0.00119370006382593,-3.70228292460564
"RRC",0.22412109375,0.00117735083610503,-3.76217612991139
"RRC",0.224365234375,0.00116187270598937,-3.81964959905527
"RRC",0.224609375,0.00114815525562617,-3.87122891431287
"RRC",0.224853515625,0.00113671953796205,-3.9147018482536
"RRC",0.22509765625,0.00112766365775392,-3.94943925293601
"RRC",0.225341796875,0.00112071321704951,-3.97629015763872
"RRC",0.2255859375,0.00111536512000212,-3.99706450553791
"RRC",0.225830078125,0.00111108554438286,-4.01376012242298
"RRC",0.22607421875,0.00110750505602096,-4.0277779199185
"RRC",0.226318359375,0.00110455239155559,-4.03937189228303
"RRC",0.2265625,0.00110248492199431,-4.04750850944938
"RRC",0.226806640625,0.00110180395042279,-4.05019184382495
"RRC",0.22705078125,0.00110307780167539,-4.04517364608444
"RRC",0.227294921875,0.00110672426903671,-4.03084075978808
"RRC",0.2275390625,0.00111281725119186,-4.00699659962041
"RRC",0.227783203125,0.00112097601513273,-3.97527189198189
"RRC",0.22802734375,0.00113037144946037,-3.9390232983196
"RRC",0.228271484375,0.00113984959859947,-3.90275958919732
"RRC",0.228515625,0.00114813946897421,-3.87128862838842
"RRC",0.228759765625,0.00115408984492857,-3.84883889950144
"RRC",0.22900390625,0.00115687502343563,-3.83837064653113
"RRC",0.229248046875,0.0011561224654788,-3.8411966917911
"RRC",0.2294921875,0.00115194104487752,-3.85693256623511
"RRC",0.229736328125,0.00114485776595454,-3.88371975097391
"RRC",0.22998046875,0.00113569393407459,-3.91862203394753
"RRC",0.230224609375,0.00112542200235438,-3.95808108053107
"RRC",0.23046875,0.00111503983791241,-3.99833125503222
"RRC",0.230712890625,0.00110548336752374,-4.03571296732669
"RRC",0.23095703125,0.0010975785852373,-4.06687884585367
"RRC",0.231201171875,0.00109201773280044,-4.08893818802944
"RRC",0.2314453125,0.00108933800729807,-4.09960852998915
"RRC",0.231689453125,0.00108988615943727,-4.09742372075338
"RRC",0.23193359375,0.00109376596476084,-4.0819910444833
"RRC",0.232177734375,0.00110078159269017,-4.05422350883867
"RRC",0.232421875,0.00111040131467011,-4.01643542249768
"RRC",0.232666015625,0.00112176758202208,-3.97220624375701
"RRC",0.23291015625,0.00113376987333038,-3.92598596864906
"RRC",0.233154296875,0.00114517878503906,-3.88250215627792
"RRC",0.2333984375,0.00115481977501622,-3.84609297461062
"RRC",0.233642578125,0.00116174991111392,-3.82010861625086
"RRC",0.23388671875,0.00116539648440904,-3.80649805905366
"RRC",0.234130859375,0.00116562442386489,-3.80564870718517
"RRC",0.234375,0.00116271785529179,-3.81649167782208
"RRC",0.234619140625,0.00115728419406781,-3.83683487882577
"RRC",0.23486328125,0.00115010966771927,-3.86384255442562
"RRC",0.235107421875,0.0011420068612758,-3.89454796351496
"RRC",0.2353515625,0.00113369441790186,-3.92627501290325
"RRC",0.235595703125,0.00112573694713642,-3.95686589506525
"RRC",0.23583984375,0.00111855356434568,-3.98466723490973
"RRC",0.236083984375,0.00111248244594163,-4.00830342650734
"RRC",0.236328125,0.00110787251864521,-4.02633719944443
"RRC",0.236572265625,0.0011051662606143,-4.03695891584912
"RRC",0.23681640625,0.00110494096517509,-4.03784434407849
"RRC",0.237060546875,0.00110788801905882,-4.02627643706528
"RRC",0.2373046875,0.00111472685532447,-3.9995504553385
"RRC",0.237548828125,0.0011260674921244,-3.95559088323182
"RRC",0.23779296875,0.00114224878177465,-3.89362806001449
"RRC",0.238037109375,0.00116318608035025,-3.81474313129952
"RRC",0.23828125,0.0011882613542436,-3.72211536728983
"RRC",0.238525390625,0.00121628177251922,-3.62089311194785
"RRC",0.23876953125,0.00124552159297843,-3.51772248466147
"RRC",0.239013671875,0.0012738489128673,-3.42005588769237
"RRC",0.2392578125,0.00129892566901846,-3.33539210252202
"RRC",0.239501953125,0.00131845776396288,-3.27057287569874
"RRC",0.23974609375,0.00133046363137341,-3.23120502069524
"RRC",0.239990234375,0.00133352497472275,-3.22122355826683
"RRC",0.240234375,0.00132698365013358,-3.24257937625823
"RRC",0.240478515625,0.00131105417717056,-3.29502870977521
"RRC",0.24072265625,0.00128683193448282,-3.37601679576608
"RRC",0.240966796875,0.00125619157655997,-3.4806763264812
"RRC",0.2412109375,0.00122158646327337,-3.60199298006287
"RRC",0.241455078125,0.00118577512148864,-3.73121175289289
"RRC",0.24169921875,0.00115151208693371,-3.85855008618847
"RRC",0.241943359375,0.00112124569688058,-3.97422720228955
"RRC",0.2421875,0.00109686357275968,-4.06970895904102
"RRC",0.242431640625,0.00107951820176265,-4.13893540174142
"RRC",0.24267578125,0.00106955205126498,-4.17921584570151
"RRC",0.242919921875,0.00106652661413884,-4.19151812229003
"RRC",0.2431640625,0.00106934529469056,-4.18005546747966
"RRC",0.243408203125,0.00107644815083713,-4.15130393500446
"RRC",0.24365234375,0.00108604842247856,-4.11274320440173
"RRC",0.243896484375,0.00109637695683934,-4.07163610391754
"RRC",0.244140625,0.00110590108561019,-4.03407225160367
"RRC",0.244384765625,0.00111348904285129,-4.00437561776976
"RRC",0.24462890625,0.00111849938213822,-3.98487761020511
"RRC",0.244873046875,0.00112078653776807,-3.97600603729989
"RRC",0.2451171875,0.00112062755147249,-3.97662213828113
"RRC",0.245361328125,0.00111858905595563,-3.98452943582429
"RRC",0.24560546875,0.0011153650804605,-3.99706465950281
"RRC",0.245849609375,0.00111162209414207,-4.01166339498857
"RRC",0.24609375,0.00110788560714026,-4.02628589184811
"RRC",0.246337890625,0.00110449200648428,-4.03960932438979
"RRC",0.24658203125,0.00110161190088465,-4.05094890522874
"RRC",0.246826171875,0.00109933119661097,-4.05994957077589
"RRC",0.2470703125,0.00109775893731668,-4.06616527983254
"RRC",0.247314453125,0.00109712193149295,-4.06868612846614
"RRC",0.24755859375,0.00109780871748752,-4.065968344398
"RRC",0.247802734375,0.00110033955499936,-4.05596784292672
"RRC",0.248046875,0.0011052613489775,-4.03658526550851
"RRC",0.248291015625,0.00111299042089705,-4.00632083011445
"RRC",0.24853515625,0.00112364465139835,-3.9649452067855
"RRC",0.248779296875,0.00113691387750384,-3.91395941906299
"RRC",0.2490234375,0.00115201092537311,-3.85666911704844
"RRC",0.249267578125,0.00116772680807285,-3.79782258915423
"RRC",0.24951171875,0.00118258761378499,-3.74290183585135
"RRC",0.249755859375,0.00119508471488462,-3.69724817734117
"RRC",0.25,0.00120393122428216,-3.66521831403397
"RRC",0.250244140625,0.00120829090435282,-3.64952003287966
"RRC",0.25048828125,0.00120793221036197,-3.65080947358666
"RRC",0.250732421875,0.00120327737022692,-3.66757760450671
"RRC",0.2509765625,0.00119533928652193,-3.69632316104545
"RRC",0.251220703125,0.00118556162543064,-3.73199376042737
"RRC",0.25146484375,0.00117559465454942,-3.76865906887855
"RRC",0.251708984375,0.00116704826585757,-3.80034691923999
"RRC",0.251953125,0.00116126373950619,-3.8219264415531
"RRC",0.252197265625,0.00115913877808984,-3.82988074489799
"RRC",0.25244140625,0.00116102884311595,-3.82280500618539
"RRC",0.252685546875,0.00116673456610171,-3.80151444924235
"RRC",0.2529296875,0.00117557205504802,-3.76874255797112
"RRC",0.253173828125,0.00118651154233041,-3.72851542176989
"RRC",0.25341796875,0.00119836076410327,-3.6853592832835
"RRC",0.253662109375,0.00120996336045067,-3.64351290136421
"RRC",0.25390625,0.00122038022803786,-3.60628346732571
"RRC",0.254150390625,0.00122902398458781,-3.57563151256648
"RRC",0.25439453125,0.00123572398042093,-3.55202034884906
"RRC",0.254638671875,0.00124071115992168,-3.53452820919896
"RRC",0.2548828125,0.00124452682085417,-3.52119249002282
"RRC",0.255126953125,0.00124787408644918,-3.50952743367422
"RRC",0.25537109375,0.00125144232790547,-3.49712669386747
"RRC",0.255615234375,0.00125573994758121,-3.48223799305987
"RRC",0.255859375,0.00126096837649334,-3.46419314399604
"RRC",0.256103515625,0.00126696038409524,-3.44360474173388
"RRC",0.25634765625,0.00127319133009523,-3.42229836954118
"RRC",0.256591796875,0.00127885654224119,-3.40301680008548
"RRC",0.2568359375,0.00128299543363997,-3.38898398884967
"RRC",0.257080078125,0.00128463609104602,-3.38343390467082
"RRC",0.25732421875,0.00128293386253821,-3.38919241228353
"RRC",0.257568359375,0.00127728297442482,-3.40836386272761
"RRC",0.2578125,0.00126738898658925,-3.44213580692953
"RRC",0.258056640625,0.00125329902420625,-3.49068808011591
"RRC",0.25830078125,0.00123539378698166,-3.55318096686069
"RRC",0.258544921875,0.00121434914484489,-3.6277993822945
"RRC",0.2587890625,0.00119107589149623,-3.7118407534641
"RRC",0.259033203125,0.00116664518278475,-3.80184717417806
"RRC",0.25927734375,0.00114220588311673,-3.89379116809191
"RRC",0.259521484375,0.00111889959024869,-3.98332394742091
"RRC",0.259765625,0.00109777971366817,-4.06608308538061
"RRC",0.260009765625,0.00107974193570027,-4.1380354044397
"RRC",0.26025390625,0.00106547348462657,-4.19580863215796
"RRC",0.260498046875,0.00105542685305503,-4.23695369881835
"RRC",0.2607421875,0.00104981961851333,-4.26008825158004
"RRC",0.260986328125,0.00104865662004108,-4.2649020670657
"RRC",0.26123046875,0.00105176553510181,-4.2520457406527
"RRC",0.261474609375,0.00105883380675516,-4.22295710416106
"RRC",0.26171875,0.00106943536227931,-4.17968969030949
"RRC",0.261962890625,0.00108304001455288,-4.1247900695907
"RRC",0.26220703125,0.00109900583776471,-4.06123510206967
"RRC",0.262451171875,0.00111656297403599,-3.99240287285923
"RRC",0.2626953125,0.0011348035422515,-3.92202826786194
"RRC",0.262939453125,0.00115269422070081,-3.85409393818417
"RRC",0.26318359375,0.00116912446760746,-3.79262759962147
"RRC",0.263427734375,0.00118299468523765,-3.74140716041815
"RRC",0.263671875,0.00119333700208646,-3.7036040244202
"RRC",0.263916015625,0.00119944990119533,-3.68141396542757
"RRC",0.26416015625,0.00120102000547743,-3.67573268010028
"RRC",0.264404296875,0.0011982025022692,-3.68593287332635
"RRC",0.2646484375,0.00119163696415021,-3.70979543137255
"RRC",0.264892578125,0.00118238684906636,-3.7436391885039
"RRC",0.26513671875,0.00117180622065159,-3.78267710374193
"RRC",0.265380859375,0.00116135268795291,-3.82159380100902
"RRC",0.265625,0.00115237759237654,-3.85528704578395
"RRC",0.265869140625,0.00114593025297659,-3.87965324437646
"RRC",0.26611328125,0.00114261128873123,-3.8922499907467
"RRC",0.266357421875,0.00114250109134589,-3.89266885956758
"RRC",0.2666015625,0.0011451754277531,-3.8825148883764
"RRC",0.266845703125,0.00114980395436979,-3.8649971162338
"RRC",0.26708984375,0.00115531247628904,-3.84424046207906
"RRC",0.267333984375,0.00116057899192828,-3.82448804574082
"RRC",0.267578125,0.00116462880756022,-3.80935981194999
"RRC",0.267822265625,0.00116679582895785,-3.80128641604057
"RRC",0.26806640625,0.00116682474372854,-3.80117879335754
"RRC",0.268310546875,0.00116490034149798,-3.80834736965968
"RRC",0.2685546875,0.00116160323062057,-3.82065698341728
"RRC",0.268798828125,0.00115780320399251,-3.83488762490941
"RRC",0.26904296875,0.00115451045018982,-3.84725641208316
"RRC",0.269287109375,0.0011527094995172,-3.85403637338032
"RRC",0.26953125,0.00115320102876006,-3.85218488401433
"RRC",0.269775390625,0.00115647312500544,-3.8398796478666
"RRC",0.27001953125,0.00116261764472903,-3.8168659970931
"RRC",0.270263671875,0.00117130040244869,-3.78455217042145
"RRC",0.2705078125,0.00118178733219368,-3.74584179165605
"RRC",0.270751953125,0.00119302316395143,-3.7047463345625
"RRC",0.27099609375,0.00120375457517538,-3.6658555876555
"RRC",0.271240234375,0.00121268578495807,-3.6337522272618
"RRC",0.271484375,0.00121865067155954,-3.61244277396426
"RRC",0.271728515625,0.0012207816373364,-3.60485521426813
"RRC",0.27197265625,0.00121865227317549,-3.61243706623747
"RRC",0.272216796875,0.00121236977193111,-3.63488410000759
"RRC",0.2724609375,0.00120259572580347,-3.67003853580134
"RRC",0.272705078125,0.00119048175446515,-3.71400765830375
"RRC",0.27294921875,0.00117751950591835,-3.76155399485787
"RRC",0.273193359375,0.00116532135804128,-3.80677803259984
"RRC",0.2734375,0.0011553652448437,-3.84404210389261
"RRC",0.273681640625,0.00114874990626233,-3.86898020592037
"RRC",0.27392578125,0.00114601105869042,-3.87934701074421
"RRC",0.274169921875,0.00114704161233291,-3.87544336041794
"RRC",0.2744140625,0.00115114004833844,-3.85995346195602
"RRC",0.274658203125,0.00115718370641889,-3.83721199558285
"RRC",0.27490234375,0.00116389420915182,-3.8121000214603
"RRC",0.275146484375,0.00117013816855301,-3.78886363786954
"RRC",0.275390625,0.0011751945967357,-3.77013723543493
"RRC",0.275634765625,0.00117892516922977,-3.75637269865844
"RRC",0.27587890625,0.00118180449233031,-3.74577873040691
"RRC",0.276123046875,0.00118480011193385,-3.73478423004824
"RRC",0.2763671875,0.00118912806958283,-3.71894878715692
"RRC",0.276611328125,0.00119594004531053,-3.69414101336522
"RRC",0.27685546875,0.00120601462704986,-3.65770934406688
"RRC",0.277099609375,0.0012195237955217,-3.60933230799793
"RRC",0.27734375,0.00123592696631248,-3.55130701468736
"RRC",0.277587890625,0.001254014159781,-3.48821069161627
"RRC",0.27783203125,0.00127208535884356,-3.42607255443871
"RRC",0.278076171875,0.00128822372384999,-3.37132216713514
"RRC",0.2783203125,0.00130060300062401,-3.32978757913122
"RRC",0.278564453125,0.00130776740551675,-3.30593000638466
"RRC",0.27880859375,0.00130883442164159,-3.30238801359083
"RRC",0.279052734375,0.00130359262565717,-3.31981614524857
"RRC",0.279296875,0.00129249131462794,-3.35695876174052
"RRC",0.279541015625,0.00127653990127719,-3.41089115293118
"RRC",0.27978515625,0.00125714828937839,-3.477370007877
"RRC",0.280029296875,0.0012359430981003,-3.55125032929329
"RRC",0.2802734375,0.00121458989121773,-3.62693847290112
"RRC",0.280517578125,0.00119464168756387,-3.69885843969372
"RRC",0.28076171875,0.00117742287519163,-3.76191040435439
"RRC",0.281005859375,0.00116394854485383,-3.81189727842263
"RRC",0.28125,0.00115487411015743,-3.84588864058907
"RRC",0.281494140625,0.00115046915064984,-3.86248531812397
"RRC",0.28173828125,0.00115061160511494,-3.86194759524713
"RRC",0.281982421875,0.00115480193170072,-3.84616007870336
"RRC",0.2822265625,0.00116219976865034,-3.81842724896608
"RRC",0.282470703125,0.00117168658421374,-3.78312052259713
"RRC",0.28271484375,0.00118195616322376,-3.7452213995957
"RRC",0.282958984375,0.00119163070620508,-3.70981823863899
"RRC",0.283203125,0.0011993946661932,-3.68161396385152
"RRC",0.283447265625,0.00120413256411108,-3.66449208097229
"RRC",0.28369140625,0.00120505250620126,-3.66117539270473
"RRC",0.283935546875,0.00120177553797811,-3.67300149801818
"RRC",0.2841796875,0.00119437346931416,-3.69983361731828
"RRC",0.284423828125,0.00118334476229498,-3.74012216696122
"RRC",0.28466796875,0.00116952874294513,-3.79112609825069
"RRC",0.284912109375,0.00115397083050884,-3.84928678465759
"RRC",0.28515625,0.00113776278565129,-3.91071784941781
"RRC",0.285400390625,0.0011218889921754,-3.97173622744264
"RRC",0.28564453125,0.00110710997915434,-4.02932744163849
"RRC",0.285888671875,0.0010939067995717,-4.08143187693047
"RRC",0.2861328125,0.00108249568891731,-4.12697334114321
"RRC",0.286376953125,0.00107290491617168,-4.16562274265748
"RRC",0.28662109375,0.00106508954178926,-4.1973738921887
"RRC",0.286865234375,0.00105904958733064,-4.22207214218611
"RRC",0.287109375,0.00105491615023193,-4.23905568339573
"RRC",0.287353515625,0.00105297895732216,-4.24703817194497
"RRC",0.28759765625,0.00105364549527503,-4.24428994822416
"RRC",0.287841796875,0.00105734155675621,-4.22908207904507
"RRC",0.2880859375,0.00106438014577805,-4.20026744626322
"RRC",0.288330078125,0.00107483525042109,-4.15781608381182
"RRC",0.28857421875,0.00108845630895756,-4.10312508563492
"RRC",0.288818359375,0.00110464861198593,-4.03899358354697
"RRC",0.2890625,0.00112252762616275,-3.96926471460602
"RRC",0.289306640625,0.00114103632446086,-3.89824039308649
"RRC",0.28955078125,0.00115909929301503,-3.83002868613253
"RRC",0.289794921875,0.00117577951278788,-3.76797620934749
"RRC",0.2900390625,0.00119040474606059,-3.71428859840874
"RRC",0.290283203125,0.0012026392737878,-3.6698812734191
"RRC",0.29052734375,0.00121249026864659,-3.63445247873637
"RRC",0.290771484375,0.00122025250045518,-3.60673803292872
"RRC",0.291015625,0.00122640693471811,-3.58488911976455
"RRC",0.291259765625,0.00123149597046392,-3.56690514410654
"RRC",0.29150390625,0.00123600000352871,-3.55105037555214
"RRC",0.291748046875,0.00124023740489067,-3.53618684252299
"RRC",0.2919921875,0.00124430424049971,-3.52196928376732
"RRC",0.292236328125,0.00124806254360585,-3.5088716004901
"RRC",0.29248046875,0.00125117778465155,-3.4980448490062
"RRC",0.292724609375,0.00125319815029506,-3.49103764351033
"RRC",0.29296875,0.00125366104837372,-3.48943377135318
"RRC",0.293212890625,0.00125220679289784,-3.49447454157221
"RRC",0.29345703125,0.00124867682957294,-3.50673456517063
"RRC",0.293701171875,0.00124317525957569,-3.52591150897264
"RRC",0.2939453125,0.00123607840991194,-3.55077488704491
"RRC",0.294189453125,0.00122798734400661,-3.57929618684458
"RRC",0.29443359375,0.00121963076571121,-3.60895138451075
"RRC",0.294677734375,0.00121173790377525,-3.63714816494451
"RRC",0.294921875,0.001204909418828,-3.66169110256774
"RRC",0.295166015625,0.00119951646600307,-3.68117295555687
"RRC",0.29541015625,0.00119565259802736,-3.69518497685015
"RRC",0.295654296875,0.00119315108633177,-3.70428068555181
"RRC",0.2958984375,0.00119166432493246,-3.70969571559759
"RRC",0.296142578125,0.00119078636083532,-3.7128965791641
"RRC",0.29638671875,0.00119018844592221,-3.71507779630369
"RRC",0.296630859375,0.00118973386952536,-3.71673684224711
"RRC",0.296875,0.00118954321899608,-3.71743283913973
"RRC",0.297119140625,0.0011899933287242,-3.71578982866621
"RRC",0.29736328125,0.00119164931110378,-3.70975043288572
"RRC",0.297607421875,0.0011951450412551,-3.69702895649221
"RRC",0.2978515625,0.00120103931088219,-3.67566287140984
"RRC",0.298095703125,0.00120967982925015,-3.64453070462479
"RRC",0.29833984375,0.00122110445118358,-3.60370695207861
"RRC",0.298583984375,0.00123499953311833,-3.55456716133731
"RRC",0.298828125,0.00125072178618133,-3.49962794709593
"RRC",0.299072265625,0.00126737583328052,-3.44218087942977
"RRC",0.29931640625,0.00128392823725937,-3.38582759205431
"RRC",0.299560546875,0.00129933256196304,-3.33403187311993
"RRC",0.2998046875,0.00131264021441086,-3.28977804256586
"RRC",0.300048828125,0.00132307800523992,-3.25538059731842
"RRC",0.30029296875,0.00133008376351387,-3.23244517538437
"RRC",0.300537109375,0.00133330318338642,-3.22194593517314
"RRC",0.30078125,0.00133256125640307,-3.22436327341699
"RRC",0.301025390625,0.00132782743625306,-3.23981871528453
"RRC",0.30126953125,0.00131919344904349,-3.2681502356041
"RRC",0.301513671875,0.00130687631795621,-3.30889021409435
"RRC",0.3017578125,0.0012912483328849,-3.36113735732211
"RRC",0.302001953125,0.00127288338598554,-3.42334891552381
"RRC",0.30224609375,0.00125259902555848,-3.49311440035668
"RRC",0.302490234375,0.00123146915584347,-3.56699970851247
"RRC",0.302734375,0.00121078559046808,-3.64056265761411
"RRC",0.302978515625,0.00119195761654305,-3.70862696449662
"RRC",0.30322265625,0.00117635499863164,-3.76585107296491
"RRC",0.303466796875,0.00116511725332428,-3.80753876109207
"RRC",0.3037109375,0.00115896558580938,-3.83052969283167
"RRC",0.303955078125,0.00115805926296841,-3.83392724835584
"RRC",0.30419921875,0.00116193304238825,-3.81942407448107
"RRC",0.304443359375,0.0011695370521669,-3.79109524277696
"RRC",0.3046875,0.0011793785856463,-3.75470271658152
"RRC",0.304931640625,0.00118974209862242,-3.71670680326803
"RRC",0.30517578125,0.00119894536594763,-3.68324116113827
"RRC",0.305419921875,0.00120558126959684,-3.65927017565417
"RRC",0.3056640625,0.00120869848760194,-3.64805530855549
"RRC",0.305908203125,0.00120788953747586,-3.65096290046083
"RRC",0.30615234375,0.00120327715808193,-3.6675783701939
"RRC",0.306396484375,0.00119541381297371,-3.69605239760456
"RRC",0.306640625,0.00118512777266575,-3.73358333908754
"RRC",0.306884765625,0.0011733579061441,-3.77693005569793
"RRC",0.30712890625,0.00116101602619357,-3.82285294943353
"RRC",0.307373046875,0.00114890190703982,-3.86840559232034
"RRC",0.3076171875,0.00113767645499025,-3.91104739396514
"RRC",0.307861328125,0.00112787914608927,-3.94860942700603
"RRC",0.30810546875,0.0011199627330541,-3.97919937858283
"RRC",0.308349609375,0.00111431534621391,-4.00115397938012
"RRC",0.30859375,0.001111248224914,-4.01312429302516
"RRC",0.308837890625,0.00111094368548758,-4.01431464740118
"RRC",0.30908203125,0.0011133771312057,-4.00481212904958
"RRC",0.309326171875,0.00111824243928574,-3.98587539065899
"RRC",0.3095703125,0.0011249163432509,-3.9600328311422
"RRC",0.309814453125,0.00113249158369459,-3.93088526384954
"RRC",0.31005859375,0.00113989145190356,-3.90260012670914
"RRC",0.310302734375,0.00114605435500818,-3.87918293731264
"RRC",0.310546875,0.00115015309722335,-3.86367856277857
"RRC",0.310791015625,0.00115179709376701,-3.85747531171464
"RRC",0.31103515625,0.0011511623950949,-3.85986915441386
"RRC",0.311279296875,0.00114900638864961,-3.8680106610978
"RRC",0.3115234375,0.00114654923535602,-3.87730800517424
"RRC",0.311767578125,0.00114523645181753,-3.88228346786473
"RRC",0.31201171875,0.00114642818077852,-3.87776656472825
"RRC",0.312255859375,0.00115108215410336,-3.86017188697867
"RRC",0.3125,0.00115950300146593,-3.82851632366559
"RRC",0.312744140625,0.001171218320697,-3.78485652360752
"RRC",0.31298828125,0.00118501444423508,-3.73399865519618
"RRC",0.313232421875,0.00119912880139867,-3.68257675296097
"RRC",0.3134765625,0.00121156013697344,-3.63778533907606
"RRC",0.313720703125,0.00122043140586127,-3.60610134555935
"RRC",0.31396484375,0.00122432924835659,-3.59225284944173
"RRC",0.314208984375,0.00122255080857627,-3.59856592324203
"RRC",0.314453125,0.00121521100927454,-3.62471814159329
"RRC",0.314697265625,0.00120319522119435,-3.66787411211441
"RRC",0.31494140625,0.00118797555990831,-3.72316003503852
"RRC",0.315185546875,0.00117133599344448,-3.78442020821764
"RRC",0.3154296875,0.00115506639466118,-3.84516560812176
"RRC",0.315673828125,0.00114068636058751,-3.89957260914628
"RRC",0.31591796875,0.00112924739698205,-3.9433441140159
"RRC",0.316162109375,0.00112124114025294,-3.97424485160823
"RRC",0.31640625,0.00111661732155216,-3.99219148977985
"RRC",0.316650390625,0.00111489368972243,-3.99890052179959
"RRC",0.31689453125,0.00111532517542805,-3.99722004221766
"RRC",0.317138671875,0.00111709312635222,-3.99034130008812
"RRC",0.3173828125,0.00111947724606946,-3.98108238793994
"RRC",0.317626953125,0.00112198109044235,-3.97137972044642
"RRC",0.31787109375,0.00112439398136269,-3.96204997290518
"RRC",0.318115234375,0.0011267853277984,-3.95282326272928
"RRC",0.318359375,0.00112943941751342,-3.94260568975229
"RRC",0.318603515625,0.00113274823343462,-3.92990115995457
"RRC",0.31884765625,0.00113708581194448,-3.91330268916715
"RRC",0.319091796875,0.00114268957945159,-3.89195242618245
"RRC",0.3193359375,0.00114957181291227,-3.86587403035803
"RRC",0.319580078125,0.00115747812573499,-3.83610717168796
"RRC",0.31982421875,0.0011659005240703,-3.80462012032547
"RRC",0.320068359375,0.00117414164809136,-3.77403016321477
"RRC",0.3203125,0.0011814164449878,-3.74720497725857
"RRC",0.320556640625,0.00118697005977214,-3.72683745133947
"RRC",0.32080078125,0.00119018810490632,-3.71507904065571
"RRC",0.321044921875,0.00119067852670662,-3.71328988134826
"RRC",0.3212890625,0.00118831234943989,-3.72192899030247
"RRC",0.321533203125,0.00118322145899675,-3.74057472089013
"RRC",0.32177734375,0.00117576213082545,-3.76804041310412
"RRC",0.322021484375,0.00116646004289485,-3.8025364292691
"RRC",0.322265625,0.00115595392869187,-3.84182984212191
"RRC",0.322509765625,0.00114495054784548,-3.88336780305727
"RRC",0.32275390625,0.00113419505495755,-3.92435760099358
"RRC",0.322998046875,0.00112445141898451,-3.96182812713304
"RRC",0.3232421875,0.00111648097859167,-3.99272181122123
"RRC",0.323486328125,0.00111100627853221,-4.01406996309833
"RRC",0.32373046875,0.00110865278189661,-4.02327958455116
"RRC",0.323974609375,0.00110987125037341,-4.0185090778417
"RRC",0.32421875,0.0011148549348505,-3.99905148973241
"RRC",0.324462890625,0.00112347387116069,-3.96560533142273
"RRC",0.32470703125,0.00113524996545463,-3.92032012190367
"RRC",0.324951171875,0.00114938974691929,-3.86656190837775
"RRC",0.3251953125,0.00116487801672442,-3.80843060097592
"RRC",0.325439453125,0.0011806189764502,-3.75013750058478
"RRC",0.32568359375,0.00119559692992088,-3.69538718369793
"RRC",0.325927734375,0.00120902109561528,-3.64689630829907
"RRC",0.326171875,0.00122042122649484,-3.60613756931666
"RRC",0.326416015625,0.00122967241272937,-3.57334079647297
"RRC",0.32666015625,0.0012369454477905,-3.5477296290664
"RRC",0.326904296875,0.00124259825899988,-3.52792768758872
"RRC",0.3271484375,0.00124703855637379,-3.5124362819324
"RRC",0.327392578125,0.00125059384716692,-3.5000722189606
"RRC",0.32763671875,0.00125342079825488,-3.49026612791425
"RRC",0.327880859375,0.00125547320924455,-3.48316059883586
"RRC",0.328125,0.00125653070334599,-3.47950404497676
"RRC",0.328369140625,0.00125627390275909,-3.48039171509609
"RRC",0.32861328125,0.00125438102750696,-3.48694032854976
"RRC",0.328857421875,0.00125061824268689,-3.4999875013171
"RRC",0.3291015625,0.00124490165489043,-3.51988465285142
"RRC",0.329345703125,0.00123732006280562,-3.5464145459886
"RRC",0.32958984375,0.00122812030390457,-3.57882598147631
"RRC",0.329833984375,0.00121766712447341,-3.61594928773764
"RRC",0.330078125,0.00120639404848119,-3.65634323527301
"RRC",0.330322265625,0.00119476000985069,-3.69842831765647
"RRC",0.33056640625,0.00118322005894103,-3.74057985971536
"RRC",0.330810546875,0.00117221030751753,-3.78117973633246
"RRC",0.3310546875,0.00116214081378581,-3.81864755895461
"RRC",0.331298828125,0.00115338776663759,-3.85148168776093
"RRC",0.33154296875,0.00114627872880945,-3.87833276152644
"RRC",0.331787109375,0.00114107047722405,-3.89811040480909
"RRC",0.33203125,0.00113792536268209,-3.91009732232552
"RRC",0.332275390625,0.00113689603745173,-3.91402756755808
"RRC",0.33251953125,0.00113792775801437,-3.9100881804386
"RRC",0.332763671875,0.00114088200776279,-3.89882778387601
"RRC",0.3330078125,0.00114557671761568,-3.88099330975341
"RRC",0.333251953125,0.00115183019291228,-3.85735051048285
"RRC",0.33349609375,0.0011594915656,-3.82855915717233
"RRC",0.333740234375,0.00116844264298197,-3.79516111131858
"RRC",0.333984375,0.00117856466973946,-3.75770091596826
"RRC",0.334228515625,0.00118967645706554,-3.71694642286645
"RRC",0.33447265625,0.00120146329268836,-3.6741300284445
"RRC",0.334716796875,0.00121342416481396,-3.6311087006822
"RRC",0.3349609375,0.00122486437532284,-3.59035505998145
"RRC",0.335205078125,0.00123495045059567,-3.55473976619886
"RRC",0.33544921875,0.00124282653668593,-3.52712991861302
"RRC",0.335693359375,0.00124777121514477,-3.5098854688473
"RRC",0.3359375,0.0012493573419748,-3.50436836224455
"RRC",0.336181640625,0.00124757089966253,-3.51058273523211
"RRC",0.33642578125,0.0012428511232504,-3.52704400393913
"RRC",0.336669921875,0.00123603257748875,-3.55093592163107
"RRC",0.3369140625,0.00122819573909601,-3.5785592317029
"RRC",0.337158203125,0.00122045859741397,-3.60600458461333
"RRC",0.33740234375,0.00121375995432601,-3.62990704867776
"RRC",0.337646484375,0.00120868957954671,-3.64808731598765
"RRC",0.337890625,0.00120540917819922,-3.65989015608226
"RRC",0.338134765625,0.0012036839655426,-3.66611034285175
"RRC",0.33837890625,0.0012030142449842,-3.66852739663245
"RRC",0.338623046875,0.00120282853696842,-3.66919786410657
"RRC",0.3388671875,0.0012026827179611,-3.66972439159786
"RRC",0.339111328125,0.00120240842951759,-3.67071497324883
"RRC",0.33935546875,0.00120216916672294,-3.67157924572602
"RRC",0.339599609375,0.00120240956823353,-3.67071086035508
"RRC",0.33984375,0.00120371457405379,-3.66599990739794
"RRC",0.340087890625,0.00120662118013901,-3.65552565215311
"RRC",0.34033203125,0.00121143892370664,-3.63821986052352
"RRC",0.340576171875,0.00121813217172267,-3.61429096180784
"RRC",0.3408203125,0.00122629880633775,-3.58527204021172
"RRC",0.341064453125,0.00123525154347719,-3.55368104324469
"RRC",0.34130859375,0.00124417822515976,-3.52240913229009
"RRC",0.341552734375,0.00125233465686157,-3.49403110220383
"RRC",0.341796875,0.00125921438574506,-3.47023832958888
"RRC",0.342041015625,0.00126464668264374,-3.45154300408214
"RRC",0.34228515625,0.00126879471978706,-3.43732146929441
"RRC",0.342529296875,0.00127205445667561,-3.42617805682453
"RRC",0.3427734375,0.00127488292651148,-3.41653204546169
"RRC",0.343017578125,0.0012776046148243,-3.40727037703393
"RRC",0.34326171875,0.00128025107372618,-3.3982836080545
"RRC",0.343505859375,0.00128248032564628,-3.39072798164664
"RRC",0.34375,0.00128360161626455,-3.38693254276246
"RRC",0.343994140625,0.00128270354889261,-3.38997213232669
"RRC",0.34423828125,0.00127885694192394,-3.40301544277933
"RRC",0.344482421875,0.00127134472463289,-3.42860184244223
"RRC",0.3447265625,0.00125986434383877,-3.46799724663646
"RRC",0.344970703125,0.00124465467903698,-3.52074633450295
"RRC",0.34521484375,0.00122651713684184,-3.58449889020287
"RRC",0.345458984375,0.00120672461741217,-3.65515337034393
"RRC",0.345703125,0.00118683644922165,-3.72732633975259
"RRC",0.345947265625,0.00116845660816991,-3.79510920489551
"RRC",0.34619140625,0.00115298270422703,-3.85300717010442
"RRC",0.346435546875,0.00114139288762975,-3.89688347549061
"RRC",0.3466796875,0.00113410801886574,-3.92469088356814
"RRC",0.346923828125,0.00113095010464112,-3.93680064442984
"RRC",0.34716796875,0.00113119907680963,-3.93584467529876
"RRC",0.347412109375,0.00113373244785398,-3.9261293306005
"RRC",0.34765625,0.00113721936558396,-3.91279262913381
"RRC",0.347900390625,0.00114033394287524,-3.90091457939311
"RRC",0.34814453125,0.00114195283133868,-3.89475343915123
"RRC",0.348388671875,0.00114130793965551,-3.89720671045892
"RRC",0.3486328125,0.00113807517529658,-3.90952559318222
"RRC",0.348876953125,0.0011323918980205,-3.93126756111612
"RRC",0.34912109375,0.00112480722971915,-3.9604541042741
"RRC",0.349365234375,0.00111617867516496,-3.99389788578019
"RRC",0.349609375,0.00110753451076567,-4.02766241829692
"RRC",0.349853515625,0.0010999236653177,-4.05760963372982
"RRC",0.35009765625,0.00109427361953088,-4.07997580060127
"RRC",0.350341796875,0.00109127300884937,-4.09190095894091
"RRC",0.3505859375,0.001091290253497,-4.09183233087009
"RRC",0.350830078125,0.00109433381650947,-4.0797368978615
"RRC",0.35107421875,0.00110005453490973,-4.05709293823048
"RRC",0.351318359375,0.00110778641715671,-4.02667473696663
"RRC",0.3515625,0.00111661945505184,-3.99218319180495
"RRC",0.351806640625,0.00112549613023599,-3.9577950343219
"RRC",0.35205078125,0.0011333220395039,-3.92770175053754
"RRC",0.352294921875,0.00113908014619894,-3.90569227235789
"RRC",0.3525390625,0.00114193757173463,-3.89481147312541
"RRC",0.352783203125,0.00114133385261255,-3.89710810668947
"RRC",0.35302734375,0.00113704066699182,-3.91347511760516
"RRC",0.353271484375,0.00112918559499127,-3.94358180327805
"RRC",0.353515625,0.00111823662165769,-3.98589798477849
"RRC",0.353759765625,0.00110494942724324,-4.0378110842434
"RRC",0.35400390625,0.00109028512608124,-4.09583422166194
"RRC",0.354248046875,0.00107531076992374,-4.15589513986242
"RRC",0.3544921875,0.00106109739704983,-4.2136826036857
"RRC",0.354736328125,0.0010486298829623,-4.26501279839173
"RRC",0.35498046875,0.00103873928362514,-4.30616953224058
"RRC",0.355224609375,0.00103206258009574,-4.33417477599485
"RRC",0.35546875,0.00102902826384585,-4.34696206054935
"RRC",0.355712890625,0.00102986086232682,-4.3434495552761
"RRC",0.35595703125,0.00103459483875963,-4.32353202016303
"RRC",0.356201171875,0.00104308905820029,-4.2880211978505
"RRC",0.3564453125,0.00105503684850719,-4.23855881360755
"RRC",0.356689453125,0.00106997220647666,-4.17751012919315
"RRC",0.35693359375,0.00108727787144264,-4.10782960298504
"RRC",0.357177734375,0.00110620379319115,-4.03288366209217
"RRC",0.357421875,0.00112590365931702,-3.95622278905602
"RRC",0.357666015625,0.00114549254654522,-3.88131241866927
"RRC",0.35791015625,0.00116412169611226,-3.81125126152085
"RRC",0.358154296875,0.00118105917238693,-3.74851852749491
"RRC",0.3583984375,0.00119576033587502,-3.69479366046894
"RRC",0.358642578125,0.00120791167015887,-3.65088332353146
"RRC",0.35888671875,0.00121743626535977,-3.61677275042811
"RRC",0.359130859375,0.00122445823956247,-3.59179531550497
"RRC",0.359375,0.00122923415749115,-3.57488889786034
"RRC",0.359619140625,0.00123206886852829,-3.56488525432249
"RRC",0.35986328125,0.00123323810714274,-3.56076573556585
"RRC",0.360107421875,0.00123293881972675,-3.56181982761002
"RRC",0.3603515625,0.00123128047416108,-3.567665171316
"RRC",0.360595703125,0.00122831849079629,-3.5781251989139
"RRC",0.36083984375,0.00122411779024821,-3.59300299913583
"RRC",0.361083984375,0.00121882418444627,-3.61182446449382
"RRC",0.361328125,0.0012127172166973,-3.63363966344541
"RRC",0.361572265625,0.0012062217347004,-3.65696359865456
"RRC",0.36181640625,0.00119986642582081,-3.67990608298454
"RRC",0.362060546875,0.00119419308932437,-3.70048955913475
"RRC",0.3623046875,0.00118963641119826,-3.71709261380601
"RRC",0.362548828125,0.00118640588316433,-3.72890217937325
"RRC",0.36279296875,0.00118440553404103,-3.73623081619336
"RRC",0.363037109375,0.00118322147226528,-3.74057467218874
"RRC",0.36328125,0.00118219252786668,-3.74435299516019
"RRC",0.363525390625,0.00118055867857156,-3.75035931393213
"RRC",0.36376953125,0.00117766043434499,-3.76103425165641
"RRC",0.364013671875,0.00117314558786308,-3.77771597959143
"RRC",0.3642578125,0.00116713259642823,-3.80003311063928
"RRC",0.364501953125,0.00116028510753089,-3.82558791516285
"RRC",0.36474609375,0.0011537695121626,-3.85004450809365
"RRC",0.364990234375,0.00114909342487378,-3.86768169930354
"RRC",0.365234375,0.00114785159752513,-3.87237766557424
"RRC",0.365478515625,0.00115142976309033,-3.8588605828771
"RRC",0.36572265625,0.00116072975705533,-3.82392391171202
"RRC",0.365966796875,0.00117597697821527,-3.76724689790718
"RRC",0.3662109375,0.00119665363254348,-3.69155046061335
"RRC",0.366455078125,0.0012215721750481,-3.60204377739788
"RRC",0.36669921875,0.0012490701310676,-3.50536686321393
"RRC",0.366943359375,0.00127727869955135,-3.4083783979332
"RRC",0.3671875,0.00130440096648036,-3.31712397628538
"RRC",0.367431640625,0.00132893579955061,-3.23619508721328
"RRC",0.36767578125,0.00134980061139514,-3.1685388902785
"RRC",0.367919921875,0.00136633552032436,-3.11566150807825
"RRC",0.3681640625,0.00137820487720816,-3.07809727079923
"RRC",0.368408203125,0.0013852403278873,-3.05598383063792
"RRC",0.36865234375,0.00138728465819024,-3.04957926054304
"RRC",0.368896484375,0.00138409345352106,-3.0595809502088
"RRC",0.369140625,0.00137533282601987,-3.08715700826849
"RRC",0.369384765625,0.00136068150434886,-3.13367028055786
"RRC",0.36962890625,0.00134001290332816,-3.2001452922993
"RRC",0.369873046875,0.00131360649734844,-3.28658221663827
"RRC",0.3701171875,0.00128232511887819,-3.39125360001792
"RRC",0.370361328125,0.0012476990798249,-3.51013654754331
"RRC",0.37060546875,0.00121187806228422,-3.63664585708752
"RRC",0.370849609375,0.00117744226302906,-3.7618388925665
"RRC",0.37109375,0.00114709752589055,-3.87523166489219
"RRC",0.371337890625,0.00112330701862733,-3.96625037104356
"RRC",0.37158203125,0.00110792796347233,-4.02611985692948
"RRC",0.371826171875,0.00110192271908281,-4.04972372248819
"RRC",0.3720703125,0.00110519952639859,-4.0368281940777
"RRC",0.372314453125,0.00111661314223945,-3.99220774472961
"RRC",0.37255859375,0.00113412521780705,-3.92462502256951
"RRC",0.372802734375,0.00115509513545762,-3.84505754667984
"RRC",0.373046875,0.00117664982666398,-3.76476274380513
"RRC",0.373291015625,0.00119606971582755,-3.69367015249356
"RRC",0.37353515625,0.00121112877466843,-3.63933187086434
"RRC",0.373779296875,0.001220338656759,-3.606431408796
"RRC",0.3740234375,0.0012230669061698,-3.59673294387676
"RRC",0.374267578125,0.00121952293657768,-3.60933536685403
"RRC",0.37451171875,0.00121062816680841,-3.6411273543877
"RRC",0.374755859375,0.00119780426190328,-3.68737655535238
"RRC",0.375,0.00118272306167601,-3.74240444434731
"RRC",0.375244140625,0.00116706243052254,-3.80029420849372
"RRC",0.37548828125,0.0011523047194726,-3.85556168927738
"RRC",0.375732421875,0.00113960113788762,-3.90370635338771
"RRC",0.3759765625,0.00112970940729764,-3.94156764327455
"RRC",0.376220703125,0.0011229971523453,-3.96744854552952
"RRC",0.37646484375,0.00111949256652804,-3.98102295354666
"RRC",0.376708984375,0.00111895881566873,-3.98309407342129
"RRC",0.376953125,0.00112096978672051,-3.97529602249439
"RRC",0.377197265625,0.00112497109783496,-3.95982144622324
"RRC",0.37744140625,0.00113031962110707,-3.93922243006423
"RRC",0.377685546875,0.00113630448376618,-3.91628789175547
"RRC",0.3779296875,0.00114216008638816,-3.89396530189335
"RRC",0.378173828125,0.00114708527627011,-3.87527804256143
"RRC",0.37841796875,0.00115028166301754,-3.86319312919009
"RRC",0.378662109375,0.00115101854837209,-3.86041187316246
"RRC",0.37890625,0.00114872346958987,-3.86908015311531
"RRC",0.379150390625,0.00114308800457374,-3.89043842206444
"RRC",0.37939453125,0.00113417054673735,-3.9244514464018
"RRC",0.379638671875,0.00112247324411765,-3.96947511828487
"RRC",0.3798828125,0.00110897053935345,-4.02203500609
"RRC",0.380126953125,0.00109507211311543,-4.07680790100633
"RRC",0.38037109375,0.00108251284183114,-4.12690452464001
"RRC",0.380615234375,0.00107317500698178,-4.16452959651882
"RRC",0.380859375,0.0010688611560822,-4.18202215062763
"RRC",0.381103515625,0.00107104718900797,-4.1731490381941
"RRC",0.38134765625,0.00108065212922953,-4.13437596047966
"RRC",0.381591796875,0.00109786201214568,-4.06575751519085
"RRC",0.3818359375,0.00112203976774188,-3.97115259931865
"RRC",0.382080078125,0.00115174145569201,-3.85768510467832
"RRC",0.38232421875,0.00118484342632007,-3.73462546187389
"RRC",0.382568359375,0.00121876750967775,-3.61202641414186
"RRC",0.3828125,0.00125077520467483,-3.49944246330723
"RRC",0.383056640625,0.00127828998276175,-3.40494123935567
"RRC",0.38330078125,0.0012992015108781,-3.33446992597198
"RRC",0.383544921875,0.00131210797905287,-3.29153933062232
"RRC",0.3837890625,0.00131646251537698,-3.27715011921763
"RRC",0.384033203125,0.00131260517883026,-3.28989396132427
"RRC",0.38427734375,0.00130168038535655,-3.32619148907058
"RRC",0.384521484375,0.00128545739911409,-3.38065821129302
"RRC",0.384765625,0.00126608539342492,-3.4466051109994
"RRC",0.385009765625,0.00124582209954742,-3.51667479023287
"RRC",0.38525390625,0.00122677517797943,-3.58358529468966
"RRC",0.385498046875,0.00121068877155756,-3.6409099494894
"RRC",0.3857421875,0.00119879629545175,-3.68378117339149
"RRC",0.385986328125,0.00119174734331335,-3.70939317092841
"RRC",0.38623046875,0.00118960469266094,-3.7172084085921
"RRC",0.386474609375,0.00119189911179933,-3.70884013408072
"RRC",0.38671875,0.001197726043573,-3.68766016511645
"RRC",0.386962890625,0.0012058688323377,-3.65823439297678
"RRC",0.38720703125,0.00121493634131228,-3.62569986626807
"RRC",0.387451171875,0.00122350640377646,-3.59517262776722
"RRC",0.3876953125,0.00123026864252965,-3.57123554832708
"RRC",0.387939453125,0.00123415979597614,-3.55752114828231
"RRC",0.38818359375,0.00123448210728756,-3.55638709943854
"RRC",0.388427734375,0.00123099203460408,-3.56868266802357
"RRC",0.388671875,0.00122394462710712,-3.59361739357476
"RRC",0.388916015625,0.00121408034007418,-3.6287608302577
"RRC",0.38916015625,0.00120254687907587,-3.670214940013
"RRC",0.389404296875,0.00119075851497528,-3.71299813763972
"RRC",0.3896484375,0.00118020738539438,-3.75165181547925
"RRC",0.389892578125,0.00117225273573905,-3.7810225460322
"RRC",0.39013671875,0.0011679217102026,-3.79709778044267
"RRC",0.390380859375,0.0011677566484092,-3.79771161004725
"RRC",0.390625,0.00117173772914299,-3.78293095419141
"RRC",0.390869140625,0.00117929689649286,-3.75500353921568
"RRC",0.39111328125,0.00118942175005738,-3.71787633696784
"RRC",0.391357421875,0.00120083019142711,-3.676419110877
"RRC",0.3916015625,0.00121218220976925,-3.635556036206
"RRC",0.391845703125,0.00122228776765199,-3.59950044074746
"RRC",0.39208984375,0.00123027130014359,-3.5712261667515
"RRC",0.392333984375,0.00123566374749338,-3.55223204228569
"RRC",0.392578125,0.00123840999744826,-3.54259060218218
"RRC",0.392822265625,0.00123879909174463,-3.54122631276484
"RRC",0.39306640625,0.00123734175516266,-3.54633840733488
"RRC",0.393310546875,0.00123463038211385,-3.55586549550826
"RRC",0.3935546875,0.00123121783972619,-3.56788609970649
"RRC",0.393798828125,0.00122754303947424,-3.58086781479181
"RRC",0.39404296875,0.00122391555220641,-3.5937205617953
"RRC",0.394287109375,0.00122055304504101,-3.60566851015503
"RRC",0.39453125,0.00121764935183156,-3.61601267629809
"RRC",0.394775390625,0.00121544226503354,-3.62389175387762
"RRC",0.39501953125,0.0012142513013393,-3.62814931959814
"RRC",0.395263671875,0.00121446644473395,-3.62737989639523
"RRC",0.3955078125,0.00121648594836078,-3.62016412791231
"RRC",0.395751953125,0.00122061937709487,-3.60543249532289
"RRC",0.39599609375,0.00122698545052514,-3.58284096612346
"RRC",0.396240234375,0.00123543851837693,-3.55302371945793
"RRC",0.396484375,0.00124555107533071,-3.51761968538892
"RRC",0.396728515625,0.00125666436696782,-3.47904208820999
"RRC",0.39697265625,0.00126799947277671,-3.44004436578064
"RRC",0.397216796875,0.00127880330506158,-3.40319759514599
"RRC",0.3974609375,0.0012884932553903,-3.37041359966712
"RRC",0.397705078125,0.00129676400492972,-3.34262562517247
"RRC",0.39794921875,0.00130363025774764,-3.31969077499859
"RRC",0.398193359375,0.00130939660191393,-3.30052300021602
"RRC",0.3984375,0.00131456498920029,-3.28341448011277
"RRC",0.398681640625,0.00131970574901253,-3.26646400937317
"RRC",0.39892578125,0.00132532538979002,-3.2480099154583
"RRC",0.399169921875,0.00133176218742327,-3.22696829691591
"RRC",0.3994140625,0.00133913021845582,-3.20300699222172
"RRC",0.399658203125,0.00134731785661723,-3.17653443824796
"RRC",0.39990234375,0.00135603247891897,-3.14853417917768
"RRC",0.400146484375,0.00136487318972668,-3.12031206566938
"RRC",0.400390625,0.0013734098684807,-3.09323345904802
"RRC",0.400634765625,0.00138124961246092,-3.06851340369289
"RRC",0.40087890625,0.00138807867331764,-3.04709427853099
"RRC",0.401123046875,0.00139367642609041,-3.0296155549564
"RRC",0.4013671875,0.00139790519363603,-3.01645791126006
"RRC",0.401611328125,0.00140068438911969,-3.0078322116084
"RRC",0.40185546875,0.00140195923434398,-3.00388123989197
"RRC",0.402099609375,0.00140167397798203,-3.00476498790727
"RRC",0.40234375,0.00139975801526142,-3.0107054652691
"RRC",0.402587890625,0.00139613113629246,-3.02197296781232
"RRC",0.40283203125,0.00139073119932765,-3.03880311927984
"RRC",0.403076171875,0.00138356335565022,-3.06124458554267
"RRC",0.4033203125,0.00137476430224277,-3.08895263025002
"RRC",0.403564453125,0.00136466852766094,-3.12096333694621
"RRC",0.40380859375,0.00135385787579504,-3.15550433823324
"RRC",0.404052734375,0.00134317345827856,-3.18991408190577
"RRC",0.404296875,0.00133367229781327,-3.22074379168943
"RRC",0.404541015625,0.00132652105051652,-3.24409363370806
"RRC",0.40478515625,0.00132283449919112,-3.25617996867652
"RRC",0.405029296875,0.00132348365103913,-3.25404928706412
"RRC",0.4052734375,0.00132891209573915,-3.23627255165008
"RRC",0.405517578125,0.00133900471438491,-3.20341403463637
"RRC",0.40576171875,0.00135304670401984,-3.15810721857866
"RRC",0.406005859375,0.0013697933394518,-3.10468459403003
"RRC",0.40625,0.00138764578261576,-3.04844889457881
"RRC",0.406494140625,0.00140490222407022,-2.99477409523443
"RRC",0.40673828125,0.00142003417972555,-2.94824711722904
"RRC",0.406982421875,0.00143193074911343,-2.91201494372949
"RRC",0.4072265625,0.00144006133773499,-2.88742518791184
"RRC",0.407470703125,0.00144452755329744,-2.8739767944182
"RRC",0.40771484375,0.00144600168592307,-2.86954710236235
"RRC",0.407958984375,0.00144557451968645,-2.87083024987483
"RRC",0.408203125,0.00144455212242194,-2.87390292843736
"RRC",0.408447265625,0.00144424575480284,-2.87482409892116
"RRC",0.40869140625,0.00144579145819457,-2.87017854962042
"RRC",0.408935546875,0.00145002048080944,-2.85749373078642
"RRC",0.4091796875,0.00145738488966586,-2.83549247150916
"RRC",0.409423828125,0.00146793054687102,-2.80418001532028
"RRC",0.40966796875,0.0014813055399473,-2.76478862487092
"RRC",0.409912109375,0.00149679579845501,-2.71960954130214
"RRC",0.41015625,0.00151338723686989,-2.67173442517351
"RRC",0.410400390625,0.0015298598984486,-2.62471848741176
"RRC",0.41064453125,0.00154491954897638,-2.58217640897294
"RRC",0.410888671875,0.00155736417488714,-2.54733329445751
"RRC",0.4111328125,0.00156626892177491,-2.52257178891076
"RRC",0.411376953125,0.00157115846165607,-2.50903520846383
"RRC",0.41162109375,0.0015721271648535,-2.50635837589719
"RRC",0.411865234375,0.00156986999082835,-2.51259821854429
"RRC",0.412109375,0.00156560232080562,-2.52442053111339
"RRC",0.412353515625,0.00156087206558909,-2.53756201287299
"RRC",0.41259765625,0.00155729543262665,-2.54752499684666
"RRC",0.412841796875,0.00155627014616541,-2.55038523060319
"RRC",0.4130859375,0.00155872927967648,-2.54352816137149
"RRC",0.413330078125,0.00156499153706325,-2.52611516174484
"RRC",0.41357421875,0.00157474126536261,-2.49914301426031
"RRC",0.413818359375,0.00158713987253781,-2.46508307308151
"RRC",0.4140625,0.00160103858937031,-2.42721709828091
"RRC",0.414306640625,0.00161523948601546,-2.38886586754331
"RRC",0.41455078125,0.00162874331646394,-2.3527086294777
"RRC",0.414794921875,0.00164093053432053,-2.32033313138213
"RRC",0.4150390625,0.00165164238292936,-2.29207490736264
"RRC",0.415283203125,0.00166115561659473,-2.26713190604822
"RRC",0.41552734375,0.0016700694106731,-2.24388988073445
"RRC",0.415771484375,0.00167914001481972,-2.22036598324503
"RRC",0.416015625,0.00168910448287324,-2.19466995008358
"RRC",0.416259765625,0.00170052983390189,-2.16539253999353
"RRC",0.41650390625,0.00171371167415514,-2.13185754304121
"RRC",0.416748046875,0.00172863143435739,-2.09421103369188
"RRC",0.4169921875,0.00174496836189891,-2.05335952394409
"RRC",0.417236328125,0.00176215396070775,-2.01079659180877
"RRC",0.41748046875,0.00177945322699224,-1.96836932507916
"RRC",0.417724609375,0.00179605755830357,-1.9280325914697
"RRC",0.41796875,0.00181117661276906,-1.89162707930026
"RRC",0.418212890625,0.00182411895962699,-1.86070352186577
"RRC",0.41845703125,0.0018343533853213,-1.83640503998586
"RRC",0.418701171875,0.00184154457293083,-1.81941274522251
"RRC",0.4189453125,0.001845559504896,-1.80995457181564
"RRC",0.419189453125,0.00184644508827324,-1.8078711292214
"RRC",0.41943359375,0.00184438302633375,-1.81272392749341
"RRC",0.419677734375,0.00183963361771924,-1.82392172215936
"RRC",0.419921875,0.00183248396498689,-1.84083326479306
"RRC",0.420166015625,0.00182321607702763,-1.86285367771805
"RRC",0.42041015625,0.00181210556844419,-1.88940014630248
"RRC",0.420654296875,0.00179945269026121,-1.91983076524287
"RRC",0.4208984375,0.00178563650859386,-1.95330452743615
"RRC",0.421142578125,0.0017711734789499,-1.9886240896715
"RRC",0.42138671875,0.00175675675560404,-2.02411877257006
"RRC",0.421630859375,0.00174325450589932,-2.05762713121291
"RRC",0.421875,0.00173165447166132,-2.08662270839532
"RRC",0.422119140625,0.00172295603823292,-2.10849313119273
"RRC",0.42236328125,0.0017180264297412,-2.12093668910375
"RRC",0.422607421875,0.00171744998704804,-2.12239410491891
"RRC",0.4228515625,0.0017214050784076,-2.11240429681389
"RRC",0.423095703125,0.00172960007237831,-2.09177814764809
"RRC",0.42333984375,0.00174128835781294,-2.06252813193832
"RRC",0.423583984375,0.00175536529689837,-2.02756001328011
"RRC",0.423828125,0.00177053147149606,-1.99019858727364
"RRC",0.424072265625,0.00178549127371119,-1.95365777555272
"RRC",0.42431640625,0.00179914762943379,-1.92056708615956
"RRC",0.424560546875,0.00181075446368898,-1.89263945094943
"RRC",0.4248046875,0.00181999816614778,-1.8705255916299
"RRC",0.425048828125,0.0018269953550274,-1.85386066348909
"RRC",0.42529296875,0.00183221268984884,-1.84147622821865
"RRC",0.425537109375,0.00183633084893512,-1.83172579457045
"RRC",0.42578125,0.00184008518114799,-1.8228558173061
"RRC",0.426025390625,0.00184411767104146,-1.81334880111466
"RRC",0.42626953125,0.00184886860441522,-1.80217461777096
"RRC",0.426513671875,0.00185452377056315,-1.78891105230131
"RRC",0.4267578125,0.00186101791277586,-1.77372956200972
"RRC",0.427001953125,0.00186808177113705,-1.7572762695985
"RRC",0.42724609375,0.00187531213523468,-1.7404994557594
"RRC",0.427490234375,0.00188224375037166,-1.72447645724097
"RRC",0.427734375,0.00188840819887213,-1.71027632215077
"RRC",0.427978515625,0.00189337519684259,-1.69886825973762
"RRC",0.42822265625,0.00189678186963886,-1.69106119755239
"RRC",0.428466796875,0.00189836128788481,-1.68744640548811
"RRC",0.4287109375,0.00189798025235735,-1.68831820074565
"RRC",0.428955078125,0.00189568813764736,-1.69356617072739
"RRC",0.42919921875,0.001891766625223,-1.70255950224861
"RRC",0.429443359375,0.00188675952593053,-1.7140695819936
"RRC",0.4296875,0.00188145801571265,-1.72628977961779
"RRC",0.429931640625,0.00187682299434407,-1.73700193881534
"RRC",0.43017578125,0.00187384282432052,-1.74390349566584
"RRC",0.430419921875,0.00187334716142267,-1.74505242947221
"RRC",0.4306640625,0.00187581853541625,-1.73932686634498
"RRC",0.430908203125,0.00188125456046001,-1.72675943809865
"RRC",0.43115234375,0.0018891291252507,-1.70861865830786
"RRC",0.431396484375,0.00189847938158904,-1.68717624696118
"RRC",0.431640625,0.0019081114753706,-1.66519766158806
"RRC",0.431884765625,0.00191688140840031,-1.64528264312246
"RRC",0.43212890625,0.00192398000842861,-1.62922954462657
"RRC",0.432373046875,0.00192914277315439,-1.61759139188313
"RRC",0.4326171875,0.00193272092937392,-1.60954359907683
"RRC",0.432861328125,0.00193558643725741,-1.60310939221927
"RRC",0.43310546875,0.00193889073509178,-1.59570174158609
"RRC",0.433349609375,0.00194374040311654,-1.58485247425896
"RRC",0.43359375,0.00195087865998316,-1.56893251398147
"RRC",0.433837890625,0.00196046087310317,-1.54765330478597
"RRC",0.43408203125,0.001971984616646,-1.52219986839164
"RRC",0.434326171875,0.00198438864883365,-1.49496775442474
"RRC",0.4345703125,0.00199628519521479,-1.46900923568383
"RRC",0.434814453125,0.00200625228485404,-1.44737965195121
"RRC",0.43505859375,0.00201309977328431,-1.43258209615523
"RRC",0.435302734375,0.00201603807514287,-1.42624779557994
"RRC",0.435546875,0.00201471682132344,-1.42909497075314
"RRC",0.435791015625,0.00200914813228752,-1.44111551563512
"RRC",0.43603515625,0.00199956922288856,-1.46187066020523
"RRC",0.436279296875,0.00198631745125051,-1.49074851335731
"RRC",0.4365234375,0.00196978106028629,-1.52705552215552
"RRC",0.436767578125,0.00195045406235299,-1.56987783406393
"RRC",0.43701171875,0.00192907627196829,-1.61774110395408
"RRC",0.437255859375,0.00190679652306069,-1.6681915820444
"RRC",0.4375,0.00188527472119448,-1.71748865241889
"RRC",0.437744140625,0.00186664605953766,-1.76061531696263
"RRC",0.43798828125,0.00185330788929833,-1.7917593506672
"RRC",0.438232421875,0.00184754564584785,-1.80528332578489
"RRC",0.4384765625,0.00185107131375451,-1.79700358988691
"RRC",0.438720703125,0.00186458738352338,-1.76540768247604
"RRC",0.43896484375,0.00188749722815137,-1.71237187021215
"RRC",0.439208984375,0.00191785491740403,-1.64307759139759
"RRC",0.439453125,0.00195259037568235,-1.5651236520507
"RRC",0.439697265625,0.00198797531666452,-1.48712521791908
"RRC",0.43994140625,0.00202023176355727,-1.41722314427885
"RRC",0.440185546875,0.00204614663241525,-1.36186756336491
"RRC",0.4404296875,0.00206355394529992,-1.32507682886512
"RRC",0.440673828125,0.00207158128603961,-1.30821530452883
"RRC",0.44091796875,0.0020706190133226,-1.31023311974006
"RRC",0.441162109375,0.00206204188833167,-1.32826026250001
"RRC",0.44140625,0.00204777329477558,-1.35841634528173
"RRC",0.441650390625,0.00202981580244187,-1.39666880310854
"RRC",0.44189453125,0.0020098702396238,-1.43955489955507
"RRC",0.442138671875,0.00198913067227077,-1.48460195311326
"RRC",0.4423828125,0.00196828597265048,-1.53035312138864
"RRC",0.442626953125,0.00194769694333795,-1.57602126859021
"RRC",0.44287109375,0.00192766887286598,-1.62091074917637
"RRC",0.443115234375,0.00190871624148219,-1.66382140566673
"RRC",0.443359375,0.00189172447730984,-1.7026562626512
"RRC",0.443603515625,0.00187794950424601,-1.73439599105639
"RRC",0.44384765625,0.00186884796131047,-1.75549538425737
"RRC",0.444091796875,0.00186578385871477,-1.76262177963994
"RRC",0.4443359375,0.00186969584331667,-1.75352547029006
"RRC",0.444580078125,0.00188082251724979,-1.72775694016515
"RRC",0.44482421875,0.00189856811686966,-1.68697326165353
"RRC",0.445068359375,0.00192155211544157,-1.63471341855122
"RRC",0.4453125,0.00194783528340128,-1.57571281098976
"RRC",0.445556640625,0.00197526597670012,-1.51497926326808
"RRC",0.44580078125,0.00200185762476753,-1.45690323006293
"RRC",0.446044921875,0.00202610063806209,-1.40462496228698
"RRC",0.4462890625,0.00204713128224762,-1.35977814746904
"RRC",0.446533203125,0.00206472096414986,-1.32262142135751
"RRC",0.44677734375,0.00207910036118136,-1.29248055687687
"RRC",0.447021484375,0.00209067961759532,-1.26836024301275
"RRC",0.447265625,0.00209975526885603,-1.24954829851615
"RRC",0.447509765625,0.00210629822573461,-1.23603647626535
"RRC",0.44775390625,0.00210989372481801,-1.228629290784
"RRC",0.447998046875,0.00210985981359853,-1.22869909322796
"RRC",0.4482421875,0.00210551775263379,-1.23764602030327
"RRC",0.448486328125,0.00209654038595518,-1.25620276851456
"RRC",0.44873046875,0.00208327638543854,-1.28376618520844
"RRC",0.448974609375,0.00206694760503985,-1.31794041692006
"RRC",0.44921875,0.00204964450898093,-1.35444966138832
"RRC",0.449462890625,0.00203409399205964,-1.38752492480489
"RRC",0.44970703125,0.00202323220003242,-1.41077781297199
"RRC",0.449951171875,0.00201966697309503,-1.41843745878902
"RRC",0.4501953125,0.00202514662783101,-1.40667036391026
"RRC",0.450439453125,0.00204015551543715,-1.37460235787704
"RRC",0.45068359375,0.00206373109735737,-1.32470401157598
"RRC",0.450927734375,0.0020935486861747,-1.26240444539823
"RRC",0.451171875,0.00212626074903738,-1.19506987401902
"RRC",0.451416015625,0.00215802239595001,-1.13067562070777
"RRC",0.45166015625,0.00218509656063403,-1.07652876102359
"RRC",0.451904296875,0.00220441985729468,-1.03829195075675
"RRC",0.4521484375,0.00221402492199421,-1.01941004376629
"RRC",0.452392578125,0.00221325221484185,-1.02092602049614
"RRC",0.45263671875,0.00220273362797464,-1.04161527556084
"RRC",0.452880859375,0.00218417936308421,-1.0783521013093
"RRC",0.453125,0.0021600368551225,-1.12662348285958
"RRC",0.453369140625,0.00213310812208343,-1.18110640205305
"RRC",0.45361328125,0.00210620723281617,-1.23622409725608
"RRC",0.453857421875,0.00208191562068546,-1.2866038582069
"RRC",0.4541015625,0.00206245727352065,-1.32738549206622
"RRC",0.454345703125,0.00204967840950979,-1.35437783092797
"RRC",0.45458984375,0.00204508705799501,-1.36411709183961
"RRC",0.454833984375,0.00204989449391557,-1.35392000633329
"RRC",0.455078125,0.00206500597584542,-1.32202196764711
"RRC",0.455322265625,0.00209093094443118,-1.26783819603357
"RRC",0.45556640625,0.00212761636265401,-1.19230187899816
"RRC",0.455810546875,0.00217424172474932,-1.09815683740168
"RRC",0.4560546875,0.00222904016545759,-0.990056153702937
"RRC",0.456298828125,0.00228921871880126,-0.874362210976493
"RRC",0.45654296875,0.00235103805080254,-0.75863851448121
"RRC",0.456787109375,0.00241007958770926,-0.650921250924326
"RRC",0.45703125,0.00246168325178099,-0.558913386347449
"RRC",0.457275390625,0.00250149346645138,-0.489241366430105
"RRC",0.45751953125,0.00252601732787852,-0.446871841614396
"RRC",0.457763671875,0.00253308710342976,-0.434733857310969
"RRC",0.4580078125,0.00252213421069894,-0.453553165197498
"RRC",0.458251953125,0.00249422093863975,-0.501885888006384
"RRC",0.45849609375,0.00245182975492486,-0.576331982951476
"RRC",0.458740234375,0.00239846388274296,-0.671903265181471
"RRC",0.458984375,0.00233815214538402,-0.782507419218737
"RRC",0.459228515625,0.00227496495341496,-0.901487989528917
"RRC",0.45947265625,0.00221263315677327,-1.02214093449569
"RRC",0.459716796875,0.00215432235815865,-1.13812820848344
"RRC",0.4599609375,0.00210256452784691,-1.24374176346532
"RRC",0.460205078125,0.00205930227841952,-1.33403409547549
"RRC",0.46044921875,0.00202597343588021,-1.40489762860396
"RRC",0.460693359375,0.00200356298974656,-1.45320508838916
"RRC",0.4609375,0.00199257565692455,-1.47708689260902
"RRC",0.461181640625,0.00199292585942736,-1.47632367114599
"RRC",0.46142578125,0.00200378769979433,-1.45271803177026
"RRC",0.461669921875,0.00202347933929565,-1.41024735154733
"RRC",0.4619140625,0.0020494621906035,-1.35483598880609
"RRC",0.462158203125,0.00207851197892942,-1.29370977762219
"RRC",0.46240234375,0.00210707206921381,-1.23444119299744
"RRC",0.462646484375,0.00213174338630088,-1.18388585282025
"RRC",0.462890625,0.00214981714255189,-1.14721987938321
"RRC",0.463134765625,0.00215973183116203,-1.12723680376967
"RRC",0.46337890625,0.00216134313593614,-1.12399788377951
"RRC",0.463623046875,0.00215593366997271,-1.13488114446914
"RRC",0.4638671875,0.00214594874221647,-1.15504165281621
"RRC",0.464111328125,0.00213450856781179,-1.17825607167871
"RRC",0.46435546875,0.00212479920970584,-1.19805613390687
"RRC",0.464599609375,0.00211947065926685,-1.20896100725141
"RRC",0.46484375,0.00212016497429929,-1.20753853977521
"RRC",0.465087890625,0.00212726323808079,-1.1930227457127
"RRC",0.46533203125,0.00213988763394445,-1.16732540516046
"RRC",0.465576171875,0.00215613846466329,-1.13446862259412
"RRC",0.4658203125,0.00217349948171295,-1.09963968581768
"RRC",0.466064453125,0.0021893183238242,-1.06814597578226
"RRC",0.46630859375,0.00220126580157572,-1.04451023020035
"RRC",0.466552734375,0.00220769538876532,-1.0318435901632
"RRC",0.466796875,0.00220785507990378,-1.0315294595434
"RRC",0.467041015625,0.00220193835247971,-1.04318353655428
"RRC",0.46728515625,0.00219099094863278,-1.06482926130032
"RRC",0.467529296875,0.00217671025831691,-1.09322885554392
"RRC",0.4677734375,0.00216118275531037,-1.12432016025654
"RRC",0.468017578125,0.00214660394247742,-1.15371586892498
"RRC",0.46826171875,0.00213501808946,-1.1772195050565
"RRC",0.468505859375,0.00212810526427475,-1.19130403517458
"RRC",0.46875,0.00212703320372693,-1.19349240104581
"RRC",0.468994140625,0.00213238233807267,-1.1825843281997
"RRC",0.46923828125,0.00214414357990902,-1.1586964556338
"RRC",0.469482421875,0.00216177990587856,-1.12312033865916
"RRC",0.4697265625,0.00218433458200667,-1.07804348047215
"RRC",0.469970703125,0.00221056245095423,-1.02620720809652
"RRC",0.47021484375,0.00223905808601777,-0.970581492829491
"RRC",0.470458984375,0.00226835770201095,-0.914119691328935
"RRC",0.470703125,0.00229700106332084,-0.859623133105285
"RRC",0.470947265625,0.00232355371192429,-0.809707933429911
"RRC",0.47119140625,0.00234660500247173,-0.766835173860128
"RRC",0.471435546875,0.00236476880145636,-0.733348224698065
"RRC",0.4716796875,0.00237671676107049,-0.711460806314544
"RRC",0.471923828125,0.00238126638168648,-0.703155288320074
"RRC",0.47216796875,0.00237752851310911,-0.709977755213312
"RRC",0.472412109375,0.00236509590434078,-0.732747535305108
"RRC",0.47265625,0.00234423275119227,-0.771227803843487
"RRC",0.472900390625,0.00231601220945924,-0.823826649904289
"RRC",0.47314453125,0.00228234990296773,-0.887412834538438
"RRC",0.473388671875,0.00224589806448971,-0.95733468679569
"RRC",0.4736328125,0.00220979396391819,-1.02771726588917
"RRC",0.473876953125,0.00217729060629154,-1.09207110692467
"RRC",0.47412109375,0.00215132825565132,-1.14416828243934
"RRC",0.474365234375,0.00213412378468868,-1.17903903527805
"RRC",0.474609375,0.00212685596043746,-1.19385430884193
"RRC",0.474853515625,0.00212950801282642,-1.18844230989387
"RRC",0.47509765625,0.00214089836922493,-1.16527458195741
"RRC",0.475341796875,0.00215889380161979,-1.12892230115416
"RRC",0.4755859375,0.00218076503958686,-1.08514633289607
"RRC",0.475830078125,0.00220362046106076,-1.03986713315971
"RRC",0.47607421875,0.00222484302472458,-0.998241350852711
"RRC",0.476318359375,0.0022424596763894,-0.963988671869647
"RRC",0.4765625,0.00225538837052011,-0.939021728013177
"RRC",0.476806640625,0.00226353104547766,-0.923370541064337
"RRC",0.47705078125,0.00226770649435783,-0.915366657333037
"RRC",0.477294921875,0.00226944105868432,-0.912046017025901
"RRC",0.4775390625,0.00227065477593785,-0.909723992392253
"RRC",0.477783203125,0.0022732945511777,-0.904677985640986
"RRC",0.47802734375,0.00227897324176376,-0.893842835437261
"RRC",0.478271484375,0.00228867351670069,-0.875396653260123
"RRC",0.478515625,0.00230256729130297,-0.849111784685781
"RRC",0.478759765625,0.0023199852051107,-0.816382942084084
"RRC",0.47900390625,0.00233954693053209,-0.779917481296844
"RRC",0.479248046875,0.00235943477764682,-0.743155329969599
"RRC",0.4794921875,0.00237776469033989,-0.709546360286538
"RRC",0.479736328125,0.00239298614383488,-0.681833256329468
"RRC",0.47998046875,0.002404231391839,-0.661472461494705
"RRC",0.480224609375,0.00241153896015147,-0.648292268926859
"RRC",0.48046875,0.00241589704885113,-0.640450862496766
"RRC",0.480712890625,0.00241908652945986,-0.634721064217213
"RRC",0.48095703125,0.00242334395457416,-0.627084499410519
"RRC",0.481201171875,0.00243090377933313,-0.613557407217131
"RRC",0.4814453125,0.00244350712003288,-0.591099007093952
"RRC",0.481689453125,0.00246197523441585,-0.558398296003008
"RRC",0.48193359375,0.00248593663236313,-0.516334554618107
"RRC",0.482177734375,0.00251376890029591,-0.467981605971578
"RRC",0.482421875,0.0025427756043504,-0.418154734352354
"RRC",0.482666015625,0.00256957342126312,-0.372624781109173
"RRC",0.48291015625,0.00259062415599566,-0.337190988071292
"RRC",0.483154296875,0.0026028185933317,-0.316796090761699
"RRC",0.4833984375,0.00260400943880731,-0.314809554526272
"RRC",0.483642578125,0.00259340041338378,-0.332539338129674
"RRC",0.48388671875,0.0025717254713802,-0.368989032382145
"RRC",0.484130859375,0.00254119047624645,-0.420862905099559
"RRC",0.484375,0.0025051918692825,-0.482825160394151
"RRC",0.484619140625,0.00246786484164283,-0.548021386826656
"RRC",0.48486328125,0.00243354032786682,-0.608849619168413
"RRC",0.485107421875,0.00240620123238926,-0.657915646564104
"RRC",0.4853515625,0.00238902230700968,-0.689033046427339
"RRC",0.485595703125,0.00238405698352536,-0.698068778862179
"RRC",0.48583984375,0.00239210306851577,-0.683436213873327
"RRC",0.486083984375,0.00241274423023245,-0.646122238123902
"RRC",0.486328125,0.00244453286866594,-0.589276284781008
"RRC",0.486572265625,0.00248525853803465,-0.51751935069552
"RRC",0.48681640625,0.00253223864021757,-0.436188780106649
"RRC",0.487060546875,0.00258257558626766,-0.350704683325943
"RRC",0.4873046875,0.0026333446246166,-0.266158108006003
"RRC",0.487548828125,0.00268170371525223,-0.187127158753488
"RRC",0.48779296875,0.00272494400773539,-0.117659267449189
"RRC",0.488037109375,0.00276051925013349,-0.0613272956328242
"RRC",0.48828125,0.0027860990104533,-0.0212696352978165
"RRC",0.488525390625,0.0027996813697204,-0.000149022222298682
"RRC",0.48876953125,0.00279977743861259,0
"RRC",0.489013671875,0.00278564860966325,-0.0219717725499897
"RRC",0.4892578125,0.00275754691662276,-0.0660059933067058
"RRC",0.489501953125,0.00271688910375279,-0.130515975235042
"RRC",0.48974609375,0.00266629389746981,-0.212154908712028
"RRC",0.489990234375,0.00260943276813804,-0.305773977807548
"RRC",0.490234375,0.00255068414903057,-0.404668262520229
"RRC",0.490478515625,0.00249463042943098,-0.501172939961643
"RRC",0.49072265625,0.00244548268489889,-0.587589173770982
"RRC",0.490966796875,0.00240654613241113,-0.657293182240876
"RRC",0.4912109375,0.00237983949851849,-0.705758412553487
"RRC",0.491455078125,0.0023659509689687,-0.731177693096545
"RRC",0.49169921875,0.00236415823067324,-0.734469694839576
"RRC",0.491943359375,0.00237277436504453,-0.718670678645376
"RRC",0.4921875,0.00238962335693434,-0.687940549994813
"RRC",0.492431640625,0.00241251605717564,-0.646532969540091
"RRC",0.49267578125,0.00243960040973552,-0.598048119216462
"RRC",0.492919921875,0.00246949920862366,-0.545146182244291
"RRC",0.4931640625,0.00250121416307572,-0.489726303483937
"RRC",0.493408203125,0.00253384787888329,-0.433429713543299
"RRC",0.49365234375,0.00256625387333736,-0.378238916727982
"RRC",0.493896484375,0.00259675094882095,-0.326932105691269
"RRC",0.494140625,0.00262302343257823,-0.283213392038412
"RRC",0.494384765625,0.00264227634105482,-0.251452734384874
"RRC",0.49462890625,0.00265163911509107,-0.236090927523707
"RRC",0.494873046875,0.00264873483575161,-0.240850261974297
"RRC",0.4951171875,0.00263227595537192,-0.267920928381165
"RRC",0.495361328125,0.00260252876645308,-0.317279709646362
"RRC",0.49560546875,0.00256151266962533,-0.386270012446704
"RRC",0.495849609375,0.00251286038848091,-0.469551491672835
"RRC",0.49609375,0.00246134539333189,-0.559509483063172
"RRC",0.496337890625,0.00241216180186876,-0.647170736992072
"RRC",0.49658203125,0.00237009989853533,-0.723568578549701
"RRC",0.496826171875,0.00233878356510342,-0.781334762083633
"RRC",0.4970703125,0.00232012032405145,-0.816130010722872
"RRC",0.497314453125,0.00231406618874502,-0.827477327214414
"RRC",0.49755859375,0.00231873938349788,-0.818715710303284
"RRC",0.497802734375,0.00233084594798588,-0.796099387946075
"RRC",0.498046875,0.0023463219692686,-0.767359025005509
"RRC",0.498291015625,0.0023610628100541,-0.74015969018487
"RRC",0.49853515625,0.00237160384533852,-0.72081363705659
"RRC",0.498779296875,0.00237563792394094,-0.713432599462742
"RRC",0.4990234375,0.00237229492917798,-0.719548290073445
"RRC",0.499267578125,0.00236215845428277,-0.738144826918699
"RRC",0.49951171875,0.0023470433406952,-0.766024001576686
"RRC",0.499755859375,0.00232959686904018,-0.798427356029232
"RRC",0.5,0.00115640494814184,-3.8401356824238
"TASM",0,0.00127515274154758,-3.00656809911688
"TASM",0.000244140625,0.00254811496740416,0
"TASM",0.00048828125,0.00254041302273767,-0.0131468850300569
"TASM",0.000732421875,0.00252772527929211,-0.0348914711050494
"TASM",0.0009765625,0.00251028863062503,-0.0649535974558162
"TASM",0.001220703125,0.00248801928513886,-0.103652765326297
"TASM",0.00146484375,0.00246056173557138,-0.15184752899489
"TASM",0.001708984375,0.0024274025937351,-0.21077207210028
"TASM",0.001953125,0.00238801472197697,-0.281820190017716
"TASM",0.002197265625,0.0023419895650229,-0.366340631718998
"TASM",0.00244140625,0.00228912147439223,-0.465501793357493
"TASM",0.002685546875,0.00222942521497886,-0.580261101428449
"TASM",0.0029296875,0.00216309106483003,-0.711442155086214
"TASM",0.003173828125,0.00209040330995549,-0.859889344845467
"TASM",0.00341796875,0.00201166035485123,-1.02664361801486
"TASM",0.003662109375,0.0019271338402119,-1.21307141241075
"TASM",0.00390625,0.00183709011667549,-1.4208855814519
"TASM",0.004150390625,0.00174187456635299,-1.65202140930553
"TASM",0.00439453125,0.00164203498506835,-1.90836612942406
"TASM",0.004638671875,0.00153844256504178,-2.19137731577867
"TASM",0.0048828125,0.00143236402625249,-2.50165613674845
"TASM",0.005126953125,0.00132544828431119,-2.83856231557171
"TASM",0.00537109375,0.00121961320916488,-3.19996899472019
"TASM",0.005615234375,0.00111684611620258,-3.58225680567563
"TASM",0.005859375,0.00101895731220858,-3.98063028640868
"TASM",0.006103515625,0.00092734161399321,-4.38979269899608
"TASM",0.00634765625,0.000842803574453685,-4.80492650021883
"TASM",0.006591796875,0.000765487862018573,-5.2228071018321
"TASM",0.0068359375,0.000694930899316512,-5.64277396346757
"TASM",0.007080078125,0.000630220601542247,-6.06726422966296
"TASM",0.00732421875,0.00057022587796443,-6.50172096315732
"TASM",0.007568359375,0.000513843019134291,-6.95388558115787
"TASM",0.0078125,0.000460205469466518,-7.43267242986527
"TASM",0.008056640625,0.000408816059771075,-7.94691070751238
"TASM",0.00830078125,0.000359582304214742,-8.50420707806728
"TASM",0.008544921875,0.000312759549369113,-9.11008440151335
"TASM",0.0087890625,0.000268827172963879,-9.76745853921891
"TASM",0.009033203125,0.000228334906473886,-10.4764670996184
"TASM",0.00927734375,0.000191757738664569,-11.2346611930354
"TASM",0.009521484375,0.000159389799062184,-12.0375849574045
"TASM",0.009765625,0.000131293517820847,-12.8797573409
"TASM",0.010009765625,0.000107304706241871,-13.7560024890579
"TASM",0.01025390625,8.70812057978702e-05,-14.6629458485986
"TASM",0.010498046875,7.01752258642536e-05,-15.6003519975026
"TASM",0.0107421875,5.61083118908542e-05,-16.5719181641911
"TASM",0.010986328125,4.44320985536251e-05,-17.5852219316452
"TASM",0.01123046875,3.47654081643424e-05,-18.6507168626923
"TASM",0.011474609375,2.6806255709107e-05,-19.7798286279076
"TASM",0.01171875,2.03237167981458e-05,-20.9821588428639
"TASM",0.011962890625,1.51381232600915e-05,-22.2614698176966
"TASM",0.01220703125,1.10984680029971e-05,-23.6095598456501
"TASM",0.012451171875,8.06390916195873e-06,-24.9967339196476
"TASM",0.0126953125,5.89303411512869e-06,-26.3588006360922
"TASM",0.012939453125,4.44128623722491e-06,-27.5871025487264
"TASM",0.01318359375,3.56456716186175e-06,-28.5421221697445
"TASM",0.013427734375,3.12591304920033e-06,-29.1124212540852
"TASM",0.013671875,3.00223861695945e-06,-29.2877381200375
"TASM",0.013916015625,3.08905615121445e-06,-29.1639321612194
"TASM",0.01416015625,3.30229735623007e-06,-28.8740284202063
"TASM",0.014404296875,3.57744724639705e-06,-28.526457805646
"TASM",0.0146484375,3.86687210356429e-06,-28.1885921080755
"TASM",0.014892578125,4.13642263277089e-06,-27.8959411312906
"TASM",0.01513671875,4.36221487996383e-06,-27.6651196402563
"TASM",0.015380859375,4.52811354236e-06,-27.5030171062597
"TASM",0.015625,4.62404564525738e-06,-27.4119690639168
"TASM",0.015869140625,4.64498418645296e-06,-27.3923477906369
"TASM",0.01611328125,4.59031266510505e-06,-27.4437675073753
"TASM",0.016357421875,4.46329653711707e-06,-27.5656327696291
"TASM",0.0166015625,4.27049004849802e-06,-27.7574130469899
"TASM",0.016845703125,4.02103044799293e-06,-28.0188165719428
"TASM",0.01708984375,3.72586498542643e-06,-28.3499190559939
"TASM",0.017333984375,3.39699528389561e-06,-28.7512407493623
"TASM",0.017578125,3.04681173721549e-06,-29.2237339891378
"TASM",0.017822265625,2.68754893325353e-06,-29.7686263850353
"TASM",0.01806640625,2.33084883731277e-06,-30.387049097622
"TASM",0.018310546875,1.9873929468962e-06,-31.079352746592
"TASM",0.0185546875,1.66656659680873e-06,-31.8439634590727
"TASM",0.018798828125,1.37614318463509e-06,-32.6755539524392
"TASM",0.01904296875,1.12200897266324e-06,-33.5622268889796
"TASM",0.019287109375,9.07973589181173e-07,-34.4814580276999
"TASM",0.01953125,7.35715404915608e-07,-35.3950916917397
"TASM",0.019775390625,6.04891867833299e-07,-36.2454127297723
"TASM",0.02001953125,5.13409705654975e-07,-36.9575494441902
"TASM",0.020263671875,4.57812151086336e-07,-37.4553170348823
"TASM",0.0205078125,4.33714267099204e-07,-37.690153102993
"TASM",0.020751953125,4.36212419652945e-07,-37.6652099240355
"TASM",0.02099609375,4.60211051414794e-07,-37.432619753511
"TASM",0.021240234375,5.00642004645385e-07,-37.0669173408291
"TASM",0.021484375,5.52586591749289e-07,-36.6381867610912
"TASM",0.021728515625,6.1133625432999e-07,-36.1993886716742
"TASM",0.02197265625,6.72436367117289e-07,-35.7856782568456
"TASM",0.022216796875,7.31748879895716e-07,-35.4185695254639
"TASM",0.0224609375,7.85548864672313e-07,-35.1104581358228
"TASM",0.022705078125,8.30646988336149e-07,-34.8680252407405
"TASM",0.02294921875,8.64513361239248e-07,-34.6944730909241
"TASM",0.023193359375,8.85373267057219e-07,-34.5909261410664
"TASM",0.0234375,8.92251944229527e-07,-34.55731515906
"TASM",0.023681640625,8.8495949132275e-07,-34.5929562737705
"TASM",0.02392578125,8.64021774652106e-07,-34.6969433137561
"TASM",0.024169921875,8.30573432908678e-07,-34.8684098340898
"TASM",0.0244140625,7.86232055265684e-07,-35.1066827251442
"TASM",0.024658203125,7.32969081498238e-07,-35.4113336348782
"TASM",0.02490234375,6.72986088128934e-07,-35.7821293222445
"TASM",0.025146484375,6.0859868797572e-07,-36.2188800710255
"TASM",0.025390625,5.42127005948467e-07,-36.7211797675621
"TASM",0.025634765625,4.75792278760198e-07,-37.2880162891641
"TASM",0.02587890625,4.11622268811806e-07,-37.9172015676141
"TASM",0.026123046875,3.51371537075785e-07,-38.6045244039897
"TASM",0.0263671875,2.96464008771579e-07,-39.3424704204736
"TASM",0.026611328125,2.47963638950424e-07,-40.1183101772352
"TASM",0.02685546875,2.06574752362495e-07,-40.9114177806288
"TASM",0.027099609375,1.72668328253313e-07,-41.6900633460873
"TASM",0.02734375,1.46326031772442e-07,-42.4089742377921
"TASM",0.027587890625,1.27391636516871e-07,-43.0107810212349
"TASM",0.02783203125,1.15520169473811e-07,-43.4356120151095
"TASM",0.028076171875,1.10218148917346e-07,-43.6396590597086
"TASM",0.0283203125,1.10872475756901e-07,-43.6139527353563
"TASM",0.028564453125,1.16769483814348e-07,-43.3888965847772
"TASM",0.02880859375,1.27108260091083e-07,-43.0204524490447
"TASM",0.029052734375,1.41013122010284e-07,-42.5695949095428
"TASM",0.029296875,1.57549244962246e-07,-42.0880269266294
"TASM",0.029541015625,1.75743507623292e-07,-41.6133972873545
"TASM",0.02978515625,1.94610487881416e-07,-41.1705277745678
"TASM",0.030029296875,2.13181913773167e-07,-40.7746866223676
"TASM",0.0302734375,2.30537150757582e-07,-40.4347809752058
"TASM",0.030517578125,2.45832498318971e-07,-40.155797240949
"TASM",0.03076171875,2.58327855693434e-07,-39.9404777985864
"TASM",0.031005859375,2.67410209825358e-07,-39.790410340945
"TASM",0.03125,2.72613941339007e-07,-39.706709572019
"TASM",0.031494140625,2.73637885130653e-07,-39.6904279364149
"TASM",0.03173828125,2.70358466870323e-07,-39.7427904385651
"TASM",0.031982421875,2.62837384702939e-07,-39.8653188166616
"TASM",0.0322265625,2.51321680159659e-07,-40.0598906442802
"TASM",0.032470703125,2.36234061617553e-07,-40.3287650194138
"TASM",0.03271484375,2.18152202559115e-07,-40.6745941669836
"TASM",0.032958984375,1.97777312461814e-07,-41.1004254777396
"TASM",0.033203125,1.75894157262114e-07,-41.6096760528351
"TASM",0.033447265625,1.53326328109014e-07,-42.2060228364419
"TASM",0.03369140625,1.30891415507853e-07,-42.8930785451655
"TASM",0.033935546875,1.09360572921972e-07,-43.6735824210575
"TASM",0.0341796875,8.94258118867807e-08,-44.5475612711937
"TASM",0.034423828125,7.16766211022401e-08,-45.5084149474847
"TASM",0.03466796875,5.65856673651144e-08,-46.535125765935
"TASM",0.034912109375,4.45019152845112e-08,-47.5784031621129
"TASM",0.03515625,3.56488116490332e-08,-48.5417396161945
"TASM",0.035400390625,3.01252766343583e-08,-49.2728797522836
"TASM",0.03564453125,2.79079505721003e-08,-49.6049107374167
"TASM",0.035888671875,2.88541489502947e-08,-49.4601074949922
"TASM",0.0361328125,3.27059547490342e-08,-48.915921873334
"TASM",0.036376953125,3.9096585133779e-08,-48.1408019298984
"TASM",0.03662109375,4.75604905698578e-08,-47.2897269330277
"TASM",0.036865234375,5.75485656030475e-08,-46.4618451554987
"TASM",0.037109375,6.84494176668134e-08,-45.708492611416
"TASM",0.037353515625,7.96169164072221e-08,-45.0521366568148
"TASM",0.03759765625,9.04032987333696e-08,-44.500347410971
"TASM",0.037841796875,1.00196023740516e-07,-44.0536853188635
"TASM",0.0380859375,1.0845549753542e-07,-43.7096744786837
"TASM",0.038330078125,1.14749925385429e-07,-43.4646660705317
"TASM",0.03857421875,1.18783141634298e-07,-43.3146421134393
"TASM",0.038818359375,1.20411536641924e-07,-43.255509201535
"TASM",0.0390625,1.19647257059684e-07,-43.2831627210374
"TASM",0.039306640625,1.16646634425663e-07,-43.3934680614121
"TASM",0.03955078125,1.11685025473692e-07,-43.582240712686
"TASM",0.039794921875,1.05121486593271e-07,-43.8452752496055
"TASM",0.0400390625,9.73584474044076e-08,-44.1784537937652
"TASM",0.040283203125,8.88023541112883e-08,-44.577945399819
"TASM",0.04052734375,7.98308793119494e-08,-45.0404810595441
"TASM",0.040771484375,7.07707804615919e-08,-45.5636503382855
"TASM",0.041015625,6.18881641253384e-08,-46.1461141906567
"TASM",0.041259765625,5.33903228767443e-08,-46.7875647161681
"TASM",0.04150390625,4.54360754760599e-08,-47.4881820656822
"TASM",0.041748046875,3.81501833810532e-08,-48.2472238899732
"TASM",0.0419921875,3.16372217518229e-08,-49.0602068028906
"TASM",0.042236328125,2.59912166143951e-08,-49.9139241014271
"TASM",0.04248046875,2.1299085223514e-08,-50.7785806758523
"TASM",0.042724609375,1.76379020317645e-08,-51.5977209284674
"TASM",0.04296875,1.50676955631066e-08,-52.2817218199871
"TASM",0.043212890625,1.36224386373408e-08,-52.719641585797
"TASM",0.04345703125,1.33019610095759e-08,-52.8230334836322
"TASM",0.043701171875,1.40668133220147e-08,-52.5802329481064
"TASM",0.0439453125,1.58369897862189e-08,-52.0654638223819
"TASM",0.044189453125,1.84943044271458e-08,-51.3918101677389
"TASM",0.04443359375,2.18874711802634e-08,-50.6602343162216
"TASM",0.044677734375,2.58387320196813e-08,-49.9394782109217
"TASM",0.044921875,3.01511523124075e-08,-49.2691510427104
"TASM",0.045166015625,3.46162231314102e-08,-48.6693933726635
"TASM",0.04541015625,3.90218753674503e-08,-48.1491088138141
"TASM",0.045654296875,4.31611825203406e-08,-47.711256839924
"TASM",0.0458984375,4.68418266459801e-08,-47.3558519637079
"TASM",0.046142578125,4.98959228760557e-08,-47.0815395911229
"TASM",0.04638671875,5.21892676033223e-08,-46.8863781663017
"TASM",0.046630859375,5.36287463163092e-08,-46.7682137432522
"TASM",0.046875,5.41666827268106e-08,-46.7248677950717
"TASM",0.047119140625,5.38013570982918e-08,-46.7542578831613
"TASM",0.04736328125,5.25736400084028e-08,-46.8545097183227
"TASM",0.047607421875,5.05604491362435e-08,-47.0240809567239
"TASM",0.0478515625,4.78663007190076e-08,-47.2618915393933
"TASM",0.048095703125,4.46144299427285e-08,-47.5674367067367
"TASM",0.04833984375,4.09387606852847e-08,-47.9408432748117
"TASM",0.048583984375,3.69775105514353e-08,-48.3828134920509
"TASM",0.048828125,3.28686039426445e-08,-48.8943776056971
"TASM",0.049072265625,2.87465320478217e-08,-49.4763355952421
"TASM",0.04931640625,2.47399912687703e-08,-50.1281947684644
"TASM",0.049560546875,2.09696059562219e-08,-50.8462874923513
"TASM",0.0498046875,1.75452563914623e-08,-51.6205929986033
"TASM",0.050048828125,1.45628795095434e-08,-52.429717626098
"TASM",0.05029296875,1.21009564807739e-08,-53.2339931979958
"TASM",0.050537109375,1.02171396386688e-08,-53.9688968990083
"TASM",0.05078125,8.94554619301301e-09,-54.5461215620438
"TASM",0.051025390625,8.29516329217649e-09,-54.873940792383
"TASM",0.05126953125,8.2496215137022e-09,-54.8978499495873
"TASM",0.051513671875,8.76837657194492e-09,-54.632998258571
"TASM",0.0517578125,9.78915987895056e-09,-54.1547359729947
"TASM",0.052001953125,1.1231457147607e-08,-53.5578291442253
"TASM",0.05224609375,1.30007529168961e-08,-52.9225051439362
"TASM",0.052490234375,1.4993308243678e-08,-52.3032154923208
"TASM",0.052734375,1.71012736691573e-08,-51.7319056187474
"TASM",0.052978515625,1.9217940013909e-08,-51.2251218540794
"TASM",0.05322265625,2.12428791928836e-08,-50.7900563956458
"TASM",0.053466796875,2.308664212396e-08,-50.4285824805973
"TASM",0.0537109375,2.46746052611354e-08,-50.1396880521809
"TASM",0.053955078125,2.59495473618888e-08,-49.9208923201923
"TASM",0.05419921875,2.68726379239786e-08,-49.7690871828589
"TASM",0.054443359375,2.74227383746017e-08,-49.6810819855365
"TASM",0.0546875,2.7594220930513e-08,-49.6540088175932
"TASM",0.054931640625,2.7393821506019e-08,-49.6856639723127
"TASM",0.05517578125,2.68372660943375e-08,-49.7748074658978
"TASM",0.055419921875,2.59464611434469e-08,-49.9214088638262
"TASM",0.0556640625,2.47478780898337e-08,-50.1268105088707
"TASM",0.055908203125,2.32724142948282e-08,-50.3937757926321
"TASM",0.05615234375,2.15565633399361e-08,-50.7263949433286
"TASM",0.056396484375,1.96443026488566e-08,-51.1298240242361
"TASM",0.056640625,1.75888328881799e-08,-51.6098199618419
"TASM",0.056884765625,1.54532694900252e-08,-52.1719864052787
"TASM",0.05712890625,1.33096109967986e-08,-52.820536564376
"TASM",0.057373046875,1.12357338134262e-08,-53.5561757711874
"TASM",0.0576171875,9.31067000125488e-09,-54.3723808467791
"TASM",0.057861328125,7.60887120159545e-09,-55.2489878618204
"TASM",0.05810546875,6.19442418225305e-09,-56.1421807717868
"TASM",0.058349609375,5.11619481134607e-09,-56.972719459466
"TASM",0.05859375,4.4046454921232e-09,-57.6230805890371
"TASM",0.058837890625,4.07067399244832e-09,-57.965526963835
"TASM",0.05908203125,4.10637984129581e-09,-57.9275989961353
"TASM",0.059326171875,4.48730267537165e-09,-57.542336545259
"TASM",0.0595703125,5.1754855702071e-09,-56.9226791680357
"TASM",0.059814453125,6.12272661166461e-09,-56.1927415085792
"TASM",0.06005859375,7.27356071538711e-09,-55.4447195044845
"TASM",0.060302734375,8.56777969799402e-09,-54.7335072784858
"TASM",0.060546875,9.94255260800662e-09,-54.0872112126666
"TASM",0.060791015625,1.13343670221142e-08,-53.5182174729338
"TASM",0.06103515625,1.26810340544207e-08,-53.0306435003742
"TASM",0.061279296875,1.39238958535303e-08,-52.6245825263361
"TASM",0.0615234375,1.50101986675333e-08,-52.2983257848117
"TASM",0.061767578125,1.58954224224188e-08,-52.0494694504566
"TASM",0.06201171875,1.65452572098232e-08,-51.875454958502
"TASM",0.062255859375,1.69369252380352e-08,-51.7738444837313
"TASM",0.0625,1.70596588383476e-08,-51.7424867703727
"TASM",0.062744140625,1.69143188869998e-08,-51.7796450474765
"TASM",0.06298828125,1.65123116532628e-08,-51.884111419728
"TASM",0.063232421875,1.58740775310008e-08,-52.0553052174457
"TASM",0.0634765625,1.50274485203164e-08,-52.2933376999234
"TASM",0.063720703125,1.40061034798613e-08,-52.5990168819119
"TASM",0.06396484375,1.28482236985033e-08,-52.9737592943173
"TASM",0.064208984375,1.15953167630159e-08,-53.4193640159516
"TASM",0.064453125,1.02910831554092e-08,-53.9375793140824
"TASM",0.064697265625,8.98017790284665e-09,-54.5293407847522
"TASM",0.06494140625,7.70677124159951e-09,-55.1934655075903
"TASM",0.065185546875,6.51291313808564e-09,-55.9244373278741
"TASM",0.0654296875,5.43681586449604e-09,-56.70874394417
"TASM",0.065673828125,4.51124502261929e-09,-57.5192260296972
"TASM",0.06591796875,3.76222450872332e-09,-58.3077431059131
"TASM",0.066162109375,3.20820952712802e-09,-58.9995629469779
"TASM",0.06640625,2.8597817500687e-09,-59.4988612852184
"TASM",0.066650390625,2.71980616635278e-09,-59.7168106479129
"TASM",0.06689453125,2.78389845539141e-09,-59.6156562883065
"TASM",0.067138671875,3.04101486603456e-09,-59.2320047566584
"TASM",0.0673828125,3.47400560668764e-09,-58.6538850385025
"TASM",0.067626953125,4.06005801098991e-09,-57.9768677995318
"TASM",0.06787109375,4.77106887256255e-09,-57.2760333302474
"TASM",0.068115234375,5.57408792913602e-09,-56.6004520360543
"TASM",0.068359375,6.43202981915324e-09,-55.9787096971647
"TASM",0.068603515625,7.30483645119462e-09,-55.4260852195737
"TASM",0.06884765625,8.15118326200193e-09,-54.9499836143437
"TASM",0.069091796875,8.9306819184945e-09,-54.5533439736716
"TASM",0.0693359375,9.60637722609736e-09,-54.2365938222496
"TASM",0.069580078125,1.01472131121126e-08,-53.9987223733079
"TASM",0.06982421875,1.053009096112e-08,-53.8378689614058
"TASM",0.070068359375,1.07411839965262e-08,-53.7516686275481
"TASM",0.0703125,1.07762986617877e-08,-53.737493996494
"TASM",0.070556640625,1.06402575026466e-08,-53.7926688051236
"TASM",0.07080078125,1.03454702778027e-08,-53.9146878153591
"TASM",0.071044921875,9.91001007082983e-09,-54.1014492304079
"TASM",0.0712890625,9.35557997017916e-09,-54.351483034578
"TASM",0.071533203125,8.70572765736159e-09,-54.6641394193675
"TASM",0.07177734375,7.98455185775596e-09,-55.0396847299205
"TASM",0.072021484375,7.21598139534168e-09,-55.4792361405619
"TASM",0.072265625,6.42354217381936e-09,-55.9844443903708
"TASM",0.072509765625,5.63040521352231e-09,-56.5567936723848
"TASM",0.07275390625,4.85946001143884e-09,-57.1963100620737
"TASM",0.072998046875,4.13318894466185e-09,-57.8993375978849
"TASM",0.0732421875,3.47321368410164e-09,-58.6548751543928
"TASM",0.073486328125,2.89951022361968e-09,-59.4389437446722
"TASM",0.07373046875,2.42940596778314e-09,-60.2071892488015
"TASM",0.073974609375,2.07654723685711e-09,-60.8887720407127
"TASM",0.07421875,1.85004053921894e-09,-61.3903777383512
"TASM",0.074462890625,1.75392700629668e-09,-61.6220750362537
"TASM",0.07470703125,1.78706448379592e-09,-61.5407879515331
"TASM",0.074951171875,1.94339429471965e-09,-61.1765809544402
"TASM",0.0751953125,2.2124893337927e-09,-60.6133783318729
"TASM",0.075439453125,2.58023925497387e-09,-59.9455904069701
"TASM",0.07568359375,3.02953606654233e-09,-59.2484289174149
"TASM",0.075927734375,3.54087327529195e-09,-58.5710863484585
"TASM",0.076171875,4.09284504191259e-09,-57.9419371661665
"TASM",0.076416015625,4.6626032736838e-09,-57.375905545999
"TASM",0.07666015625,5.22637598778442e-09,-56.8801836901751
"TASM",0.076904296875,5.76015380264032e-09,-56.4578493913518
"TASM",0.0771484375,6.24061031812513e-09,-56.1099195405267
"TASM",0.077392578125,6.6462476545529e-09,-55.8364249880787
"TASM",0.07763671875,6.95867249423162e-09,-55.6369262170314
"TASM",0.077880859375,7.1638368614453e-09,-55.5107333155483
"TASM",0.078125,7.25304434601765e-09,-55.4569868606802
"TASM",0.078369140625,7.22353894292678e-09,-55.4746900040757
"TASM",0.07861328125,7.07855839111806e-09,-55.562741999544
"TASM",0.078857421875,6.82683126863553e-09,-55.719998498686
"TASM",0.0791015625,6.4816021838619e-09,-55.9453664670108
"TASM",0.079345703125,6.05935506753755e-09,-56.2379261673439
"TASM",0.07958984375,5.57844927878087e-09,-56.5970553019379
"TASM",0.079833984375,5.05787701328539e-09,-57.0225075398287
"TASM",0.080078125,4.51629736545393e-09,-57.5143648952965
"TASM",0.080322265625,3.97141866110802e-09,-58.0727334670642
"TASM",0.08056640625,3.43970977350622e-09,-58.69697218472
"TASM",0.080810546875,2.93634668511044e-09,-59.3841168882958
"TASM",0.0810546875,2.47525985400358e-09,-60.1259822075611
"TASM",0.081298828125,2.06914773004497e-09,-60.9042751996065
"TASM",0.08154296875,1.72935737988616e-09,-61.6833426730994
"TASM",0.081787109375,1.46559102863853e-09,-62.40206220995
"TASM",0.08203125,1.28545964339202e-09,-62.9716057221656
"TASM",0.082275390625,1.19395493669976e-09,-63.292310832912
"TASM",0.08251953125,1.19293843624832e-09,-63.296009871743
"TASM",0.082763671875,1.28074741557669e-09,-62.9875553068313
"TASM",0.0830078125,1.45199675233226e-09,-62.4425337388581
"TASM",0.083251953125,1.69762227230442e-09,-61.7637795445812
"TASM",0.08349609375,2.00517523611411e-09,-61.040666864251
"TASM",0.083740234375,2.35934766800951e-09,-60.3342707663796
"TASM",0.083984375,2.74268842326878e-09,-59.6804254547502
"TASM",0.084228515625,3.13646000643397e-09,-59.0977926472695
"TASM",0.08447265625,3.52158279084522e-09,-58.5948111595001
"TASM",0.084716796875,3.87961210864082e-09,-58.1743071273255
"TASM",0.0849609375,4.19369161242397e-09,-57.8362252787195
"TASM",0.085205078125,4.44942296078737e-09,-57.5791532725734
"TASM",0.08544921875,4.63558964150593e-09,-57.401140351312
"TASM",0.085693359375,4.74467566049054e-09,-57.3001248886464
"TASM",0.0859375,4.77313168313229e-09,-57.2741560284108
"TASM",0.086181640625,4.72136363067880e-09,-57.321515685928
"TASM",0.08642578125,4.59344991529805e-09,-57.4408003346327
"TASM",0.086669921875,4.39662819204538e-09,-57.6309927850931
"TASM",0.0869140625,4.14062319636964e-09,-57.8915330809159
"TASM",0.087158203125,3.83690623428338e-09,-58.2223783276138
"TASM",0.08740234375,3.4979786987234e-09,-58.6240185839567
"TASM",0.087646484375,3.13675516693047e-09,-59.0973839682382
"TASM",0.087890625,2.76608961184552e-09,-59.6435277321104
"TASM",0.088134765625,2.39844870599787e-09,-60.2628858392996
"TASM",0.08837890625,2.04569913106173e-09,-60.953772581766
"TASM",0.088623046875,1.71895090837722e-09,-61.7095554504668
"TASM",0.0888671875,1.42839262904245e-09,-62.5137141843881
"TASM",0.089111328125,1.18306861455891e-09,-63.3320908568591
"TASM",0.08935546875,9.90578342299915e-10,-64.1033019039919
"TASM",0.089599609375,8.56716143951113e-10,-64.7338206804934
"TASM",0.08984375,7.8510322168009e-10,-65.1129225937291
"TASM",0.090087890625,7.76884329453063e-10,-65.1586265749336
"TASM",0.09033203125,8.30561794821555e-10,-64.868470688341
"TASM",0.090576171875,9.42019380551153e-10,-64.3215918106518
"TASM",0.0908203125,1.10475316889301e-09,-63.6295376289462
"TASM",0.091064453125,1.31028587663105e-09,-62.8885295901547
"TASM",0.09130859375,1.54870592113528e-09,-62.1625006008496
"TASM",0.091552734375,1.80925249949873e-09,-61.4871983758824
"TASM",0.091796875,2.08086778646314e-09,-60.8797453184938
"TASM",0.092041015625,2.35265623142173e-09,-60.3466054588017
"TASM",0.09228515625,2.61422269583937e-09,-59.8887643812794
"TASM",0.092529296875,2.85589639906898e-09,-59.5047657001113
"TASM",0.0927734375,3.06887648202646e-09,-59.1923960982861
"TASM",0.093017578125,3.24534996868254e-09,-58.9495748220906
"TASM",0.09326171875,3.37863080639041e-09,-58.7747828122425
"TASM",0.093505859375,3.46335115038592e-09,-58.6672249181702
"TASM",0.09375,3.49570880211015e-09,-58.62683770794
"TASM",0.093994140625,3.47374557937916e-09,-58.6542101175741
"TASM",0.09423828125,3.39760821895234e-09,-58.7504572030861
"TASM",0.094482421875,3.26973202468523e-09,-58.9170685794198
"TASM",0.0947265625,3.09489049310624e-09,-59.1557373193597
"TASM",0.094970703125,2.88007067328588e-09,-59.4681587394209
"TASM",0.09521484375,2.63416018948819e-09,-59.8557683696886
"TASM",0.095458984375,2.36746198747382e-09,-60.319360042715
"TASM",0.095703125,2.091080811052e-09,-60.8584820215997
"TASM",0.095947265625,1.81624584017360e-09,-61.4704438624472
"TASM",0.09619140625,1.55364325966261e-09,-62.1486771363516
"TASM",0.096435546875,1.31282949755638e-09,-62.8801069268663
"TASM",0.0966796875,1.10178153121045e-09,-63.6412353070106
"TASM",0.096923828125,9.26618043212448e-10,-64.3931826628724
"TASM",0.09716796875,7.91498657694561e-10,-65.0776883619109
"TASM",0.097412109375,6.98682793296513e-10,-65.619389710033
"TASM",0.09765625,6.48709199991806e-10,-65.9416896173165
"TASM",0.097900390625,6.4064519777708e-10,-65.9960144380898
"TASM",0.09814453125,6.72352529841111e-10,-65.7862197554637
"TASM",0.098388671875,7.40724264232114e-10,-65.365624476076
"TASM",0.0986328125,8.4186233236453e-10,-64.8097794064994
"TASM",0.098876953125,9.71184853186294e-10,-64.1891711843727
"TASM",0.09912109375,1.12347252160937e-09,-63.5565656415106
"TASM",0.099365234375,1.29288027358181e-09,-62.9466070971142
"TASM",0.099609375,1.47295111118292e-09,-62.3803068648333
"TASM",0.099853515625,1.6566714939146e-09,-61.8698261939563
"TASM",0.10009765625,1.83660165274241e-09,-61.4220404806939
"TASM",0.100341796875,2.00510064695214e-09,-61.0408284175326
"TASM",0.1005859375,2.1546473715407e-09,-60.7284281496347
"TASM",0.100830078125,2.27823837833793e-09,-60.4861985532364
"TASM",0.10107421875,2.36982502281619e-09,-60.3150273801906
"TASM",0.101318359375,2.42473956486617e-09,-60.2155391989537
"TASM",0.1015625,2.44005504056304e-09,-60.1881939599567
"TASM",0.101806640625,2.41482822074046e-09,-60.2333277630185
"TASM",0.10205078125,2.35018837119143e-09,-60.3511634583491
"TASM",0.102294921875,2.24925477708567e-09,-60.5418036733882
"TASM",0.1025390625,2.11688971181145e-09,-60.8052078664002
"TASM",0.102783203125,1.95931659801236e-09,-61.1411440132176
"TASM",0.10302734375,1.7836514292098e-09,-61.5490903270831
"TASM",0.103271484375,1.59740581862125e-09,-62.0280375683234
"TASM",0.103515625,1.40802052993311e-09,-62.5761003169618
"TASM",0.103759765625,1.2224791030457e-09,-63.1897757480251
"TASM",0.10400390625,1.04703415666824e-09,-63.8625816927125
"TASM",0.104248046875,8.87057520416343e-10,-64.5826723670367
"TASM",0.1044921875,7.4700363970914e-10,-65.3289630098651
"TASM",0.104736328125,6.30457686466431e-10,-66.0656307490754
"TASM",0.10498046875,5.40228545214879e-10,-66.7364149066132
"TASM",0.105224609375,4.78443914598085e-10,-67.2638798377375
"TASM",0.10546875,4.46610133323509e-10,-67.5629044613273
"TASM",0.105712890625,4.4561154680818e-10,-67.5726258299973
"TASM",0.10595703125,4.75640829248046e-10,-67.289398912649
"TASM",0.106201171875,5.36069746571542e-10,-66.7699772062992
"TASM",0.1064453125,6.25286443067629e-10,-66.101400060918
"TASM",0.106689453125,7.40537797567388e-10,-65.366717887513
"TASM",0.10693359375,8.77821556988367e-10,-64.6281277709851
"TASM",0.107177734375,1.03187133903625e-09,-63.92593469087
"TASM",0.107421875,1.19626767385119e-09,-63.2839065169962
"TASM",0.107666015625,1.36369075839772e-09,-62.7150312153044
"TASM",0.10791015625,1.52630776189426e-09,-62.2257690607788
"TASM",0.108154296875,1.67626306153617e-09,-61.818768439486
"TASM",0.1083984375,1.80621844694231e-09,-61.4944874544665
"TASM",0.108642578125,1.90987694839105e-09,-61.2521363191203
"TASM",0.10888671875,1.98242221924358e-09,-61.0902286218075
"TASM",0.109130859375,2.02081671007569e-09,-61.0069209447373
"TASM",0.109375,2.02392454145604e-09,-61.0002470232137
"TASM",0.109619140625,1.99245440388815e-09,-61.0683062725273
"TASM",0.10986328125,1.92874744929996e-09,-61.2094365413596
"TASM",0.110107421875,1.83645821999553e-09,-61.4223796641142
"TASM",0.1103515625,1.72018807092505e-09,-61.7064308725178
"TASM",0.110595703125,1.58512827352553e-09,-62.0615460642817
"TASM",0.11083984375,1.43675569168649e-09,-62.4883609260817
"TASM",0.111083984375,1.28060232252774e-09,-62.9880473373389
"TASM",0.111328125,1.12209741091601e-09,-63.5618845857317
"TASM",0.111572265625,9.66463254238813e-10,-64.2103367243843
"TASM",0.11181640625,8.18637147214531e-10,-64.9312757117561
"TASM",0.112060546875,6.83193118203899e-10,-65.7167553580864
"TASM",0.1123046875,5.64246193445339e-10,-66.5475038097473
"TASM",0.112548828125,4.65334949135561e-10,-67.3845334727931
"TASM",0.11279296875,3.89290633820595e-10,-68.1594506397892
"TASM",0.113037109375,3.38109652366538e-10,-68.7716144967124
"TASM",0.11328125,3.12849022930196e-10,-69.1088421591324
"TASM",0.113525390625,3.13561879349826e-10,-69.0989576011864
"TASM",0.11376953125,3.39284005846171e-10,-68.7565563177415
"TASM",0.114013671875,3.88075137892692e-10,-68.1730319839563
"TASM",0.1142578125,4.57112367324464e-10,-67.461960474411
"TASM",0.114501953125,5.4282853026135e-10,-66.7155635340798
"TASM",0.11474609375,6.41085963656793e-10,-65.9930275059986
"TASM",0.114990234375,7.47374807002381e-10,-65.326805645899
"TASM",0.115234375,8.57024263434657e-10,-64.7322590134832
"TASM",0.115478515625,9.6541444446026e-10,-64.2150522645497
"TASM",0.11572265625,1.06817574424584e-09,-63.7757630692775
"TASM",0.115966796875,1.16136278216294e-09,-63.4125111465032
"TASM",0.1162109375,1.24159162091773e-09,-63.122402458512
"TASM",0.116455078125,1.30613268821955e-09,-62.9023172031046
"TASM",0.11669921875,1.35295738805716e-09,-62.7493490033671
"TASM",0.116943359375,1.38074279098012e-09,-62.6610623446924
"TASM",0.1171875,1.38884450952969e-09,-62.6356539259327
"TASM",0.117431640625,1.37725131073302e-09,-62.6720582450396
"TASM",0.11767578125,1.34653511644458e-09,-62.7700133495741
"TASM",0.117919921875,1.2978066539896e-09,-62.9300902236711
"TASM",0.1181640625,1.23268106619017e-09,-63.1536829353861
"TASM",0.118408203125,1.15325101894201e-09,-63.4429517187201
"TASM",0.11865234375,1.06205929293438e-09,-63.8007025553605
"TASM",0.118896484375,9.62060180452223e-10,-64.2301677924145
"TASM",0.119140625,8.56559968778893e-10,-64.7346124503102
"TASM",0.119384765625,7.49130940602678e-10,-65.3166128419836
"TASM",0.11962890625,6.43499195052234e-10,-65.976710108831
"TASM",0.119873046875,5.43412215673118e-10,-66.7108962192355
"TASM",0.1201171875,4.52495701645594e-10,-67.5060456076478
"TASM",0.120361328125,3.741097878835e-10,-68.3321994801811
"TASM",0.12060546875,3.11212635881854e-10,-69.1316179693146
"TASM",0.120849609375,2.66235787393022e-10,-69.8095258597677
"TASM",0.12109375,2.40972510918864e-10,-70.2425151586692
"TASM",0.121337890625,2.36479324465766e-10,-70.324258427712
"TASM",0.12158203125,2.52992733118425e-10,-70.03110972048
"TASM",0.121826171875,2.89867457874878e-10,-69.4401955707907
"TASM",0.1220703125,3.45547311308439e-10,-68.6771150078057
"TASM",0.122314453125,4.17582999653589e-10,-67.8547620920697
"TASM",0.12255859375,5.0271032118799e-10,-67.0490121701227
"TASM",0.122802734375,5.96996399710817e-10,-66.302473068186
"TASM",0.123046875,6.96051296785887e-10,-65.6357777194455
"TASM",0.123291015625,7.95289801803543e-10,-65.0569360544485
"TASM",0.12353515625,8.90216708234032e-10,-64.567232776911
"TASM",0.123779296875,9.76701853999108e-10,-64.1645700676064
"TASM",0.1240234375,1.05121105439101e-09,-63.8452909964769
"TASM",0.124267578125,1.11096639247956e-09,-63.6051809744468
"TASM",0.12451171875,1.15402265587034e-09,-63.4400468385912
"TASM",0.124755859375,1.17926278045706e-09,-63.3460842718638
"TASM",0.125,1.18632991018633e-09,-63.3201353873633
"TASM",0.125244140625,1.17552337718397e-09,-63.3598774867335
"TASM",0.12548828125,1.14768823228962e-09,-63.4639509020119
"TASM",0.125732421875,1.10412264949905e-09,-63.6320169996622
"TASM",0.1259765625,1.04651640553575e-09,-63.8647297799714
"TASM",0.126220703125,9.76920015512691e-10,-64.1636001118193
"TASM",0.12646484375,8.97731823642431e-10,-64.5307239813272
"TASM",0.126708984375,8.11682682086099e-10,-64.9683273883053
"TASM",0.126953125,7.21796667889705e-10,-65.4780414602234
"TASM",0.127197265625,6.31311639492292e-10,-66.0597522238025
"TASM",0.12744140625,5.43553675860617e-10,-66.7097658180028
"TASM",0.127685546875,4.6177178383502e-10,-67.4179162666485
"TASM",0.1279296875,3.88950555794654e-10,-68.1632462245373
"TASM",0.128173828125,3.27625990509535e-10,-68.9084067191217
"TASM",0.12841796875,2.79731750472915e-10,-69.5947725584841
"TASM",0.128662109375,2.46499314050388e-10,-70.1440330379297
"TASM",0.12890625,2.28426658144507e-10,-70.4747223273837
"TASM",0.129150390625,2.25318145751218e-10,-70.5342285030363
"TASM",0.12939453125,2.36385644941968e-10,-70.3259791938257
"TASM",0.129638671875,2.60390133666908e-10,-69.9059449433025
"TASM",0.1298828125,2.95796359557128e-10,-69.3522619415009
"TASM",0.130126953125,3.40911983198911e-10,-68.7357675173848
"TASM",0.13037109375,3.93987439340302e-10,-68.1073664250524
"TASM",0.130615234375,4.53262700389998e-10,-67.4986903702866
"TASM",0.130859375,5.16960272186969e-10,-66.9276184953263
"TASM",0.131103515625,5.83237307614748e-10,-66.4037372239775
"TASM",0.13134765625,6.50120611117109e-10,-65.9322508394342
"TASM",0.131591796875,7.15453853333836e-10,-65.5163739179827
"TASM",0.1318359375,7.76884943027279e-10,-65.1586231449276
"TASM",0.132080078125,8.31913223288736e-10,-64.8614099139068
"TASM",0.13232421875,8.78002686244983e-10,-64.627231742385
"TASM",0.132568359375,9.12751820477579e-10,-64.4586631104835
"TASM",0.1328125,9.34096734062441e-10,-64.3582716523569
"TASM",0.133056640625,9.40515221398574e-10,-64.3285319025705
"TASM",0.13330078125,9.31197615131982e-10,-64.3717716382251
"TASM",0.133544921875,9.06155914338487e-10,-64.4901608950168
"TASM",0.1337890625,8.66254234553981e-10,-64.6857364825998
"TASM",0.134033203125,8.13158072117098e-10,-64.9604404132456
"TASM",0.13427734375,7.49213627272301e-10,-65.3161335081221
"TASM",0.134521484375,6.77278330686089e-10,-65.7545183815954
"TASM",0.134765625,6.00527881732689e-10,-66.276858429305
"TASM",0.135009765625,5.22263351066355e-10,-66.8832946783161
"TASM",0.13525390625,4.45735648388281e-10,-67.5714165002979
"TASM",0.135498046875,3.7399637673138e-10,-68.3335162408297
"TASM",0.1357421875,3.09776469034491e-10,-69.1517059368483
"TASM",0.135986328125,2.55389104855106e-10,-69.990166529663
"TASM",0.13623046875,2.12652139464141e-10,-70.78549262419
"TASM",0.136474609375,1.82827235761045e-10,-71.4417812583144
"TASM",0.13671875,1.66576631186454e-10,-71.8460494411844
"TASM",0.136962890625,1.63942104487537e-10,-71.9152851314256
"TASM",0.13720703125,1.74352550524997e-10,-71.6479071401151
"TASM",0.137451171875,1.9666568690141e-10,-71.1249042554452
"TASM",0.1376953125,2.29245847368985e-10,-70.4591754140134
"TASM",0.137939453125,2.70074494815394e-10,-69.7473544646909
"TASM",0.13818359375,3.16884471296477e-10,-69.0531806145634
"TASM",0.138427734375,3.67304605975006e-10,-68.4119264446553
"TASM",0.138671875,4.18999255215069e-10,-67.8400576787422
"TASM",0.138916015625,4.69788139540676e-10,-67.3431697066076
"TASM",0.13916015625,5.17735265598667e-10,-66.9211127085927
"TASM",0.139404296875,5.61201021406939e-10,-66.5710056607919
"TASM",0.1396484375,5.98857643900361e-10,-66.2889542154795
"TASM",0.139892578125,6.29674055885262e-10,-66.0710321919513
"TASM",0.14013671875,6.52880572069435e-10,-65.9138527348134
"TASM",0.140380859375,6.67926459495931e-10,-65.8149037075417
"TASM",0.140625,6.74443409140481e-10,-65.7727350389555
"TASM",0.140869140625,6.72225594136982e-10,-65.7870397520863
"TASM",0.14111328125,6.612325011001e-10,-65.8586482687059
"TASM",0.141357421875,6.41614855993855e-10,-65.9894460779212
"TASM",0.1416015625,6.13757789938671e-10,-66.1822200154863
"TASM",0.141845703125,5.78330156674546e-10,-66.4404317995264
"TASM",0.14208984375,5.36325821328691e-10,-66.767903123574
"TASM",0.142333984375,4.89082635587346e-10,-67.16836774985
"TASM",0.142578125,4.38267919389243e-10,-67.644793368117
"TASM",0.142822265625,3.85825041195479e-10,-68.198286076392
"TASM",0.14306640625,3.33882885299317e-10,-68.8262486100181
"TASM",0.143310546875,2.84636957179606e-10,-69.5192773079016
"TASM",0.1435546875,2.40215969991792e-10,-70.2561714215983
"TASM",0.143798828125,2.02549824527419e-10,-70.9968714758591
"TASM",0.14404296875,1.73253609892983e-10,-71.6753672657877
"TASM",0.144287109375,1.5353819565361e-10,-72.200025862989
"TASM",0.14453125,1.44152465779842e-10,-72.4739694331722
"TASM",0.144775390625,1.45356875737155e-10,-72.4378343908074
"TASM",0.14501953125,1.5692421052135e-10,-72.1052906645628
"TASM",0.145263671875,1.78161962712956e-10,-71.5540403043126
"TASM",0.1455078125,2.0795156500801e-10,-70.8825682572906
"TASM",0.145751953125,2.44801951472263e-10,-70.1740414334328
"TASM",0.14599609375,2.86917286019483e-10,-69.4846230472245
"TASM",0.146240234375,3.32279907562606e-10,-68.8471493789225
"TASM",0.146484375,3.78748799658911e-10,-68.2786775373395
"TASM",0.146728515625,4.24171166464483e-10,-67.7867787536445
"TASM",0.14697265625,4.66500750132808e-10,-67.3736667244027
"TASM",0.147216796875,5.03912676585401e-10,-67.0386373512706
"TASM",0.1474609375,5.34902312444319e-10,-66.7794454346435
"TASM",0.147705078125,5.58355948157077e-10,-66.5930787183752
"TASM",0.14794921875,5.73584452130204e-10,-66.4762164825474
"TASM",0.148193359375,5.80316841496579e-10,-66.4255384436998
"TASM",0.1484375,5.78657687779798e-10,-66.4379729153446
"TASM",0.148681640625,5.69018701660626e-10,-66.5109247849358
"TASM",0.14892578125,5.52039068528268e-10,-66.6424920446208
"TASM",0.149169921875,5.2851002402936e-10,-66.8316579006451
"TASM",0.1494140625,4.99316515401726e-10,-67.0784308784401
"TASM",0.149658203125,4.65403272569408e-10,-67.3838958608488
"TASM",0.14990234375,4.27765636246786e-10,-67.7501312546756
"TASM",0.150146484375,3.87458825556219e-10,-68.1799346114573
"TASM",0.150390625,3.45614603834617e-10,-68.6762693369941
"TASM",0.150634765625,3.03452585935386e-10,-69.2412817609398
"TASM",0.15087890625,2.62274982824619e-10,-69.8746215160784
"TASM",0.151123046875,2.23437840041837e-10,-70.5706229445002
"TASM",0.1513671875,1.88297626723407e-10,-71.3137417260343
"TASM",0.151611328125,1.5813794287635e-10,-72.071829338522
"TASM",0.15185546875,1.34085821886096e-10,-72.7883616049613
"TASM",0.152099609375,1.17029709199776e-10,-73.3792289298846
"TASM",0.15234375,1.07551344816594e-10,-73.7460317371476
"TASM",0.152587890625,1.05881648842034e-10,-73.8139832313548
"TASM",0.15283203125,1.11886885715412e-10,-73.5743983310155
"TASM",0.153076171875,1.2508665462706e-10,-73.0900804115743
"TASM",0.1533203125,1.4470045187076e-10,-72.4574913153197
"TASM",0.153564453125,1.69715427912044e-10,-71.764976953928
"TASM",0.15380859375,1.98965127626938e-10,-71.0744205404838
"TASM",0.154052734375,2.31207887573321e-10,-70.4221637306838
"TASM",0.154296875,2.65194383502161e-10,-69.8265469687276
"TASM",0.154541015625,2.99716518793369e-10,-69.2950833924249
"TASM",0.15478515625,3.33634042084231e-10,-68.8294866174976
"TASM",0.155029296875,3.65880267526402e-10,-68.4288003090549
"TASM",0.1552734375,3.95453066478668e-10,-68.0912407131
"TASM",0.155517578125,4.21400833627523e-10,-67.8152362846146
"TASM",0.15576171875,4.42814488555232e-10,-67.5999719664229
"TASM",0.156005859375,4.58835263083255e-10,-67.4456223131763
"TASM",0.15625,4.68684168821835e-10,-67.3533873466649
"TASM",0.156494140625,4.71713419387783e-10,-67.3254078755991
"TASM",0.15673828125,4.67473987667204e-10,-67.364615690651
"TASM",0.156982421875,4.55788393784218e-10,-67.4745575677721
"TASM",0.1572265625,4.36815023833919e-10,-67.6592145177265
"TASM",0.157470703125,4.11090489753524e-10,-67.9228158902404
"TASM",0.15771484375,3.79539705269811e-10,-68.2696180285946
"TASM",0.157958984375,3.43448669653521e-10,-68.7035718039001
"TASM",0.158203125,3.0440110754988e-10,-69.2277279060595
"TASM",0.158447265625,2.64185672707025e-10,-69.8430975756956
"TASM",0.15869140625,2.2468423324494e-10,-70.5464642110432
"TASM",0.158935546875,1.87753246897084e-10,-71.326315626874
"TASM",0.1591796875,1.55109519109867e-10,-72.1558056747637
"TASM",0.159423828125,1.28229385422874e-10,-72.9823145808032
"TASM",0.15966796875,1.08267508176441e-10,-73.7172087744978
"TASM",0.159912109375,9.59988787868741e-11,-74.2395285811557
"TASM",0.16015625,9.17857598059317e-11,-74.4344371149543
"TASM",0.160400390625,9.5570197223508e-11,-74.258965366267
"TASM",0.16064453125,1.06891999193769e-10,-73.772738191418
"TASM",0.160888671875,1.24931170159063e-10,-73.095482110852
"TASM",0.1611328125,1.48572299476109e-10,-72.3428117381868
"TASM",0.161376953125,1.76486281937186e-10,-71.5950806501162
"TASM",0.16162109375,2.07222378146891e-10,-70.8978236537772
"TASM",0.161865234375,2.39301709596794e-10,-70.2727321759814
"TASM",0.162109375,2.71302592060923e-10,-69.7276507578004
"TASM",0.162353515625,3.01929162862985e-10,-69.2631395599847
"TASM",0.16259765625,3.30057593033818e-10,-68.8762929064393
"TASM",0.162841796875,3.54758279178524e-10,-68.5628647926446
"TASM",0.1630859375,3.7529683176784e-10,-68.3184412072655
"TASM",0.163330078125,3.91120309551904e-10,-68.1390865089052
"TASM",0.16357421875,4.018370714826e-10,-68.0216901876674
"TASM",0.163818359375,4.07198377863222e-10,-67.9641297961459
"TASM",0.1640625,4.07087630695835e-10,-67.9653111226939
"TASM",0.164306640625,4.01519610792571e-10,-68.0251225717159
"TASM",0.16455078125,3.90648281786694e-10,-68.1443310040389
"TASM",0.164794921875,3.74778729438711e-10,-68.3244408433028
"TASM",0.1650390625,3.54377329989465e-10,-68.5675308718675
"TASM",0.165283203125,3.30074541258632e-10,-68.8760699050087
"TASM",0.16552734375,3.02656506868709e-10,-69.2526900354147
"TASM",0.165771484375,2.73044283347773e-10,-69.6998593060455
"TASM",0.166015625,2.42262108555116e-10,-70.2193352603631
"TASM",0.166259765625,2.11397998176976e-10,-70.8111814840802
"TASM",0.16650390625,1.81560666355602e-10,-71.4719725086715
"TASM",0.166748046875,1.53836304477322e-10,-72.1916018032389
"TASM",0.1669921875,1.29247477738989e-10,-72.9479694226482
"TASM",0.167236328125,1.08714899507132e-10,-73.6992995012447
"TASM",0.16748046875,9.30217327009203e-11,-74.3763459408389
"TASM",0.167724609375,8.2779788242369e-11,-74.88294707764
"TASM",0.16796875,7.83976751804378e-11,-75.1191583464424
"TASM",0.168212890625,8.00523828085693e-11,-75.0284475537756
"TASM",0.16845703125,8.7667426239803e-11,-74.6338076224298
"TASM",0.168701171875,1.00901905659095e-10,-74.0231965035792
"TASM",0.1689453125,1.19155017026423e-10,-73.3010668581574
"TASM",0.169189453125,1.41589365919212e-10,-72.5518838201215
"TASM",0.16943359375,1.67173927387907e-10,-71.8305047348383
"TASM",0.169677734375,1.94744138595893e-10,-71.1675462371141
"TASM",0.169921875,2.23073212672314e-10,-70.5777159689067
"TASM",0.170166015625,2.50946249683585e-10,-70.0663830920267
"TASM",0.17041015625,2.77227877150424e-10,-69.6338211946602
"TASM",0.170654296875,3.00915363688065e-10,-69.277746570021
"TASM",0.1708984375,3.21172246739037e-10,-68.9948100906399
"TASM",0.171142578125,3.37341777037617e-10,-68.7814889050647
"TASM",0.17138671875,3.48943805845647e-10,-68.6346352536528
"TASM",0.171630859375,3.55661949008862e-10,-68.5518161480008
"TASM",0.171875,3.5732905412256e-10,-68.5315068911412
"TASM",0.172119140625,3.539178361256e-10,-68.5731656887373
"TASM",0.17236328125,3.4554038208689e-10,-68.6772020972651
"TASM",0.172607421875,3.32456007778708e-10,-68.8448483341877
"TASM",0.1728515625,3.15082948962461e-10,-69.0779411735074
"TASM",0.173095703125,2.94006798107377e-10,-69.3786164646183
"TASM",0.17333984375,2.6997822869311e-10,-69.7489027522682
"TASM",0.173583984375,2.43894493519771e-10,-70.1901702364282
"TASM",0.173828125,2.16762859559495e-10,-70.7023414722977
"TASM",0.174072265625,1.89648471188322e-10,-71.2826967279016
"TASM",0.17431640625,1.63612881359367e-10,-71.9240152587143
"TASM",0.174560546875,1.39651641474006e-10,-72.6117297407736
"TASM",0.1748046875,1.18639389221012e-10,-73.3199011667612
"TASM",0.175048828125,1.01288937307223e-10,-74.0065700419715
"TASM",0.17529296875,8.81276037403431e-11,-74.6110705739831
"TASM",0.175537109375,7.94903976188045e-11,-75.0590434949554
"TASM",0.17578125,7.55266423402073e-11,-75.2811884101012
"TASM",0.176025390625,7.62148681755788e-11,-75.2417931607577
"TASM",0.17626953125,8.13805988214175e-11,-74.9569813767809
"TASM",0.176513671875,9.07128158396999e-11,-74.4855037066977
"TASM",0.1767578125,1.03776913962884e-10,-73.9011826702895
"TASM",0.177001953125,1.20024225319223e-10,-73.269501073156
"TASM",0.17724609375,1.38800105123602e-10,-72.6382922382616
"TASM",0.177490234375,1.59353726193702e-10,-72.0385679576259
"TASM",0.177734375,1.80852946367461e-10,-71.4889343040063
"TASM",0.177978515625,2.02406927804106e-10,-70.9999364580151
"TASM",0.17822265625,2.23097794744884e-10,-70.5772374143478
"TASM",0.178466796875,2.42020804320654e-10,-70.2236631894877
"TASM",0.1787109375,2.58330602016051e-10,-69.9404316283267
"TASM",0.178955078125,2.7128947309642e-10,-69.7278607680184
"TASM",0.17919921875,2.80312393595838e-10,-69.5857671899872
"TASM",0.179443359375,2.85003380721599e-10,-69.5136900721077
"TASM",0.1796875,2.85178289171862e-10,-69.5110255958125
"TASM",0.179931640625,2.80870788083077e-10,-69.5771244603943
"TASM",0.18017578125,2.72320584206251e-10,-69.71138548776
"TASM",0.180419921875,2.59945644225088e-10,-69.9133647428628
"TASM",0.1806640625,2.44302694044504e-10,-70.182907626924
"TASM",0.180908203125,2.26042088081451e-10,-70.520297083949
"TASM",0.18115234375,2.05863803268405e-10,-70.926390269019
"TASM",0.181396484375,1.84480604860717e-10,-71.4026830498444
"TASM",0.181640625,1.62592445445271e-10,-71.9511865582479
"TASM",0.181884765625,1.40873298016358e-10,-72.57390336782
"TASM",0.18212890625,1.19968526335255e-10,-73.2715169475232
"TASM",0.182373046875,1.00498288094815e-10,-74.0406035489615
"TASM",0.1826171875,8.30609876342497e-11,-74.8682192809808
"TASM",0.182861328125,6.82308321916279e-11,-75.7223835059273
"TASM",0.18310546875,5.65451283387963e-11,-76.5382382475675
"TASM",0.183349609375,4.84797370395861e-11,-77.2065876337377
"TASM",0.18359375,4.44144418603544e-11,-77.5869481000523
"TASM",0.183837890625,4.45930859428062e-11,-77.5695149131463
"TASM",0.18408203125,4.9085457905132e-11,-77.1526617210173
"TASM",0.184326171875,5.77585419415902e-11,-76.4460279751181
"TASM",0.1845703125,7.02637312456859e-11,-75.5948781027009
"TASM",0.184814453125,8.60441588697211e-11,-74.7149762539901
"TASM",0.18505859375,1.04362969429788e-10,-73.8767259132433
"TASM",0.185302734375,1.24349862022781e-10,-73.1157371115059
"TASM",0.185546875,1.45060304548446e-10,-72.4467043395751
"TASM",0.185791015625,1.655400115045e-10,-71.873160378236
"TASM",0.18603515625,1.84886869583622e-10,-71.3931294962315
"TASM",0.186279296875,2.0230344896151e-10,-71.0021573198409
"TASM",0.1865234375,2.1713523975478e-10,-70.6948870628894
"TASM",0.186767578125,2.28892317958654e-10,-70.4658780165989
"TASM",0.18701171875,2.37254744893836e-10,-70.3100411216073
"TASM",0.187255859375,2.42064183992647e-10,-70.2228848322703
"TASM",0.1875,2.43305676464787e-10,-70.2006677747334
"TASM",0.187744140625,2.41084132857821e-10,-70.2405039098402
"TASM",0.18798828125,2.35599916630665e-10,-70.3404388643276
"TASM",0.188232421875,2.27127084492842e-10,-70.4995009273146
"TASM",0.1884765625,2.15996635573355e-10,-70.7177203236251
"TASM",0.188720703125,2.0258574820621e-10,-70.996101291429
"TASM",0.18896484375,1.87312663987845e-10,-71.3365187836398
"TASM",0.189208984375,1.70635780783295e-10,-71.7414891485415
"TASM",0.189453125,1.53054750216363e-10,-72.2137220593652
"TASM",0.189697265625,1.35110995779764e-10,-72.7552832408666
"TASM",0.18994140625,1.17385080800368e-10,-73.3660611563498
"TASM",0.190185546875,1.0048872850327e-10,-74.0410166779218
"TASM",0.1904296875,8.50499714767481e-11,-74.7654484656945
"TASM",0.190673828125,7.1690814137361e-11,-75.5075550650652
"TASM",0.19091796875,6.09978530947273e-11,-76.2090446919415
"TASM",0.191162109375,5.34874344304931e-11,-76.7796725177179
"TASM",0.19140625,4.95680371698628e-11,-77.1101729712243
"TASM",0.191650390625,4.95035360353601e-11,-77.1158279719157
"TASM",0.19189453125,5.33816603703141e-11,-76.7882694101591
"TASM",0.192138671875,6.1092156934452e-11,-76.2023356015991
"TASM",0.1923828125,7.23187235169164e-11,-75.4696826697714
"TASM",0.192626953125,8.65476162954684e-11,-74.6896390788159
"TASM",0.19287109375,1.03093978878802e-10,-73.9298571746541
"TASM",0.193115234375,1.21144591085807e-10,-73.2291499052315
"TASM",0.193359375,1.39813251245591e-10,-72.6067068386722
"TASM",0.193603515625,1.58202860502497e-10,-72.0700468705692
"TASM",0.19384765625,1.75466957212225e-10,-71.6202367385863
"TASM",0.194091796875,1.90863325609626e-10,-71.254965321485
"TASM",0.1943359375,2.03793515189676e-10,-70.9702865844318
"TASM",0.194580078125,2.13824494249305e-10,-70.7616156538584
"TASM",0.19482421875,2.20691768240136e-10,-70.6243288450412
"TASM",0.195068359375,2.24286465525303e-10,-70.5541595181708
"TASM",0.1953125,2.24631430653057e-10,-70.547484957758
"TASM",0.195556640625,2.21852705951056e-10,-70.601542886672
"TASM",0.19580078125,2.16152652180397e-10,-70.7145845019826
"TASM",0.196044921875,2.07789449569083e-10,-70.8859552622604
"TASM",0.1962890625,1.97065265485307e-10,-71.1160893612848
"TASM",0.196533203125,1.84322632193123e-10,-71.4064035520055
"TASM",0.19677734375,1.69946250013179e-10,-71.7590743286529
"TASM",0.197021484375,1.54366076068879e-10,-72.176671541826
"TASM",0.197265625,1.38057447426344e-10,-72.6615917950549
"TASM",0.197509765625,1.21535045221315e-10,-73.215174919494
"TASM",0.19775390625,1.05339354144953e-10,-73.836283675786
"TASM",0.197998046875,9.00163490098637e-11,-74.5189762454092
"TASM",0.1982421875,7.60928713193456e-11,-75.2487504661419
"TASM",0.198486328125,6.40511115934497e-11,-75.9969234763382
"TASM",0.19873046875,5.4305606157989e-11,-76.7137435322436
"TASM",0.198974609375,4.71852888643212e-11,-77.3241240076196
"TASM",0.19921875,4.29217374945471e-11,-77.7354172474931
"TASM",0.199462890625,4.16432709791507e-11,-77.8667418389929
"TASM",0.19970703125,4.33734241035667e-11,-77.6899531010262
"TASM",0.199951171875,4.803185615717e-11,-77.2468964890162
"TASM",0.2001953125,5.54360364002704e-11,-76.6242684760796
"TASM",0.200439453125,6.53029661951497e-11,-75.9128611059605
"TASM",0.20068359375,7.72514386150177e-11,-75.1831244304676
"TASM",0.200927734375,9.08065015002825e-11,-74.4810207492215
"TASM",0.201171875,1.0540849389994e-10,-73.8334341078852
"TASM",0.201416015625,1.20428999504792e-10,-73.2548794051464
"TASM",0.20166015625,1.35195223599305e-10,-72.7525767046635
"TASM",0.201904296875,1.4902278695413e-10,-72.3296633775968
"TASM",0.2021484375,1.61255064960521e-10,-71.9870565432176
"TASM",0.202392578125,1.71305423009141e-10,-71.7244790724178
"TASM",0.20263671875,1.7869746006796e-10,-71.5410063920175
"TASM",0.202880859375,1.83098019848765e-10,-71.4353537130851
"TASM",0.203125,1.84338416369383e-10,-71.4060316667368
"TASM",0.203369140625,1.82420959365342e-10,-71.4514428348482
"TASM",0.20361328125,1.77510136117772e-10,-71.5699586184735
"TASM",0.203857421875,1.69910232727307e-10,-71.7599948412434
"TASM",0.2041015625,1.60033238575041e-10,-72.0200882477178
"TASM",0.204345703125,1.48362135302084e-10,-72.3489594358347
"TASM",0.20458984375,1.35414879493086e-10,-72.7455263127936
"TASM",0.204833984375,1.2171354801927e-10,-73.2088009632841
"TASM",0.205078125,1.07761469729209e-10,-73.7375551288954
"TASM",0.205322265625,9.40291334358139e-11,-74.3295658516111
"TASM",0.20556640625,8.09477214202682e-11,-74.9801439046758
"TASM",0.205810546875,6.89076974984097e-11,-75.6795128035189
"TASM",0.2060546875,5.8259254738262e-11,-76.4085409410605
"TASM",0.206298828125,4.93116699508677e-11,-77.1326930860737
"TASM",0.20654296875,4.23295831382571e-11,-77.7957502730558
"TASM",0.206787109375,3.75256236804808e-11,-78.3189109986551
"TASM",0.20703125,3.50502644615991e-11,-78.6152771971048
"TASM",0.207275390625,3.49809339743637e-11,-78.6238761811414
"TASM",0.20751953125,3.73129803762955e-11,-78.3435907914732
"TASM",0.207763671875,4.19549358460584e-11,-77.834359575272
"TASM",0.2080078125,4.87297236919717e-11,-77.1842507002348
"TASM",0.208251953125,5.73821953414596e-11,-76.4744185930075
"TASM",0.20849609375,6.75920050792096e-11,-75.7632368912984
"TASM",0.208740234375,7.89896931658572e-11,-75.0864859204915
"TASM",0.208984375,9.11732706266347e-11,-74.4635148449643
"TASM",0.209228515625,1.03722766415069e-10,-73.9034492744322
"TASM",0.20947265625,1.16211101534563e-10,-73.40971401099
"TASM",0.209716796875,1.28211077631873e-10,-72.9829346836159
"TASM",0.2099609375,1.39299822709324e-10,-72.622684551826
"TASM",0.210205078125,1.49063260385601e-10,-72.3284840276597
"TASM",0.21044921875,1.57103647918001e-10,-72.1003274947293
"TASM",0.210693359375,1.63052725514048e-10,-71.9389095619989
"TASM",0.2109375,1.66591565253583e-10,-71.8456601013243
"TASM",0.211181640625,1.67476117569109e-10,-71.8226613434609
"TASM",0.21142578125,1.65565262385018e-10,-71.8724979715057
"TASM",0.211669921875,1.60846499136984e-10,-71.9980740605225
"TASM",0.2119140625,1.53453782053488e-10,-72.2024142225759
"TASM",0.212158203125,1.43672700159939e-10,-72.4884476497397
"TASM",0.21240234375,1.31930144733075e-10,-72.8587497999039
"TASM",0.212646484375,1.18768384940236e-10,-73.3151816806568
"TASM",0.212890625,1.04806428076576e-10,-73.8583109888708
"TASM",0.213134765625,9.06939521395713e-11,-74.4864069145543
"TASM",0.21337890625,7.70643772941726e-11,-75.1936534535277
"TASM",0.213623046875,6.44934965463257e-11,-75.9670309580602
"TASM",0.2138671875,5.34685941732451e-11,-76.7812025333612
"TASM",0.214111328125,4.43705639173764e-11,-77.5912407055203
"TASM",0.21435546875,3.74688327979638e-11,-78.3254885439224
"TASM",0.214599609375,3.29265676158527e-11,-78.8867255822002
"TASM",0.21484375,3.08122063938359e-11,-79.1749622057237
"TASM",0.215087890625,3.11130540441087e-11,-79.1327637550636
"TASM",0.21533203125,3.37474301865204e-11,-78.7797831128089
"TASM",0.215576171875,3.85733132305082e-11,-78.1993207494859
"TASM",0.2158203125,4.53931057554524e-11,-77.4922912107142
"TASM",0.216064453125,5.39555819448482e-11,-76.7418263783022
"TASM",0.21630859375,6.39569413491426e-11,-76.0033133282108
"TASM",0.216552734375,7.50430715072306e-11,-75.3090841749347
"TASM",0.216796875,8.68147125449485e-11,-74.6762568729072
"TASM",0.217041015625,9.88364605224303e-11,-74.1130183457777
"TASM",0.21728515625,1.10649724934656e-10,-73.6226868022122
"TASM",0.217529296875,1.21789094121658e-10,-73.2061061870664
"TASM",0.2177734375,1.31801165944746e-10,-72.862997667203
"TASM",0.218017578125,1.40264747322798e-10,-72.5927048516697
"TASM",0.21826171875,1.46811304981266e-10,-72.3945951981471
"TASM",0.218505859375,1.51144532676567e-10,-72.2682657672511
"TASM",0.21875,1.53057808906518e-10,-72.2136352695739
"TASM",0.218994140625,1.52448165841358e-10,-72.2309681528858
"TASM",0.21923828125,1.49325275186027e-10,-72.3208569510342
"TASM",0.219482421875,1.43814025402728e-10,-72.4841777636835
"TASM",0.2197265625,1.36149641816988e-10,-72.7220251573465
"TASM",0.219970703125,1.26665027060984e-10,-73.0356229862643
"TASM",0.22021484375,1.15770994547937e-10,-73.4261925469012
"TASM",0.220458984375,1.03931139148572e-10,-73.8947333142418
"TASM",0.220703125,9.16339787963633e-11,-74.4416247459543
"TASM",0.220947265625,7.93654606976207e-11,-75.0658747729729
"TASM",0.22119140625,6.75847973449439e-11,-75.76370002982
"TASM",0.221435546875,5.67058664866087e-11,-76.5259102785976
"TASM",0.2216796875,4.70852211086193e-11,-77.3333440469412
"TASM",0.221923828125,3.90163841450015e-11,-78.1497200031531
"TASM",0.22216796875,3.27288809370864e-11,-78.9128786266398
"TASM",0.222412109375,2.83896948755395e-11,-79.5305829399258
"TASM",0.22265625,2.61047127245135e-11,-79.8950010059184
"TASM",0.222900390625,2.59182871197307e-11,-79.926127222498
"TASM",0.22314453125,2.78101413959883e-11,-79.6201582190146
"TASM",0.223388671875,3.16901919089415e-11,-79.0529414967688
"TASM",0.2236328125,3.73931094255894e-11,-78.3342743843674
"TASM",0.223876953125,4.4675244503515e-11,-77.5615208083046
"TASM",0.22412109375,5.32166643584145e-11,-76.8017136955006
"TASM",0.224365234375,6.26304164524614e-11,-76.0943371937533
"TASM",0.224609375,7.24798597129501e-11,-75.4600167478958
"TASM",0.224853515625,8.230326574156e-11,-74.9080195078382
"TASM",0.22509765625,9.16432694323185e-11,-74.4411844434103
"TASM",0.225341796875,1.0007753248642e-10,-74.0588243002429
"TASM",0.2255859375,1.07246480747637e-10,-73.7583596898571
"TASM",0.225830078125,1.12874329602646e-10,-73.5362383495546
"TASM",0.22607421875,1.16780759691121e-10,-73.388477227384
"TASM",0.226318359375,1.18882294119116e-10,-73.3110184161705
"TASM",0.2265625,1.1918427345035e-10,-73.3000006551399
"TASM",0.226806640625,1.17765906936669e-10,-73.351994378596
"TASM",0.22705078125,1.14761851194055e-10,-73.4642147374489
"TASM",0.227294921875,1.10343943773001e-10,-73.6347051696797
"TASM",0.2275390625,1.04706113919276e-10,-73.8624697745823
"TASM",0.227783203125,9.80543100316238e-11,-74.1475233079013
"TASM",0.22802734375,9.06018506142306e-11,-74.490819502939
"TASM",0.228271484375,8.25692793602236e-11,-74.8940052464735
"TASM",0.228515625,7.41868745051032e-11,-75.3589194423963
"TASM",0.228759765625,6.56975813388695e-11,-75.8866963759667
"TASM",0.22900390625,5.73583009126567e-11,-76.4762274083893
"TASM",0.229248046875,4.94380427588939e-11,-77.1215775006926
"TASM",0.2294921875,4.22122301154602e-11,-77.8078072188458
"TASM",0.229736328125,3.59532290411376e-11,-78.5048111742438
"TASM",0.22998046875,3.09178115106524e-11,-79.1601027367671
"TASM",0.230224609375,2.7332692465468e-11,-79.6953660395959
"TASM",0.23046875,2.53795092005946e-11,-80.0173579959423
"TASM",0.230712890625,2.51806840971285e-11,-80.0515149422564
"TASM",0.23095703125,2.67875739937251e-11,-79.782856351911
"TASM",0.231201171875,3.01721809047273e-11,-79.2661231589747
"TASM",0.2314453125,3.52234701505989e-11,-78.5938687924698
"TASM",0.231689453125,4.17489938963392e-11,-77.8557300492991
"TASM",0.23193359375,4.94820489240572e-11,-77.1177134452442
"TASM",0.232177734375,5.80940446942464e-11,-76.4208740436093
"TASM",0.232421875,6.72112007968727e-11,-75.7877736428312
"TASM",0.232666015625,7.64342340097891e-11,-75.2293110124144
"TASM",0.23291015625,8.53594259282241e-11,-74.7496753322345
"TASM",0.233154296875,9.35994299339127e-11,-74.3494581518713
"TASM",0.2333984375,1.00802366092693e-10,-74.0274829262269
"TASM",0.233642578125,1.06668092360009e-10,-73.7818449058126
"TASM",0.23388671875,1.10960928894775e-10,-73.6104893514911
"TASM",0.234130859375,1.1351845732647e-10,-73.5115253827915
"TASM",0.234375,1.14256269117811e-10,-73.4833898020473
"TASM",0.234619140625,1.13168703765585e-10,-73.5249267736172
"TASM",0.23486328125,1.10325750209684e-10,-73.6354212955808
"TASM",0.235107421875,1.05866447499532e-10,-73.8146067891852
"TASM",0.2353515625,9.99893507714098e-11,-74.0626527034339
"TASM",0.235595703125,9.29409080693327e-11,-74.3801210747653
"TASM",0.23583984375,8.50028454665575e-11,-74.7678555492197
"TASM",0.236083984375,7.64797704978805e-11,-75.2267244283861
"TASM",0.236328125,6.76880758836514e-11,-75.7570684994763
"TASM",0.236572265625,5.89468160375516e-11,-76.3575866685327
"TASM",0.23681640625,5.05705915449896e-11,-77.0232098508523
"TASM",0.237060546875,4.28637627795317e-11,-77.7412872610907
"TASM",0.2373046875,3.61147379062308e-11,-78.4853455144544
"TASM",0.237548828125,3.05888582820128e-11,-79.2065575146458
"TASM",0.23779296875,2.65186785002184e-11,-79.8266714070299
"TASM",0.238037109375,2.4091218978894e-11,-80.2436024367657
"TASM",0.23828125,2.3432908339942e-11,-80.3639282512418
"TASM",0.238525390625,2.45941481080658e-11,-80.1538723480193
"TASM",0.23876953125,2.75363736256716e-11,-79.6631227314582
"TASM",0.239013671875,3.21248321873418e-11,-78.9937815117668
"TASM",0.2392578125,3.81298595627128e-11,-78.2495381315558
"TASM",0.239501953125,4.52382142379288e-11,-77.5071356589361
"TASM",0.23974609375,5.30742457195964e-11,-76.8133518809161
"TASM",0.239990234375,6.12287229992604e-11,-76.1926381708683
"TASM",0.240234375,6.92915028843407e-11,-75.6553903788871
"TASM",0.240478515625,7.6883299640733e-11,-75.2038700496489
"TASM",0.24072265625,8.36818869258059e-11,-74.8358755441717
"TASM",0.240966796875,8.94391383120228e-11,-74.5469141245112
"TASM",0.2412109375,9.39871576489974e-11,-74.3315050296244
"TASM",0.241455078125,9.7233932386541e-11,-74.1840116879244
"TASM",0.24169921875,9.91509451700616e-11,-74.099221603354
"TASM",0.241943359375,9.97565369759268e-11,-74.0727765456432
"TASM",0.2421875,9.90992368355122e-11,-74.101487088777
"TASM",0.242431640625,9.72447104657241e-11,-74.1835303126689
"TASM",0.24267578125,9.42686306433792e-11,-74.3185182035124
"TASM",0.242919921875,9.025601555721e-11,-74.507428616289
"TASM",0.2431640625,8.53058695663102e-11,-74.7524010455256
"TASM",0.243408203125,7.9538696775343e-11,-75.0564054798311
"TASM",0.24365234375,7.31038976750002e-11,-75.4227848604719
"TASM",0.243896484375,6.61842624798126e-11,-75.8546428517961
"TASM",0.244140625,5.89956126857188e-11,-76.3539930311161
"TASM",0.244384765625,5.17808526284306e-11,-76.9204982157665
"TASM",0.24462890625,4.47989618030354e-11,-77.5495106934441
"TASM",0.244873046875,3.8310502513374e-11,-78.2290117026955
"TASM",0.2451171875,3.2561841237937e-11,-78.9351006439374
"TASM",0.245361328125,2.77704066737355e-11,-79.6263677920229
"TASM",0.24560546875,2.41129639242079e-11,-80.2396842247637
"TASM",0.245849609375,2.17181876531203e-11,-80.6939543759668
"TASM",0.24609375,2.06639308030492e-11,-80.9100608001529
"TASM",0.246337890625,2.0978688869475e-11,-80.8444067679102
"TASM",0.24658203125,2.26460212596364e-11,-80.5122710818277
"TASM",0.246826171875,2.56102484396394e-11,-79.9780522738012
"TASM",0.2470703125,2.97816851821423e-11,-79.3226975041545
"TASM",0.247314453125,3.50400198716587e-11,-78.6165467507825
"TASM",0.24755859375,4.12351531294723e-11,-77.9095140718504
"TASM",0.247802734375,4.81857310230707e-11,-77.2330056684096
"TASM",0.248046875,5.56765480095953e-11,-76.6054671803573
"TASM",0.248291015625,6.34567213642162e-11,-76.0374138933627
"TASM",0.24853515625,7.12408430384101e-11,-75.5348996876282
"TASM",0.248779296875,7.87150669707603e-11,-75.101611495848
"TASM",0.2490234375,8.55492849048831e-11,-74.7400263518614
"TASM",0.249267578125,9.14153185688359e-11,-74.4520004181652
"TASM",0.24951171875,9.60096682686659e-11,-74.2390404974239
"TASM",0.249755859375,9.90781289725249e-11,-74.1024122225245
"TASM",0.25,1.00438820505557e-10,-74.0431741489667
"TASM",0.250244140625,1.00000088202241e-10,-74.0621863581121
"TASM",0.25048828125,9.77703698836616e-11,-74.1601176066305
"TASM",0.250732421875,9.38583773009563e-11,-74.3374597735909
"TASM",0.2509765625,8.84635420045334e-11,-74.5945469470732
"TASM",0.251220703125,8.18582818681563e-11,-74.9315639391486
"TASM",0.25146484375,7.43649125116834e-11,-75.3485094752864
"TASM",0.251708984375,6.63306989398927e-11,-75.8450444529786
"TASM",0.251953125,5.81045003948021e-11,-76.4200924756362
"TASM",0.252197265625,5.00177528974083e-11,-77.0709484219328
"TASM",0.25244140625,4.23713516295547e-11,-77.7914670082233
"TASM",0.252685546875,3.5428625478273e-11,-78.5686471549895
"TASM",0.2529296875,2.94133490425961e-11,-79.376745422053
"TASM",0.253173828125,2.45108763309002e-11,-80.1686018012272
"TASM",0.25341796875,2.08701649423431e-11,-80.8669313744721
"TASM",0.253662109375,1.86047161542522e-11,-81.3659597034177
"TASM",0.25390625,1.77911799932389e-11,-81.5601426541317
"TASM",0.254150390625,1.84653600078822e-11,-81.3986123962386
"TASM",0.25439453125,2.06163478418628e-11,-80.9200728578747
"TASM",0.254638671875,2.41802847282193e-11,-80.2275760839973
"TASM",0.2548828125,2.90356169618848e-11,-79.4328796031609
"TASM",0.255126953125,3.50016218343269e-11,-78.6213085059309
"TASM",0.25537109375,4.18414794583167e-11,-77.8461198667029
"TASM",0.255615234375,4.92703969028084e-11,-77.1363295807512
"TASM",0.255859375,5.69684456152674e-11,-76.505846489804
"TASM",0.256103515625,6.45970385457914e-11,-75.9600641066758
"TASM",0.25634765625,7.18174855198357e-11,-75.4998882336914
"TASM",0.256591796875,7.83098806531416e-11,-75.1240245677975
"TASM",0.2568359375,8.37906694725e-11,-74.8302335849855
"TASM",0.257080078125,8.80275335099214e-11,-74.6160048556883
"TASM",0.25732421875,9.08506136587554e-11,-74.4789115373286
"TASM",0.257568359375,9.21594846311588e-11,-74.416789814186
"TASM",0.2578125,9.19256460609475e-11,-74.4278232805979
"TASM",0.258056640625,9.01906084978734e-11,-74.5105770183541
"TASM",0.25830078125,8.70599469655752e-11,-74.664006206068
"TASM",0.258544921875,8.2693989724461e-11,-74.8874507309293
"TASM",0.2587890625,7.72960959222099e-11,-75.1806145977889
"TASM",0.259033203125,7.10997060327791e-11,-75.5435121375907
"TASM",0.25927734375,6.43554512183946e-11,-75.9763367922407
"TASM",0.259521484375,5.73195141939133e-11,-76.4791651794914
"TASM",0.259765625,5.0244116560605e-11,-77.0513380441494
"TASM",0.260009765625,4.33705025643549e-11,-77.6902456421659
"TASM",0.26025390625,3.6924201533164e-11,-78.3890790617741
"TASM",0.260498046875,3.11118301858411e-11,-79.1329345918273
"TASM",0.2607421875,2.61183916005506e-11,-79.8927258977668
"TASM",0.260986328125,2.21040408075474e-11,-80.6174734518316
"TASM",0.26123046875,1.91996316734786e-11,-81.2292612160819
"TASM",0.261474609375,1.75009513786132e-11,-81.63157360625
"TASM",0.26171875,1.70622243863006e-11,-81.7418336977894
"TASM",0.261962890625,1.78900323355484e-11,-81.5360789332978
"TASM",0.26220703125,1.9939080372698e-11,-81.0651389489652
"TASM",0.262451171875,2.31111508558136e-11,-80.4239744647963
"TASM",0.2626953125,2.72581323882194e-11,-79.7072292236898
"TASM",0.262939453125,3.21893056897946e-11,-78.9850740963685
"TASM",0.26318359375,3.76822847295234e-11,-78.300817920687
"TASM",0.263427734375,4.34963451016203e-11,-77.677662531526
"TASM",0.263671875,4.93864791954291e-11,-77.1261095283046
"TASM",0.263916015625,5.51164815158719e-11,-76.6493753324568
"TASM",0.26416015625,6.04696783004909e-11,-76.2468136070895
"TASM",0.264404296875,6.52564812835902e-11,-75.9159536652237
"TASM",0.2646484375,6.93186199408365e-11,-75.6536911107656
"TASM",0.264892578125,7.25305288964229e-11,-75.4569817449706
"TASM",0.26513671875,7.47988008339969e-11,-75.3232438350876
"TASM",0.265380859375,7.60607780144642e-11,-75.2505825543611
"TASM",0.265625,7.6283234776297e-11,-75.2378991792782
"TASM",0.265869140625,7.54617549278314e-11,-75.2849211799543
"TASM",0.26611328125,7.36209394395885e-11,-75.3921766391018
"TASM",0.266357421875,7.08151233639128e-11,-75.5609300281559
"TASM",0.2666015625,6.71289597894636e-11,-75.7930910133048
"TASM",0.266845703125,6.26771259897758e-11,-76.0910994484665
"TASM",0.26708984375,5.76025431423593e-11,-76.4577736099543
"TASM",0.267333984375,5.20728268041107e-11,-76.8960786462082
"TASM",0.267578125,4.62750939766203e-11,-77.4087170946655
"TASM",0.267822265625,4.0409609980211e-11,-77.9973436006801
"TASM",0.26806640625,3.46829442231438e-11,-78.6610306139101
"TASM",0.268310546875,2.93012525059274e-11,-79.3933283384591
"TASM",0.2685546875,2.44640300373213e-11,-80.1769101756633
"TASM",0.268798828125,2.03582821668177e-11,-80.974778894546
"TASM",0.26904296875,1.7152693722909e-11,-81.7188668591071
"TASM",0.269287109375,1.49912047053353e-11,-82.3038248436201
"TASM",0.26953125,1.3985531442303e-11,-82.6054004490215
"TASM",0.269775390625,1.42066227496981e-11,-82.5372817074353
"TASM",0.27001953125,1.56757095872608e-11,-82.1099180985336
"TASM",0.270263671875,1.83562982333685e-11,-81.4243391383945
"TASM",0.2705078125,2.21489341328832e-11,-80.6086618724147
"TASM",0.270751953125,2.68906222216624e-11,-79.7661816739611
"TASM",0.27099609375,3.23603285727837e-11,-78.962060962675
"TASM",0.271240234375,3.8291052258506e-11,-78.2312171771321
"TASM",0.271484375,4.43877354138992e-11,-77.5895603023726
"TASM",0.271728515625,5.03490633929158e-11,-77.0422762276877
"TASM",0.27197265625,5.58903065448055e-11,-76.5888252724594
"TASM",0.272216796875,6.07640145232895e-11,-76.2257256000236
"TASM",0.2724609375,6.47756996070697e-11,-75.9480690660703
"TASM",0.272705078125,6.77925743624363e-11,-75.7503689270103
"TASM",0.27294921875,6.97447254306365e-11,-75.6270764997644
"TASM",0.273193359375,7.061950002891e-11,-75.5729438034341
"TASM",0.2734375,7.04510356585056e-11,-75.5833163707298
"TASM",0.273681640625,6.93075301601048e-11,-75.6543859624345
"TASM",0.27392578125,6.7278913963934e-11,-75.7834004653164
"TASM",0.274169921875,6.44670858047065e-11,-75.9688098023085
"TASM",0.2744140625,6.09799734066281e-11,-76.2103178823496
"TASM",0.274658203125,5.69296235313839e-11,-76.5088070698359
"TASM",0.27490234375,5.24335613971498e-11,-76.8660966196345
"TASM",0.275146484375,4.76179847992873e-11,-77.284480068225
"TASM",0.275390625,4.26210778531674e-11,-77.7659459038934
"TASM",0.275634765625,3.75948453955662e-11,-78.3109071568879
"TASM",0.27587890625,3.27042991769051e-11,-78.9161417183269
"TASM",0.276123046875,2.81234389507587e-11,-79.5715059348728
"TASM",0.2763671875,2.40281236661408e-11,-80.2549916039324
"TASM",0.276611328125,2.0586501344147e-11,-80.926364739036
"TASM",0.27685546875,1.79480828459658e-11,-81.5220095335721
"TASM",0.277099609375,1.62327695858972e-11,-81.9582639471349
"TASM",0.27734375,1.55211770565871e-11,-82.1529436574807
"TASM",0.277587890625,1.58474538985999e-11,-82.06259521817
"TASM",0.27783203125,1.71955087901598e-11,-81.7080398837666
"TASM",0.278076171875,1.94991585164639e-11,-81.1620314902095
"TASM",0.2783203125,2.26462411487562e-11,-80.5122289127567
"TASM",0.278564453125,2.64862505178833e-11,-79.831985363979
"TASM",0.27880859375,3.08406067339184e-11,-79.1709610543638
"TASM",0.279052734375,3.55143535737519e-11,-78.5581510474309
"TASM",0.279296875,4.03079312263134e-11,-78.00828509975
"TASM",0.279541015625,4.5027751021217e-11,-77.5273876285531
"TASM",0.27978515625,4.94945947848664e-11,-77.1166124585983
"TASM",0.280029296875,5.35493239745241e-11,-76.7746502635212
"TASM",0.2802734375,5.70559187943605e-11,-76.4991831548854
"TASM",0.280517578125,5.99023587285644e-11,-76.2877509526665
"TASM",0.28076171875,6.20001936627294e-11,-76.1382597281342
"TASM",0.281005859375,6.32837655514511e-11,-76.0492670593954
"TASM",0.28125,6.37099076418763e-11,-76.020120433682
"TASM",0.281494140625,6.32586159287283e-11,-76.0509933336107
"TASM",0.28173828125,6.19347480316117e-11,-76.1428464376953
"TASM",0.281982421875,5.97703714472133e-11,-76.2973306407257
"TASM",0.2822265625,5.68270592799528e-11,-76.5166383636827
"TASM",0.282470703125,5.31972840271641e-11,-76.8032955879386
"TASM",0.28271484375,4.90041068480656e-11,-77.159865407438
"TASM",0.282958984375,4.43985734677435e-11,-77.58850002471
"TASM",0.283203125,3.95545513969169e-11,-78.0902255548895
"TASM",0.283447265625,3.46611109850554e-11,-78.6637653992089
"TASM",0.28369140625,2.99129085384586e-11,-79.3036037578737
"TASM",0.283935546875,2.54993337716126e-11,-79.9969018522248
"TASM",0.2841796875,2.15934106494685e-11,-80.7189777490116
"TASM",0.284423828125,1.83415693898627e-11,-81.427825256917
"TASM",0.28466796875,1.58554138472579e-11,-82.0604143669746
"TASM",0.284912109375,1.42064651789230e-11,-82.5373298768693
"TASM",0.28515625,1.34245496711084e-11,-82.7831929273773
"TASM",0.285400390625,1.35000220131976e-11,-82.7588454221035
"TASM",0.28564453125,1.43894248523578e-11,-82.4817558340578
"TASM",0.285888671875,1.60235804820907e-11,-82.0145945282126
"TASM",0.2861328125,1.83166271286091e-11,-81.4337351429065
"TASM",0.286376953125,2.11742909597964e-11,-80.8041014236416
"TASM",0.28662109375,2.44998263664643e-11,-80.1705601239596
"TASM",0.286865234375,2.81965809064986e-11,-79.5602256953728
"TASM",0.287109375,3.21669637135238e-11,-78.9880894971955
"TASM",0.287353515625,3.63085377984582e-11,-78.4621025932073
"TASM",0.28759765625,4.05087829775446e-11,-77.9866982318125
"TASM",0.287841796875,4.46405605290572e-11,-77.5648937968746
"TASM",0.2880859375,4.85603016735557e-11,-77.1993764280391
"TASM",0.288330078125,5.21104130059132e-11,-76.8929450364689
"TASM",0.28857421875,5.5126456175484e-11,-76.6485894427243
"TASM",0.288818359375,5.74485425989392e-11,-76.4694000323788
"TASM",0.2890625,5.89353649775891e-11,-76.3584304147421
"TASM",0.289306640625,5.94786187902073e-11,-76.3185814406829
"TASM",0.28955078125,5.90154067185833e-11,-76.3525361435523
"TASM",0.289794921875,5.75365892967837e-11,-76.4627490503142
"TASM",0.2900390625,5.50898318646263e-11,-76.6514757196943
"TASM",0.290283203125,5.17770893098777e-11,-76.9208138629204
"TASM",0.29052734375,4.77472203083925e-11,-77.2727092545902
"TASM",0.290771484375,4.3185120459711e-11,-77.7088488352071
"TASM",0.291015625,3.8299084333018e-11,-78.2303062802968
"TASM",0.291259765625,3.33080348254478e-11,-78.8367000880239
"TASM",0.29150390625,2.8429878082438e-11,-79.5244402158531
"TASM",0.291748046875,2.3871699750263e-11,-80.2833567544289
"TASM",0.2919921875,1.98219743010591e-11,-81.0907211012422
"TASM",0.292236328125,1.6444544965912e-11,-81.9019715816918
"TASM",0.29248046875,1.38739212392708e-11,-82.6401979414013
"TASM",0.292724609375,1.2211442734651e-11,-83.1945204168179
"TASM",0.29296875,1.15220269487458e-11,-83.4469013221008
"TASM",0.293212890625,1.18314765694261e-11,-83.3318007086465
"TASM",0.29345703125,1.31245838121641e-11,-82.8813347829119
"TASM",0.293701171875,1.53444613939773e-11,-82.202673700061
"TASM",0.2939453125,1.83936028684377e-11,-81.4155221335924
"TASM",0.294189453125,2.21371087313591e-11,-80.610981206642
"TASM",0.29443359375,2.64083167845565e-11,-79.8447829787647
"TASM",0.294677734375,3.10167782125686e-11,-79.1462233426165
"TASM",0.294921875,3.57581765443389e-11,-78.5284365463173
"TASM",0.295166015625,4.04254591154662e-11,-77.9956405794174
"TASM",0.29541015625,4.48202060839529e-11,-77.5474516977259
"TASM",0.295654296875,4.87631567681565e-11,-77.1812720619997
"TASM",0.2958984375,5.21028804502443e-11,-76.8935728541415
"TASM",0.296142578125,5.47218190639731e-11,-76.6805849308929
"TASM",0.29638671875,5.65393056741825e-11,-76.5386854799627
"TASM",0.296630859375,5.75116068923097e-11,-76.4646351677741
"TASM",0.296875,5.76294630844614e-11,-76.4557444545307
"TASM",0.297119140625,5.69139229456311e-11,-76.5100049731004
"TASM",0.29736328125,5.54114259709961e-11,-76.6261969232588
"TASM",0.297607421875,5.31890509821621e-11,-76.8039677731437
"TASM",0.2978515625,5.03306358518059e-11,-77.0438660177981
"TASM",0.298095703125,4.69341336027238e-11,-77.3473021360557
"TASM",0.29833984375,4.311017660548e-11,-77.7163921687687
"TASM",0.298583984375,3.89814532552611e-11,-78.1536099298952
"TASM",0.298828125,3.46822306778147e-11,-78.6611199638755
"TASM",0.299072265625,3.0357233181966e-11,-79.2395683229597
"TASM",0.29931640625,2.61591345299066e-11,-79.8859564753063
"TASM",0.299560546875,2.22441411430234e-11,-80.5900337677933
"TASM",0.2998046875,1.87655054205179e-11,-81.328587528966
"TASM",0.300048828125,1.58652606987838e-11,-82.0577180602407
"TASM",0.30029296875,1.36649367548065e-11,-82.7061139287291
"TASM",0.300537109375,1.22564056029131e-11,-83.1785589417525
"TASM",0.30078125,1.16942264523614e-11,-83.382475194084
"TASM",0.301025390625,1.19908269742042e-11,-83.2736988264635
"TASM",0.30126953125,1.31155363842539e-11,-82.8843296229836
"TASM",0.301513671875,1.49978966492139e-11,-82.3018866232556
"TASM",0.3017578125,1.75349152998464e-11,-81.6231534644957
"TASM",0.302001953125,2.06011436068261e-11,-80.9232768935622
"TASM",0.30224609375,2.40598563176388e-11,-80.2492598940761
"TASM",0.302490234375,2.77733477433056e-11,-79.6259078698229
"TASM",0.302734375,3.16105500565713e-11,-79.063869657858
"TASM",0.302978515625,3.54508205899757e-11,-78.5659272649826
"TASM",0.30322265625,3.91837094855327e-11,-78.1311347100665
"TASM",0.303466796875,4.27055784034528e-11,-77.7573441055074
"TASM",0.3037109375,4.59148184159585e-11,-77.4426614776102
"TASM",0.303955078125,4.87078613139962e-11,-77.186199580695
"TASM",0.30419921875,5.0978045537584e-11,-76.988358379611
"TASM",0.304443359375,5.26186895539996e-11,-76.8507899090281
"TASM",0.3046875,5.35306054163269e-11,-76.7761686370694
"TASM",0.304931640625,5.36330385038837e-11,-76.7678661686928
"TASM",0.30517578125,5.28759764268217e-11,-76.8296061857306
"TASM",0.305419921875,5.12512142352307e-11,-76.965148597863
"TASM",0.3056640625,4.87996500956572e-11,-77.1780231084264
"TASM",0.305908203125,4.56129983354858e-11,-77.4713039767433
"TASM",0.30615234375,4.18292598911904e-11,-77.8473883843838
"TASM",0.306396484375,3.76225833878911e-11,-78.3077040541637
"TASM",0.306640625,3.31892535034923e-11,-78.8522153455149
"TASM",0.306884765625,2.87321898116652e-11,-79.4785029204534
"TASM",0.30712890625,2.444639601565e-11,-80.1800417609941
"TASM",0.307373046875,2.05072979789787e-11,-80.9431057693622
"TASM",0.3076171875,1.70630272249991e-11,-81.7416293515061
"TASM",0.307861328125,1.42307098427506e-11,-82.529924551791
"TASM",0.30810546875,1.20959807758004e-11,-83.2357793093711
"TASM",0.308349609375,1.07144613861094e-11,-83.7624867484109
"TASM",0.30859375,1.0113893287505e-11,-84.0130065182353
"TASM",0.308837890625,1.02959596729915e-11,-83.9355218600477
"TASM",0.30908203125,1.12373879540887e-11,-83.5555364437537
"TASM",0.309326171875,1.28905084139742e-11,-82.9594897218778
"TASM",0.3095703125,1.51838560090698e-11,-82.2483694224965
"TASM",0.309814453125,1.80235339719767e-11,-81.5037906940348
"TASM",0.31005859375,2.12958976125736e-11,-80.7792306875449
"TASM",0.310302734375,2.48717488568164e-11,-80.1051269511197
"TASM",0.310546875,2.86118000111276e-11,-79.4967383808843
"TASM",0.310791015625,3.2372820080717e-11,-78.9603848529395
"TASM",0.31103515625,3.60137276672204e-11,-78.4975094272029
"TASM",0.311279296875,3.94009755996017e-11,-78.1071204343181
"TASM",0.3115234375,4.24128386180499e-11,-77.7872167885633
"TASM",0.311767578125,4.49425623683625e-11,-77.5356118908721
"TASM",0.31201171875,4.69006356535831e-11,-77.350402900346
"TASM",0.312255859375,4.82166076490415e-11,-77.2302236718477
"TASM",0.3125,4.8840842803487e-11,-77.1743586929292
"TASM",0.312744140625,4.8746411205608e-11,-77.182763711616
"TASM",0.31298828125,4.79310298701717e-11,-77.2560225830719
"TASM",0.313232421875,4.64187050829713e-11,-77.3952599785339
"TASM",0.3134765625,4.42605709204231e-11,-77.6020200724405
"TASM",0.313720703125,4.15344256800271e-11,-77.8781080926093
"TASM",0.31396484375,3.83426311828919e-11,-78.2253710675312
"TASM",0.314208984375,3.48083042338485e-11,-78.6453615271783
"TASM",0.314453125,3.10700119168989e-11,-79.1387759903991
"TASM",0.314697265625,2.72754030067479e-11,-79.7044784265803
"TASM",0.31494140625,2.35743168010645e-11,-80.3377990341151
"TASM",0.315185546875,2.0111901919676e-11,-81.0276587645857
"TASM",0.3154296875,1.70221845103981e-11,-81.7520372516854
"TASM",0.315673828125,1.44224022254446e-11,-82.4718141546393
"TASM",0.31591796875,1.2408317469911e-11,-83.1250612238769
"TASM",0.316162109375,1.10506656945616e-11,-83.6283057806307
"TASM",0.31640625,1.03928731435211e-11,-83.8948339259302
"TASM",0.316650390625,1.04501584836413e-11,-83.8709614200526
"TASM",0.31689453125,1.12100728823366e-11,-83.5661058269693
"TASM",0.317138671875,1.2634409624463e-11,-83.0466406567377
"TASM",0.3173828125,1.46622381112595e-11,-82.4001875080208
"TASM",0.317626953125,1.72136357520429e-11,-81.7034641000019
"TASM",0.31787109375,2.01935745328818e-11,-81.0100581718588
"TASM",0.318115234375,2.34954314283277e-11,-80.3523559482463
"TASM",0.318359375,2.70037632916753e-11,-79.7479472645328
"TASM",0.318603515625,3.05962932923535e-11,-79.2055020350411
"TASM",0.31884765625,3.41454182963786e-11,-78.7288658148325
"TASM",0.319091796875,3.75198510626973e-11,-78.3195791311609
"TASM",0.3193359375,4.05871451849335e-11,-77.9783051384422
"TASM",0.319580078125,4.32177425634701e-11,-77.705569406765
"TASM",0.31982421875,4.52908312161074e-11,-77.5020872756828
"TASM",0.320068359375,4.6701781860998e-11,-77.3688556790334
"TASM",0.3203125,4.73703817165802e-11,-77.307121345261
"TASM",0.320556640625,4.72486617145888e-11,-77.3182950693752
"TASM",0.32080078125,4.63269508896861e-11,-77.4038530177265
"TASM",0.321044921875,4.46369533751955e-11,-77.5652447401188
"TASM",0.3212890625,4.22511041190079e-11,-77.8038095631588
"TASM",0.321533203125,3.92781102439053e-11,-78.1206843411171
"TASM",0.32177734375,3.58552642268027e-11,-78.5166609158956
"TASM",0.322021484375,3.21386549260068e-11,-78.9919132224818
"TASM",0.322265625,2.82926765664242e-11,-79.5454498399396
"TASM",0.322509765625,2.44801931684185e-11,-80.1740417844861
"TASM",0.32275390625,2.08543916751286e-11,-80.8702149291912
"TASM",0.322998046875,1.75528574171602e-11,-81.6187119382209
"TASM",0.3232421875,1.46938734041441e-11,-82.3908272503147
"TASM",0.323486328125,1.23745171976077e-11,-83.1369075530372
"TASM",0.32373046875,1.06698994595395e-11,-83.7805869170017
"TASM",0.323974609375,9.63288543904912e-12,-84.2246262348265
"TASM",0.32421875,9.29382759422424e-12,-84.3802440706001
"TASM",0.324462890625,9.6601294622017e-12,-84.2123607212764
"TASM",0.32470703125,1.07157551280935e-11,-83.7619623813286
"TASM",0.324951171875,1.24210062909114e-11,-83.1206223712725
"TASM",0.3251953125,1.47129587615039e-11,-82.3851900116597
"TASM",0.325439453125,1.75068788584583e-11,-81.6301029228083
"TASM",0.32568359375,2.06987669588027e-11,-80.9027454389167
"TASM",0.325927734375,2.41689654887123e-11,-80.2296095729656
"TASM",0.326171875,2.77865899846257e-11,-79.6238376614399
"TASM",0.326416015625,3.14144444747604e-11,-79.0908963470448
"TASM",0.32666015625,3.49140846239958e-11,-78.6321835865669
"TASM",0.326904296875,3.81507777564326e-11,-78.2471562279297
"TASM",0.3271484375,4.09982354418758e-11,-77.9345385371822
"TASM",0.327392578125,4.33431081697896e-11,-77.6929896715495
"TASM",0.32763671875,4.50892860009086e-11,-77.5214566065931
"TASM",0.327880859375,4.61620192801299e-11,-77.4193422082142
"TASM",0.328125,4.65117648915631e-11,-77.3865619971552
"TASM",0.328369140625,4.61175104252495e-11,-77.4235316425624
"TASM",0.32861328125,4.49891843195009e-11,-77.5311089964717
"TASM",0.328857421875,4.31686811813972e-11,-77.7105023786085
"TASM",0.3291015625,4.07290609997834e-11,-77.9631462123803
"TASM",0.329345703125,3.77716345296108e-11,-78.2905323997609
"TASM",0.32958984375,3.44209069820006e-11,-78.6939670917887
"TASM",0.329833984375,3.08176700446489e-11,-79.174192178736
"TASM",0.330078125,2.71108407599513e-11,-79.7307603276181
"TASM",0.330322265625,2.34488749284823e-11,-80.3609700866488
"TASM",0.33056640625,1.99716773424379e-11,-81.0580447778479
"TASM",0.330810546875,1.6803864526061e-11,-81.8080984730113
"TASM",0.3310546875,1.40500157135031e-11,-82.5854220891325
"TASM",0.331298828125,1.17922150490171e-11,-83.3462362825941
"TASM",0.33154296875,1.0089806056908e-11,-84.0233620042388
"TASM",0.331787109375,8.98092105181914e-12,-84.5289814019561
"TASM",0.33203125,8.48508050116489e-12,-84.7756305187941
"TASM",0.332275390625,8.60602967373373e-12,-84.7141617966477
"TASM",0.33251953125,9.33401572788275e-12,-84.3615049052947
"TASM",0.332763671875,1.06469025898441e-11,-83.7899573821035
"TASM",0.3330078125,1.2509841260634e-11,-83.089672199719
"TASM",0.333251953125,1.48736048991226e-11,-82.3380277811679
"TASM",0.33349609375,1.76720913898516e-11,-81.5893107007905
"TASM",0.333740234375,2.08198156815918e-11,-80.8774213849811
"TASM",0.333984375,2.42103903110665e-11,-80.2221722783338
"TASM",0.334228515625,2.7716974160251e-11,-79.6347320191984
"TASM",0.33447265625,3.11954368280782e-11,-79.1212794745652
"TASM",0.334716796875,3.4490559971309e-11,-78.6851877345805
"TASM",0.3349609375,3.74450421524262e-11,-78.3282469505412
"TASM",0.335205078125,3.99104915736409e-11,-78.0513194188867
"TASM",0.33544921875,4.1759102602409e-11,-77.8546786170499
"TASM",0.335693359375,4.28944321308497e-11,-77.7381809618915
"TASM",0.3359375,4.32597007766756e-11,-77.7013550772956
"TASM",0.336181640625,4.28423633134626e-11,-77.7434559905961
"TASM",0.33642578125,4.16742738409425e-11,-77.8635097772585
"TASM",0.336669921875,3.98275008694724e-11,-78.060359630906
"TASM",0.3369140625,3.74065714992891e-11,-78.3327111412323
"TASM",0.337158203125,3.45384834600985e-11,-78.6791575452445
"TASM",0.33740234375,3.1362095648334e-11,-79.0981394387081
"TASM",0.337646484375,2.80184366726404e-11,-79.58775119303
"TASM",0.337890625,2.46430849311546e-11,-80.145239450549
"TASM",0.338134765625,2.13611777359293e-11,-80.7659382528189
"TASM",0.33837890625,1.82849549453361e-11,-81.4412512430743
"TASM",0.338623046875,1.55131966248338e-11,-82.1551772179744
"TASM",0.3388671875,1.31316018972789e-11,-82.8790131085108
"TASM",0.339111328125,1.12131374143644e-11,-83.5649187450663
"TASM",0.33935546875,9.81763791040293e-12,-84.1421200825823
"TASM",0.339599609375,8.990375438228e-12,-84.5244119061179
"TASM",0.33984375,8.75979231434998e-12,-84.6372520925305
"TASM",0.340087890625,9.13497595484056e-12,-84.4551161033198
"TASM",0.34033203125,1.01036371567241e-11,-84.017412774873
"TASM",0.340576171875,1.16312948459159e-11,-83.405909539136
"TASM",0.3408203125,1.36620988457135e-11,-82.7070159572416
"TASM",0.341064453125,1.61213264069067e-11,-81.9881824768343
"TASM",0.34130859375,1.89191887011813e-11,-81.2931650996101
"TASM",0.341552734375,2.19552975452588e-11,-80.6467969168962
"TASM",0.341796875,2.51230513329876e-11,-80.0614663314249
"TASM",0.342041015625,2.8313325473062e-11,-79.5422813750119
"TASM",0.34228515625,3.14171563505263e-11,-79.0905214552177
"TASM",0.342529296875,3.43274978741341e-11,-78.7057686994491
"TASM",0.3427734375,3.69404899529444e-11,-78.3871636754639
"TASM",0.343017578125,3.91568998356845e-11,-78.1341071871882
"TASM",0.34326171875,4.08844082644327e-11,-77.9466130244386
"TASM",0.343505859375,4.20411978959883e-11,-77.8254393681663
"TASM",0.34375,4.25609083132864e-11,-77.7720813099038
"TASM",0.343994140625,4.23985476523212e-11,-77.7886803862921
"TASM",0.34423828125,4.15365189817690e-11,-77.8778892171892
"TASM",0.344482421875,3.99896482485492e-11,-78.0427143479965
"TASM",0.3447265625,3.780807194743e-11,-78.2863448813231
"TASM",0.344970703125,3.50770807947402e-11,-78.6119557577909
"TASM",0.34521484375,3.19134791507663e-11,-79.0224486608162
"TASM",0.345458984375,2.84586107990508e-11,-79.520053225943
"TASM",0.345703125,2.48687890875947e-11,-80.1056437977383
"TASM",0.345947265625,2.13043218761117e-11,-80.7775130385467
"TASM",0.34619140625,1.79185398199566e-11,-81.52916402715
"TASM",0.346435546875,1.48481774934509e-11,-82.3454586845509
"TASM",0.3466796875,1.22061443408652e-11,-83.1964051757116
"TASM",0.346923828125,1.00772387612203e-11,-84.028774703943
"TASM",0.34716796875,8.5168217841701e-12,-84.7594145920797
"TASM",0.347412109375,7.55199864174281e-12,-85.2815711568809
"TASM",0.34765625,7.18455124484225e-12,-85.498193720733
"TASM",0.347900390625,7.39476624861260e-12,-85.3729456853318
"TASM",0.34814453125,8.14539913525321e-12,-84.9530664870268
"TASM",0.348388671875,9.38524442506705e-12,-84.3377343119451
"TASM",0.3486328125,1.10520611000603e-11,-83.6277574166984
"TASM",0.348876953125,1.30748492656731e-11,-82.8978232809506
"TASM",0.34912109375,1.5375634751169e-11,-82.1938596510464
"TASM",0.349365234375,1.78709778224847e-11,-81.5407070300017
"TASM",0.349609375,2.04734022313221e-11,-80.9502899997187
"TASM",0.349853515625,2.30928846385298e-11,-80.4274083283972
"TASM",0.35009765625,2.56384951703674e-11,-79.9732648781832
"TASM",0.350341796875,2.80202615851016e-11,-79.5874683351347
"TASM",0.3505859375,3.01513381364959e-11,-79.2691242768586
"TASM",0.350830078125,3.19505675247212e-11,-79.0174044211225
"TASM",0.35107421875,3.33454934972414e-11,-78.8318186971714
"TASM",0.351318359375,3.42757875129636e-11,-78.7123157703772
"TASM",0.3515625,3.46968982877985e-11,-78.6592836588459
"TASM",0.351806640625,3.45835541537606e-11,-78.6734939516924
"TASM",0.35205078125,3.3932605302076e-11,-78.7560181336787
"TASM",0.352294921875,3.27646497231544e-11,-78.9081348946096
"TASM",0.3525390625,3.1123984638484e-11,-79.1312382657503
"TASM",0.352783203125,2.9076664294243e-11,-79.426744365473
"TASM",0.35302734375,2.67067769854083e-11,-79.795975390055
"TASM",0.353271484375,2.41113938239104e-11,-80.2399670220584
"TASM",0.353515625,2.13948920169962e-11,-80.7590891998784
"TASM",0.353759765625,1.86634390617468e-11,-81.3522734580725
"TASM",0.35400390625,1.60203107932615e-11,-82.0154808174643
"TASM",0.354248046875,1.35624344431424e-11,-82.7388136692385
"TASM",0.3544921875,1.13781791528793e-11,-83.5014625128467
"TASM",0.354736328125,9.54607041261613e-12,-84.2639438543394
"TASM",0.35498046875,8.13388550253394e-12,-84.9592096414733
"TASM",0.355224609375,7.19755949711445e-12,-85.4903375529939
"TASM",0.35546875,6.77950192792743e-12,-85.7502123029619
"TASM",0.355712890625,6.9062380697576e-12,-85.6697747372852
"TASM",0.35595703125,7.58564777738752e-12,-85.2622634552788
"TASM",0.356201171875,8.8043677134239e-12,-84.6152084634839
"TASM",0.3564453125,1.05260594937736e-11,-83.8395319852787
"TASM",0.356689453125,1.26911839835766e-11,-83.0271687876371
"TASM",0.35693359375,1.52186765914818e-11,-82.2384213082331
"TASM",0.357177734375,1.80095577772849e-11,-81.507159699714
"TASM",0.357421875,2.09521353153884e-11,-80.8499072863381
"TASM",0.357666015625,2.39281595431023e-11,-80.2730972313904
"TASM",0.35791015625,2.68191527142471e-11,-79.7777396561167
"TASM",0.358154296875,2.95121764904992e-11,-79.3621777944792
"TASM",0.3583984375,3.19045055472213e-11,-79.023670005096
"TASM",0.358642578125,3.39069775097965e-11,-78.7592994065988
"TASM",0.35888671875,3.54461056506724e-11,-78.5665049126278
"TASM",0.359130859375,3.64652883221047e-11,-78.443393670958
"TASM",0.359375,3.69255679735589e-11,-78.3889183469805
"TASM",0.359619140625,3.68063591124683e-11,-78.4029615973666
"TASM",0.35986328125,3.61063951082046e-11,-78.4863488859085
"TASM",0.360107421875,3.48448887803779e-11,-78.6407993621277
"TASM",0.3603515625,3.3062632285183e-11,-78.8688159185264
"TASM",0.360595703125,3.08225521510208e-11,-79.1735042279837
"TASM",0.36083984375,2.82091456564108e-11,-79.5582908557826
"TASM",0.361083984375,2.5326287845953e-11,-80.0264748032798
"TASM",0.361328125,2.22931123218254e-11,-80.5804831468445
"TASM",0.361572265625,1.92379967578799e-11,-81.2205917166012
"TASM",0.36181640625,1.62910614268409e-11,-81.9426963764148
"TASM",0.362060546875,1.35759364609732e-11,-82.7344922216888
"TASM",0.3623046875,1.12017924371129e-11,-83.5693149769269
"TASM",0.362548828125,9.25669746146009e-12,-84.3976294904281
"TASM",0.36279296875,7.80323095964674e-12,-85.1394455753599
"TASM",0.363037109375,6.87695753429691e-12,-85.6882267631759
"TASM",0.36328125,6.48789186297053e-12,-85.9411541621451
"TASM",0.363525390625,6.62455075449214e-12,-85.8506258704615
"TASM",0.36376953125,7.25969580313198e-12,-85.4530059566001
"TASM",0.364013671875,8.35652677049508e-12,-84.8419321006999
"TASM",0.3642578125,9.87397951225064e-12,-84.1172679711176
"TASM",0.364501953125,1.17699596557418e-11,-83.3544404466728
"TASM",0.36474609375,1.4001794151807e-11,-82.6003533031129
"TASM",0.364990234375,1.65238343313299e-11,-81.8810818679719
"TASM",0.365234375,1.92828681823132e-11,-81.2104738644341
"TASM",0.365478515625,2.22126354053014e-11,-80.5961893064509
"TASM",0.36572265625,2.52291269679434e-11,-80.0431679647478
"TASM",0.365966796875,2.82283728355079e-11,-79.5553317398148
"TASM",0.3662109375,3.10880348771929e-11,-79.1362574838416
"TASM",0.366455078125,3.3673380688782e-11,-78.7893229865568
"TASM",0.36669921875,3.58472661136855e-11,-78.5176297900456
"TASM",0.366943359375,3.74828128255572e-11,-78.323868446362
"TASM",0.3671875,3.84767612779758e-11,-78.2102051003234
"TASM",0.367431640625,3.87611936678334e-11,-78.178218759962
"TASM",0.36767578125,3.83115448425372e-11,-78.2288935440664
"TASM",0.367919921875,3.71495134692267e-11,-78.3626588849772
"TASM",0.3681640625,3.53404908547590e-11,-78.5794644160855
"TASM",0.368408203125,3.29861964592174e-11,-78.8788677764887
"TASM",0.36865234375,3.02140842519169e-11,-79.260095829637
"TASM",0.368896484375,2.71655527783682e-11,-79.7220047216571
"TASM",0.369140625,2.39849561181594e-11,-80.262800906323
"TASM",0.369384765625,2.08109132143048e-11,-80.879278807409
"TASM",0.36962890625,1.77706141421991e-11,-81.5651658183646
"TASM",0.369873046875,1.49769622628601e-11,-82.3079528335957
"TASM",0.3701171875,1.25277113304196e-11,-83.0834728126273
"TASM",0.370361328125,1.05054285298618e-11,-83.8480524633801
"TASM",0.37060546875,8.97719456684539e-12,-84.5307838092004
"TASM",0.370849609375,7.99337142231589e-12,-85.0348902537635
"TASM",0.37109375,7.58536232253317e-12,-85.2624268873341
"TASM",0.371337890625,7.76285345228358e-12,-85.1619763127076
"TASM",0.37158203125,8.51138690461826e-12,-84.7621868605225
"TASM",0.371826171875,9.79117320144762e-12,-84.1538428575914
"TASM",0.3720703125,1.15378163585191e-11,-83.4409539663297
"TASM",0.372314453125,1.36651929881091e-11,-82.7060324942753
"TASM",0.37255859375,1.6070248256265e-11,-82.0019643298922
"TASM",0.372802734375,1.86390923005847e-11,-81.357942599088
"TASM",0.373046875,2.12535983320255e-11,-80.7878655020236
"TASM",0.373291015625,2.37977404871065e-11,-80.2968329460885
"TASM",0.37353515625,2.61631154007713e-11,-79.885295620601
"TASM",0.373779296875,2.82533705597764e-11,-79.5514875332567
"TASM",0.3740234375,2.99875126134849e-11,-79.2927857521765
"TASM",0.374267578125,3.13022182822033e-11,-79.106439032523
"TASM",0.37451171875,3.21532993121573e-11,-78.9899347552595
"TASM",0.374755859375,3.25164123109494e-11,-78.941163970606
"TASM",0.375,3.23870169812648e-11,-78.9584806987765
"TASM",0.375244140625,3.17795366996254e-11,-79.0407145734588
"TASM",0.37548828125,3.07257021478196e-11,-79.1871720264153
"TASM",0.375732421875,2.92721595721409e-11,-79.3976425490186
"TASM",0.3759765625,2.74775598101179e-11,-79.6724085700414
"TASM",0.376220703125,2.54094520939976e-11,-80.0122371844304
"TASM",0.37646484375,2.31413334491045e-11,-80.4183063863035
"TASM",0.376708984375,2.07501253881564e-11,-80.8919829347245
"TASM",0.376953125,1.83141811351893e-11,-81.4343151363584
"TASM",0.377197265625,1.59117227566993e-11,-82.0450181576348
"TASM",0.37744140625,1.36194411232635e-11,-82.7205973229487
"TASM",0.377685546875,1.15109278232284e-11,-83.4510868809117
"TASM",0.3779296875,9.65467995405877e-12,-84.214811370752
"TASM",0.378173828125,8.11161246275315e-12,-84.9711182506813
"TASM",0.37841796875,6.93226952764049e-12,-85.6534357906618
"TASM",0.378662109375,6.15415948173637e-12,-86.1705027230308
"TASM",0.37890625,5.7997598219791e-12,-86.42809009814
"TASM",0.379150390625,5.87569209113848e-12,-86.3715998985499
"TASM",0.37939453125,6.37334414319518e-12,-86.0185164903835
"TASM",0.379638671875,7.27087051311802e-12,-85.4463260850315
"TASM",0.3798828125,8.53612748008548e-12,-84.7495812657062
"TASM",0.380126953125,1.01298141527984e-11,-84.0061754124312
"TASM",0.38037109375,1.20079946160181e-11,-83.2674853435632
"TASM",0.380615234375,1.4123320093028e-11,-82.5628221672862
"TASM",0.380859375,1.64246365248507e-11,-81.9072325141284
"TASM",0.381103515625,1.88551650522247e-11,-81.30788680432
"TASM",0.38134765625,2.13499453259339e-11,-80.7682225167026
"TASM",0.381591796875,2.38335876294267e-11,-80.2902959799124
"TASM",0.3818359375,2.62194740561649e-11,-79.8759504306273
"TASM",0.382080078125,2.84113332357907e-11,-79.5272740487942
"TASM",0.38232421875,3.03076240793791e-11,-79.2466712702939
"TASM",0.382568359375,3.18085166893049e-11,-79.0367560152693
"TASM",0.3828125,3.28246160821209e-11,-78.9001936360102
"TASM",0.383056640625,3.32861028312647e-11,-78.8395606834848
"TASM",0.38330078125,3.31507863615848e-11,-78.8572518421379
"TASM",0.383544921875,3.24097252262353e-11,-78.9554366982444
"TASM",0.3837890625,3.1089518186375e-11,-79.1360502730521
"TASM",0.384033203125,2.92509893216175e-11,-79.4007845957327
"TASM",0.38427734375,2.69846205074625e-11,-79.7510270403347
"TASM",0.384521484375,2.44035746307219e-11,-80.1876557250145
"TASM",0.384765625,2.16354026441202e-11,-80.7105403685202
"TASM",0.385009765625,1.88135119841341e-11,-81.3174914447918
"TASM",0.38525390625,1.60692436046076e-11,-82.0022358430033
"TASM",0.385498046875,1.35250634074257e-11,-82.7507970905067
"TASM",0.3857421875,1.12890402983003e-11,-83.5356199553239
"TASM",0.385986328125,9.45055329663306e-12,-84.3076178320154
"TASM",0.38623046875,8.07708878949903e-12,-84.989641618659
"TASM",0.386474609375,7.21204120197537e-12,-85.4816081971173
"TASM",0.38671875,6.87355362356673e-12,-85.6903769373189
"TASM",0.386962890625,7.05454650120437e-12,-85.5774991833375
"TASM",0.38720703125,7.72411111179304e-12,-85.1837050636452
"TASM",0.387451171875,8.83035583263867e-12,-84.6024081438066
"TASM",0.3876953125,1.03046007170983e-11,-83.9318785047966
"TASM",0.387939453125,1.20665745354962e-11,-83.2463501898415
"TASM",0.38818359375,1.40300546075729e-11,-82.5915965748224
"TASM",0.388427734375,1.61082749026088e-11,-81.9916998623288
"TASM",0.388671875,1.82184553099835e-11,-81.4570746724082
"TASM",0.388916015625,2.0284976741403e-11,-80.9904450478656
"TASM",0.38916015625,2.22410040868419e-11,-80.5906462896517
"TASM",0.389404296875,2.40286750879898e-11,-80.254891938756
"TASM",0.3896484375,2.55982525302658e-11,-79.9800869974283
"TASM",0.389892578125,2.69068162398539e-11,-79.763567061387
"TASM",0.39013671875,2.79171135771049e-11,-79.6034850543091
"TASM",0.390380859375,2.85970892409596e-11,-79.4989718821925
"TASM",0.390625,2.89204050883496e-11,-79.4501464703706
"TASM",0.390869140625,2.88679881312742e-11,-79.4580250079768
"TASM",0.39111328125,2.84303692751782e-11,-79.5243651819563
"TASM",0.391357421875,2.76103532676035e-11,-79.651470555038
"TASM",0.3916015625,2.64254353876806e-11,-79.8419686735794
"TASM",0.391845703125,2.49093765511624e-11,-80.0985616101399
"TASM",0.39208984375,2.31124665281386e-11,-80.4237272365337
"TASM",0.392333984375,2.11002223959207e-11,-80.8193198609156
"TASM",0.392578125,1.89505435986926e-11,-81.2859734659468
"TASM",0.392822265625,1.67496200651534e-11,-81.82214058569
"TASM",0.39306640625,1.45871064910845e-11,-82.422498653973
"TASM",0.393310546875,1.25511842399897e-11,-83.0753431419657
"TASM",0.3935546875,1.07241046527798e-11,-83.758579754093
"TASM",0.393798828125,9.17864797074618e-12,-84.4344030521501
"TASM",0.39404296875,7.97567920068279e-12,-85.0445134149057
"TASM",0.394287109375,7.16270276408565e-12,-85.5114208957165
"TASM",0.39453125,6.77309063815726e-12,-85.7543213145229
"TASM",0.394775390625,6.82555334222429e-12,-85.7208115381749
"TASM",0.39501953125,7.32347744906243e-12,-85.4150167027939
"TASM",0.395263671875,8.25395858039259e-12,-84.8955673367677
"TASM",0.3955078125,9.58665744090381e-12,-84.2455180982237
"TASM",0.395751953125,1.12729048275928e-11,-83.5418317841771
"TASM",0.39599609375,1.32456763261426e-11,-82.8414488053025
"TASM",0.396240234375,1.54210673562385e-11,-82.1810458478507
"TASM",0.396484375,1.77016935590858e-11,-81.5820420063206
"TASM",0.396728515625,1.99820546879895e-11,-81.0557887563039
"TASM",0.39697265625,2.21554271589946e-11,-80.607388911763
"TASM",0.397216796875,2.41214223266333e-11,-80.2381610634582
"TASM",0.3974609375,2.57930936745786e-11,-79.9471558346883
"TASM",0.397705078125,2.71024839078838e-11,-79.732099236379
"TASM",0.39794921875,2.80037884643454e-11,-79.5900223045975
"TASM",0.398193359375,2.84738109626651e-11,-79.5177342143379
"TASM",0.3984375,2.85099695915499e-11,-79.5122226477297
"TASM",0.398681640625,2.81266240158689e-11,-79.5710141109955
"TASM",0.39892578125,2.73507904996979e-11,-79.69249135925
"TASM",0.399169921875,2.62183189222448e-11,-79.876141769072
"TASM",0.3994140625,2.47713236682861e-11,-80.1226980491597
"TASM",0.399658203125,2.30571784592275e-11,-80.4341285791159
"TASM",0.39990234375,2.11288468929788e-11,-80.8134322279496
"TASM",0.400146484375,1.9045882351862e-11,-81.2641792154241
"TASM",0.400390625,1.68752153697274e-11,-81.7896969465212
"TASM",0.400634765625,1.46909061627106e-11,-82.3917043415194
"TASM",0.40087890625,1.25723446093287e-11,-83.0680274230098
"TASM",0.401123046875,1.06008291724762e-11,-83.8087918275965
"TASM",0.4013671875,8.85491331214812e-12,-84.5903470497878
"TASM",0.401611328125,7.40524281010176e-12,-85.3667971571978
"TASM",0.40185546875,6.30973536231415e-12,-86.0620787406126
"TASM",0.402099609375,5.60985723502684e-12,-86.5726720981002
"TASM",0.40234375,5.32847970897509e-12,-86.7961570255938
"TASM",0.402587890625,5.46944454764498e-12,-86.6827579530316
"TASM",0.40283203125,6.01863837042536e-12,-86.2672076932124
"TASM",0.403076171875,6.94615377613836e-12,-85.6447462523942
"TASM",0.4033203125,8.20903838994206e-12,-84.9192673219987
"TASM",0.403564453125,9.75418943877916e-12,-84.1702783297922
"TASM",0.40380859375,1.15210908233616e-11,-83.4472541858869
"TASM",0.404052734375,1.34442475518015e-11,-82.7768251824039
"TASM",0.404296875,1.54552954658892e-11,-82.1714170678534
"TASM",0.404541015625,1.74848274437185e-11,-81.6355766821756
"TASM",0.40478515625,1.9463987854362e-11,-81.1698719394786
"TASM",0.405029296875,2.13258743785531e-11,-80.7731217222961
"TASM",0.4052734375,2.30067838407244e-11,-80.4436310675569
"TASM",0.405517578125,2.44473656527127e-11,-80.1798695066976
"TASM",0.40576171875,2.55937974220386e-11,-79.9808429073503
"TASM",0.406005859375,2.63991438523867e-11,-79.8462917632494
"TASM",0.40625,2.68250639267471e-11,-79.7767825326312
"TASM",0.406494140625,2.68439629229923e-11,-79.7737238857342
"TASM",0.40673828125,2.6441540640619e-11,-79.8393226275133
"TASM",0.406982421875,2.56194930628309e-11,-79.9764848683194
"TASM",0.4072265625,2.43979356468165e-11,-80.1886593741191
"TASM",0.407470703125,2.28169960529414e-11,-80.4796055159549
"TASM",0.40771484375,2.09370234163013e-11,-80.8530408010078
"TASM",0.407958984375,1.88370000380744e-11,-81.3120728021267
"TASM",0.408203125,1.66109997083595e-11,-81.8582324826185
"TASM",0.408447265625,1.43628599582374e-11,-82.4897809286113
"TASM",0.40869140625,1.21995499780103e-11,-83.1987520833077
"TASM",0.408935546875,1.0223951437893e-11,-83.9660024087746
"TASM",0.4091796875,8.52787815087532e-12,-84.7537803248391
"TASM",0.409423828125,7.18612758053841e-12,-85.497240955863
"TASM",0.40966796875,6.25219997655267e-12,-86.1018615839461
"TASM",0.409912109375,5.75607869842515e-12,-86.4609229578981
"TASM",0.41015625,5.70418484797592e-12,-86.5002542818964
"TASM",0.410400390625,6.08134262099688e-12,-86.222195467473
"TASM",0.41064453125,6.85435002199048e-12,-85.7025274066879
"TASM",0.410888671875,7.97656445883758e-12,-85.0440313977798
"TASM",0.4111328125,9.39280169369394e-12,-84.3342386551346
"TASM",0.411376953125,1.10438271039111e-11,-83.6309941992384
"TASM",0.41162109375,1.2869806427712e-11,-82.9664700405493
"TASM",0.411865234375,1.48122863143652e-11,-82.3559692070666
"TASM",0.412109375,1.68145796794367e-11,-81.805330033096
"TASM",0.412353515625,1.88207940690532e-11,-81.3158107605075
"TASM",0.41259765625,2.0774090363882e-11,-80.886970024699
"TASM",0.412841796875,2.26150049511909e-11,-80.5182233170478
"TASM",0.4130859375,2.42807294207053e-11,-80.2095728956953
"TASM",0.413330078125,2.57060728130545e-11,-79.9618328551208
"TASM",0.41357421875,2.68264464539824e-11,-79.7765587089419
"TASM",0.413818359375,2.75826899409709e-11,-79.6558240135231
"TASM",0.4140625,2.79270288770595e-11,-79.6019428477633
"TASM",0.414306640625,2.7829066557032e-11,-79.6172037940219
"TASM",0.41455078125,2.72805813067555e-11,-79.7036539864556
"TASM",0.414794921875,2.62980799436158e-11,-79.8629497761574
"TASM",0.4150390625,2.49225099162466e-11,-80.0962724139961
"TASM",0.415283203125,2.32161414280009e-11,-80.4042897813333
"TASM",0.41552734375,2.12572318023877e-11,-80.787123104791
"TASM",0.415771484375,1.91335145845165e-11,-81.2442426711271
"TASM",0.416015625,1.69357036691405e-11,-81.7741577281694
"TASM",0.416259765625,1.47520411596989e-11,-82.3736690343138
"TASM",0.41650390625,1.26645108430783e-11,-83.0363059870597
"TASM",0.416748046875,1.07468195759283e-11,-83.7493906112731
"TASM",0.4169921875,9.0637735288155e-12,-84.4890997333868
"TASM",0.417236328125,7.67137699433209e-12,-85.213456930727
"TASM",0.41748046875,6.61692611173228e-12,-85.8556273377094
"TASM",0.417724609375,5.9385461848278e-12,-86.3253888048415
"TASM",0.41796875,5.66394812161054e-12,-86.5309975204722
"TASM",0.418212890625,5.80853923689706e-12,-86.4215209149016
"TASM",0.41845703125,6.37330331665728e-12,-86.0185443106244
"TASM",0.418701171875,7.34299169109511e-12,-85.4034598208294
"TASM",0.4189453125,8.68512656988314e-12,-84.674428669891
"TASM",0.419189453125,1.03501499925992e-11,-83.9127237530879
"TASM",0.41943359375,1.22728289425253e-11,-83.1727433776177
"TASM",0.419677734375,1.43748242808369e-11,-82.4861647432975
"TASM",0.419921875,1.65681985914757e-11,-81.8694372736594
"TASM",0.420166015625,1.87595880133067e-11,-81.3299572243272
"TASM",0.42041015625,2.08547725900373e-11,-80.8701356040617
"TASM",0.420654296875,2.27634067712809e-11,-80.489817597725
"TASM",0.4208984375,2.44036782716714e-11,-80.1876372807507
"TASM",0.421142578125,2.57066336463736e-11,-79.9617381054636
"TASM",0.42138671875,2.66198565824129e-11,-79.810133075358
"TASM",0.421630859375,2.7110147555252e-11,-79.7308713750132
"TASM",0.421875,2.71648752874697e-11,-79.7221130331758
"TASM",0.422119140625,2.67917813450916e-11,-79.782174287159
"TASM",0.42236328125,2.60172188357421e-11,-79.9095814896598
"TASM",0.422607421875,2.48830586454857e-11,-80.1031525574313
"TASM",0.4228515625,2.34427388111392e-11,-80.3621067000878
"TASM",0.423095703125,2.1757093124801e-11,-80.6861814825548
"TASM",0.42333984375,1.98906179004858e-11,-81.0757074421048
"TASM",0.423583984375,1.79087003430453e-11,-81.5315494917381
"TASM",0.423828125,1.58760624976474e-11,-82.05476218988
"TASM",0.424072265625,1.3856336504337e-11,-82.6457059712522
"TASM",0.42431640625,1.19123687729729e-11,-83.3022088939737
"TASM",0.424560546875,1.01066404338505e-11,-84.0161220388231
"TASM",0.4248046875,8.50115002080165e-12,-84.7674133857721
"TASM",0.425048828125,7.15624780648541e-12,-85.5153364796733
"TASM",0.42529296875,6.12820486745019e-12,-86.1888574342608
"TASM",0.425537109375,5.46566730126861e-12,-86.6857582649552
"TASM",0.42578125,5.20548959121692e-12,-86.8975743646008
"TASM",0.426025390625,5.36866951781793e-12,-86.7635234818996
"TASM",0.42626953125,5.95716027508054e-12,-86.3117973408833
"TASM",0.426513671875,6.95220138020878e-12,-85.6409667530034
"TASM",0.4267578125,8.31452680940723e-12,-84.8638148087652
"TASM",0.427001953125,9.98645337679061e-12,-84.0680774008865
"TASM",0.42724609375,1.18955173925662e-11,-83.3083568255409
"TASM",0.427490234375,1.39590949066422e-11,-82.6136175887606
"TASM",0.427734375,1.60893586090685e-11,-81.9968028726757
"TASM",0.427978515625,1.81979955409489e-11,-81.4619546458927
"TASM",0.42822265625,2.02002939088699e-11,-81.0086133050744
"TASM",0.428466796875,2.20184365041409e-11,-80.6343254173193
"TASM",0.4287109375,2.35840398220334e-11,-80.3360081937566
"TASM",0.428955078125,2.48400975805799e-11,-80.1106572130019
"TASM",0.42919921875,2.57425043672976e-11,-79.9556822377524
"TASM",0.429443359375,2.62612660217207e-11,-79.8690335983424
"TASM",0.4296875,2.63813920998967e-11,-79.8492131009365
"TASM",0.429931640625,2.61033658588133e-11,-79.8952250847803
"TASM",0.43017578125,2.54430417192631e-11,-80.0064998882116
"TASM",0.430419921875,2.44308472285346e-11,-80.1828049089231
"TASM",0.4306640625,2.31102550073259e-11,-80.4241428119279
"TASM",0.430908203125,2.15356064442192e-11,-80.7306191283399
"TASM",0.43115234375,1.97694715743277e-11,-81.1022395782092
"TASM",0.431396484375,1.78797856861402e-11,-81.5385670999499
"TASM",0.431640625,1.59369998413372e-11,-82.038124505528
"TASM",0.431884765625,1.40114295158026e-11,-82.5973657243686
"TASM",0.43212890625,1.21709089410451e-11,-83.2089600568858
"TASM",0.432373046875,1.04787879518063e-11,-83.8590796678223
"TASM",0.4326171875,8.99226345553193e-12,-84.5234999648787
"TASM",0.432861328125,7.76102246481019e-12,-85.1630007833541
"TASM",0.43310546875,6.82617549188716e-12,-85.7204156964922
"TASM",0.433349609375,6.21945820549616e-12,-86.1246646514421
"TASM",0.43359375,5.96266070337999e-12,-86.307789217217
"TASM",0.433837890625,6.06720754567523e-12,-86.232301674221
"TASM",0.43408203125,6.53377544149634e-12,-85.9105481468484
"TASM",0.434326171875,7.35182800660469e-12,-85.3982368053618
"TASM",0.4345703125,8.49899483536315e-12,-84.7685145353874
"TASM",0.434814453125,9.94033434819567e-12,-84.0881802650999
"TASM",0.43505859375,1.16276781098089e-11,-83.4072601822185
"TASM",0.435302734375,1.34994129707666e-11,-82.7590413549201
"TASM",0.435546875,1.54811556322891e-11,-82.1641564223781
"TASM",0.435791015625,1.7487756475937e-11,-81.6348492194661
"TASM",0.43603515625,1.94269074171475e-11,-81.1781534840592
"TASM",0.436279296875,2.12043364629637e-11,-80.7979433202713
"TASM",0.4365234375,2.2730208793835e-11,-80.4961559380812
"TASM",0.436767578125,2.39260115781358e-11,-80.2734871030823
"TASM",0.43701171875,2.47309750035997e-11,-80.1297778037473
"TASM",0.437255859375,2.51070496930115e-11,-80.064233367141
"TASM",0.4375,2.50416475438166e-11,-80.0755612022269
"TASM",0.437744140625,2.45477269364008e-11,-80.1620773522752
"TASM",0.43798828125,2.3661279505665e-11,-80.3218079306412
"TASM",0.438232421875,2.24367395914225e-11,-80.5525927146846
"TASM",0.4384765625,2.09411764195208e-11,-80.8521794333298
"TASM",0.438720703125,1.92482640861993e-11,-81.218274503112
"TASM",0.43896484375,1.74329320614577e-11,-81.6484858121231
"TASM",0.439208984375,1.55673164944417e-11,-82.1400526385333
"TASM",0.439453125,1.37182456929918e-11,-82.6892044208718
"TASM",0.439697265625,1.19461096000996e-11,-83.2899252398565
"TASM",0.43994140625,1.03046815451431e-11,-83.9318444393951
"TASM",0.440185546875,8.8413431954346e-12,-84.5970076991292
"TASM",0.4404296875,7.59722105131921e-12,-85.2556425590091
"TASM",0.440673828125,6.60693484723498e-12,-85.8621899473399
"TASM",0.44091796875,5.89790969388764e-12,-86.3552090032152
"TASM",0.441162109375,5.48942969940679e-12,-86.666917912246
"TASM",0.44140625,5.39174257659554e-12,-86.7448986980579
"TASM",0.441650390625,5.60552981308499e-12,-86.5760235215606
"TASM",0.44189453125,6.12194600324829e-12,-86.193295241519
"TASM",0.442138671875,6.92325124147809e-12,-85.6590892663195
"TASM",0.4423828125,7.98387858929394e-12,-85.0400509484778
"TASM",0.442626953125,9.27165793279835e-12,-84.3906161841496
"TASM",0.44287109375,1.07488982038955e-11,-83.7485506889517
"TASM",0.443115234375,1.23731172100165e-11,-83.1373989186976
"TASM",0.443359375,1.4097372420514e-11,-82.5708084590196
"TASM",0.443603515625,1.58703329785281e-11,-82.0563298000148
"TASM",0.44384765625,1.76363825250294e-11,-81.598095089644
"TASM",0.444091796875,1.93361062623581e-11,-81.1984999477937
"TASM",0.4443359375,2.09074728845891e-11,-80.8591747665841
"TASM",0.444580078125,2.22878834046134e-11,-80.5815019172264
"TASM",0.44482421875,2.3417062686063e-11,-80.3668660034553
"TASM",0.445068359375,2.42405685484957e-11,-80.2167621712926
"TASM",0.4453125,2.47135391397667e-11,-80.1328407521431
"TASM",0.445556640625,2.48042273656444e-11,-80.1169331525535
"TASM",0.44580078125,2.4496892397293e-11,-80.1710802431246
"TASM",0.446044921875,2.37937182313916e-11,-80.2975670456572
"TASM",0.4462890625,2.27155751454308e-11,-80.4989528148961
"TASM",0.446533203125,2.13015920443944e-11,-80.7780695579328
"TASM",0.44677734375,1.96076319608606e-11,-81.1379387234151
"TASM",0.447021484375,1.77038397385149e-11,-81.5815154932039
"TASM",0.447265625,1.56714586149075e-11,-82.111095987289
"TASM",0.447509765625,1.35991048183688e-11,-82.7270869764816
"TASM",0.44775390625,1.1578668348139e-11,-83.4256040440889
"TASM",0.447998046875,9.70099490632441e-12,-84.1940274231676
"TASM",0.4482421875,8.05151107517249e-12,-85.0034162421194
"TASM",0.448486328125,6.70598240029691e-12,-85.7975660957051
"TASM",0.44873046875,5.7266304195143e-12,-86.4831986298493
"TASM",0.448974609375,5.15886125872006e-12,-86.9366517065841
"TASM",0.44921875,5.02885658961865e-12,-87.0474976806073
"TASM",0.449462890625,5.34223569053441e-12,-86.784959744118
"TASM",0.44970703125,6.08391449720807e-12,-86.2203591698058
"TASM",0.449951171875,7.21917536016127e-12,-85.4773142752955
"TASM",0.4501953125,8.69584033477638e-12,-84.6690746184295
"TASM",0.450439453125,1.0447335217721e-11,-83.8721348897855
"TASM",0.45068359375,1.23963619019842e-11,-83.1292477223217
"TASM",0.450927734375,1.44588746189384e-11,-82.4608452714132
"TASM",0.451171875,1.6548080821299e-11,-81.8747138553321
"TASM",0.451416015625,1.8578247687313e-11,-81.3721427022377
"TASM",0.45166015625,2.04681704334766e-11,-80.9513999428886
"TASM",0.451904296875,2.21442269050137e-11,-80.609584959884
"TASM",0.4521484375,2.35429871049563e-11,-80.3435745412077
"TASM",0.452392578125,2.46133591405484e-11,-80.150481302104
"TASM",0.45263671875,2.53182392008198e-11,-80.0278552020717
"TASM",0.452880859375,2.56356075788059e-11,-79.9737540393836
"TASM",0.453125,2.55589954541796e-11,-79.9867523813331
"TASM",0.453369140625,2.50972561502315e-11,-80.0659277563254
"TASM",0.45361328125,2.42736189245921e-11,-80.2108448926854
"TASM",0.453857421875,2.31240788248413e-11,-80.4215457774961
"TASM",0.4541015625,2.16952651614421e-11,-80.6985405638542
"TASM",0.454345703125,2.00420073906635e-11,-81.0427780092343
"TASM",0.45458984375,1.82248537660155e-11,-81.4555496659001
"TASM",0.454833984375,1.63077769205186e-11,-81.938242569058
"TASM",0.455078125,1.43562197867723e-11,-82.4917892031821
"TASM",0.455322265625,1.24355123023524e-11,-83.1155533738465
"TASM",0.45556640625,1.06095574650882e-11,-83.8052174943261
"TASM",0.455810546875,8.93958481909232e-12,-84.5490166953167
"TASM",0.4560546875,7.48273555433152e-12,-85.3215862167754
"TASM",0.456298828125,6.2902943395809e-12,-86.0754805115535
"TASM",0.45654296875,5.40551254377533e-12,-86.733821393803
"TASM",0.456787109375,4.86114441578318e-12,-87.19480495501
"TASM",0.45703125,4.67699317653479e-12,-87.3625228257032
"TASM",0.457275390625,4.85788457416796e-12,-87.1977182733671
"TASM",0.45751953125,5.39250929839036e-12,-86.7442811623233
"TASM",0.457763671875,6.25348529245865e-12,-86.1009688610038
"TASM",0.4580078125,7.39880012221095e-12,-85.3705772380704
"TASM",0.458251953125,8.7745447034761e-12,-84.6299442796402
"TASM",0.45849609375,1.03186034504372e-11,-83.9259809626826
"TASM",0.458740234375,1.19647845966961e-11,-83.2831413449894
"TASM",0.458984375,1.36468049029744e-11,-82.711880360217
"TASM",0.459228515625,1.53016035845672e-11,-82.2148207227083
"TASM",0.45947265625,1.68716359226769e-11,-81.7906182378705
"TASM",0.459716796875,1.83060432305325e-11,-81.4362453523557
"TASM",0.4599609375,1.95608510738599e-11,-81.1483127226968
"TASM",0.460205078125,2.05985497024779e-11,-80.9238237511993
"TASM",0.46044921875,2.13875127644504e-11,-80.7605873712455
"TASM",0.460693359375,2.19016924676585e-11,-80.6574134234052
"TASM",0.4609375,2.21209017474679e-11,-80.614161920782
"TASM",0.461181640625,2.20317930741472e-11,-80.6316917489438
"TASM",0.46142578125,2.16294210938442e-11,-80.7117412305926
"TASM",0.461669921875,2.09190859255361e-11,-80.8567631506757
"TASM",0.4619140625,1.99180380959613e-11,-81.0697246018541
"TASM",0.462158203125,1.86566071108598e-11,-81.3538635303839
"TASM",0.46240234375,1.71783923643735e-11,-81.7123650081393
"TASM",0.462646484375,1.55393052600706e-11,-82.1478742064958
"TASM",0.462890625,1.38054387710702e-11,-82.6616880471855
"TASM",0.463134765625,1.20499242418708e-11,-83.2523470236765
"TASM",0.46337890625,1.0349078830638e-11,-83.913173238171
"TASM",0.463623046875,8.77822661798015e-12,-84.6281223050402
"TASM",0.4638671875,7.40758437561576e-12,-85.3654241188474
"TASM",0.464111328125,6.29854806862153e-12,-86.0697857075757
"TASM",0.46435546875,5.50062006030662e-12,-86.658073705395
"TASM",0.464599609375,5.0491080192927e-12,-87.0300435689139
"TASM",0.46484375,4.96363200469789e-12,-87.1041944270846
"TASM",0.465087890625,5.24741527605946e-12,-86.8627358360776
"TASM",0.46533203125,5.88731314213465e-12,-86.3630188261735
"TASM",0.465576171875,6.85454446424849e-12,-85.702404209008
"TASM",0.4658203125,8.10611284672927e-12,-84.9740637352517
"TASM",0.466064453125,9.58691506435969e-12,-84.2454013912873
"TASM",0.46630859375,1.1232512847179e-11,-83.5574209487914
"TASM",0.466552734375,1.29724825854679e-11,-82.9319592250715
"TASM",0.466796875,1.4734164080309e-11,-82.3789351699997
"TASM",0.467041015625,1.64465281442484e-11,-81.9014478630485
"TASM",0.46728515625,1.80438071102028e-11,-81.4989084306211
"TASM",0.467529296875,1.94685146581237e-11,-81.1688620039356
"TASM",0.4677734375,2.06735419873984e-11,-80.9080412841444
"TASM",0.468017578125,2.16231553951893e-11,-80.712999494766
"TASM",0.46826171875,2.22929111970528e-11,-80.5805223283512
"TASM",0.468505859375,2.26687041405631e-11,-80.5079232453327
"TASM",0.46875,2.27453239278765e-11,-80.4932689264702
"TASM",0.468994140625,2.25249672547558e-11,-80.5355485056432
"TASM",0.46923828125,2.20161167326566e-11,-80.634782996144
"TASM",0.469482421875,2.12330588270438e-11,-80.7920645588409
"TASM",0.4697265625,2.01961046082878e-11,-81.0095140735583
"TASM",0.469970703125,1.893235328106e-11,-81.2901441898511
"TASM",0.47021484375,1.74766573292958e-11,-81.6376064790781
"TASM",0.470458984375,1.58723560676789e-11,-82.0557762133577
"TASM",0.470703125,1.41713631647594e-11,-82.548073911716
"TASM",0.470947265625,1.24333150134767e-11,-83.1163208168982
"TASM",0.47119140625,1.07236759033507e-11,-83.7587533883865
"TASM",0.471435546875,9.11090261732746e-12,-84.4665761419999
"TASM",0.4716796875,7.66294466697624e-12,-85.2182332927863
"TASM",0.471923828125,6.44345976542573e-12,-85.9709989784911
"TASM",0.47216796875,5.50814268414529e-12,-86.6521383707767
"TASM",0.472412109375,4.90150874480403e-12,-87.1588923706709
"TASM",0.47265625,4.65436857121133e-12,-87.383582475445
"TASM",0.472900390625,4.78211383960238e-12,-87.2659910846
"TASM",0.47314453125,5.28383619735676e-12,-86.8326967315212
"TASM",0.473388671875,6.14224194343524e-12,-86.1789209952776
"TASM",0.4736328125,7.32430541356982e-12,-85.414525733723
"TASM",0.473876953125,8.78261149051992e-12,-84.6259534723504
"TASM",0.47412109375,1.0457351310565e-11,-83.8679732065387
"TASM",0.474365234375,1.2278934530468e-11,-83.1705833509379
"TASM",0.474609375,1.41711539761351e-11,-82.5481380199706
"TASM",0.474853515625,1.60547840153141e-11,-82.006145514816
"TASM",0.47509765625,1.78514247713655e-11,-81.5454613479853
"TASM",0.475341796875,1.94873406395627e-11,-81.1646644216059
"TASM",0.4755859375,2.08970052281336e-11,-80.8613496749849
"TASM",0.475830078125,2.20260719410282e-11,-80.6328196549633
"TASM",0.47607421875,2.28335451423963e-11,-80.4764567346447
"TASM",0.476318359375,2.32930234382897e-11,-80.3899315517951
"TASM",0.4765625,2.33930051309431e-11,-80.371330027903
"TASM",0.476806640625,2.31363611980418e-11,-80.4192396312388
"TASM",0.47705078125,2.253916867197e-11,-80.5328112525222
"TASM",0.477294921875,2.16291397545987e-11,-80.7117977207205
"TASM",0.4775390625,2.04438740024024e-11,-80.9565582317648
"TASM",0.477783203125,1.90291101443449e-11,-81.2680053895965
"TASM",0.47802734375,1.74370786808507e-11,-81.6474529165827
"TASM",0.478271484375,1.57249791535957e-11,-82.0962894048947
"TASM",0.478515625,1.3953547191148e-11,-82.6153439335828
"TASM",0.478759765625,1.21856477570946e-11,-83.2037039877783
"TASM",0.47900390625,1.04848322874396e-11,-83.8565753086944
"TASM",0.479248046875,8.91381784443599e-12,-84.5615526391806
"TASM",0.4794921875,7.53286996530297e-12,-85.2925854829491
"TASM",0.479736328125,6.39808370328508e-12,-86.0016910140159
"TASM",0.47998046875,5.55955473500643e-12,-86.6117900855861
"TASM",0.480224609375,5.05942207642126e-12,-87.0211810743494
"TASM",0.48046875,4.92976392366703e-12,-87.1339289656969
"TASM",0.480712890625,5.19035918627565e-12,-86.9102160567904
"TASM",0.48095703125,5.84640242495708e-12,-86.3933031306038
"TASM",0.481201171875,6.88637489830764e-12,-85.6822835660872
"TASM",0.4814453125,8.28040350355224e-12,-84.8816751842464
"TASM",0.481689453125,9.97953914345908e-12,-84.0710853289917
"TASM",0.48193359375,1.19164074021561e-11,-83.3007367626543
"TASM",0.482177734375,1.40075897284615e-11,-82.5985560575846
"TASM",0.482421875,1.61578729168012e-11,-81.978348308271
"TASM",0.482666015625,1.82661865551062e-11,-81.4457113002396
"TASM",0.48291015625,2.0232696371626e-11,-81.0016525466986
"TASM",0.483154296875,2.19662221731175e-11,-80.6446364699334
"TASM",0.4833984375,2.33909871937469e-11,-80.3717046769853
"TASM",0.483642578125,2.44517391182489e-11,-80.1790926532304
"TASM",0.48388671875,2.51165230066507e-11,-80.0625950098253
"TASM",0.484130859375,2.53767901784179e-11,-80.0178233002861
"TASM",0.484375,2.52450069859983e-11,-80.0404352365557
"TASM",0.484619140625,2.47503727891648e-11,-80.1263727422284
"TASM",0.48486328125,2.39335637903512e-11,-80.2721164749088
"TASM",0.485107421875,2.28415200928617e-11,-80.4749401623102
"TASM",0.4853515625,2.15231714618649e-11,-80.73312753412
"TASM",0.485595703125,2.00266920266133e-11,-81.0460979964143
"TASM",0.48583984375,1.83984670375191e-11,-81.414373798199
"TASM",0.486083984375,1.66835458773263e-11,-81.8393065893994
"TASM",0.486328125,1.49270368417332e-11,-82.3224541415789
"TASM",0.486572265625,1.31757328837331e-11,-82.8644423722234
"TASM",0.48681640625,1.14792644481133e-11,-83.463049580156
"TASM",0.487060546875,9.8902361174718e-12,-84.1101235889003
"TASM",0.4873046875,8.46306856154371e-12,-84.7869115964543
"TASM",0.487548828125,7.25157240017281e-12,-85.457868315146
"TASM",0.48779296875,6.30556313541524e-12,-86.0649514038094
"TASM",0.488037109375,5.6670354373818e-12,-86.5286309046713
"TASM",0.48828125,5.36651787067333e-12,-86.7652643895533
"TASM",0.488525390625,5.42021221303448e-12,-86.7220272842871
"TASM",0.48876953125,5.82839030544198e-12,-86.4067039172389
"TASM",0.489013671875,6.57529902399263e-12,-85.8830351090565
"TASM",0.4892578125,7.6305497133337e-12,-85.236631927265
"TASM",0.489501953125,8.95169430084636e-12,-84.5431377619299
"TASM",0.48974609375,1.04874743496107e-11,-83.8554810723305
"TASM",0.489990234375,1.21811244483853e-11,-83.2053163868424
"TASM",0.490234375,1.39731514921447e-11,-82.6092465131612
"TASM",0.490478515625,1.58031984861233e-11,-82.0747402404747
"TASM",0.49072265625,1.76108985305747e-11,-81.6043750407583
"TASM",0.490966796875,1.93359593420686e-11,-81.1985329466367
"TASM",0.4912109375,2.09179990241223e-11,-80.8569888046796
"TASM",0.491455078125,2.22967927725407e-11,-80.5797662135222
"TASM",0.49169921875,2.34135328303075e-11,-80.3675207023173
"TASM",0.491943359375,2.42134480830169e-11,-80.2216237991009
"TASM",0.4921875,2.464973210561e-11,-80.1440681516144
"TASM",0.492431640625,2.4688293467362e-11,-80.1372794770215
"TASM",0.49267578125,2.43124933930087e-11,-80.203895182195
"TASM",0.492919921875,2.35268804931034e-11,-80.3465467241688
"TASM",0.4931640625,2.23590272358967e-11,-80.5676611389706
"TASM",0.493408203125,2.08589055997177e-11,-80.8692750022727
"TASM",0.49365234375,1.90957289517769e-11,-81.2528277728032
"TASM",0.493896484375,1.71527063935963e-11,-81.7188636509768
"TASM",0.494140625,1.51205677177064e-11,-82.2665092135157
"TASM",0.494384765625,1.30909151096671e-11,-82.8924901225759
"TASM",0.49462890625,1.11503961305703e-11,-83.5892872240228
"TASM",0.494873046875,9.3763987322177e-12,-84.3418295138904
"TASM",0.4951171875,7.83453373847896e-12,-85.1220586373476
"TASM",0.495361328125,6.57771905830643e-12,-85.8814369852589
"TASM",0.49560546875,5.64633619571666e-12,-86.5445228540516
"TASM",0.495849609375,5.06877934524292e-12,-87.0131563299709
"TASM",0.49609375,4.86178677884715e-12,-87.1942311059744
"TASM",0.496337890625,5.03019607754642e-12,-87.0463410464026
"TASM",0.49658203125,5.56611272129051e-12,-86.6066702173236
"TASM",0.496826171875,6.44781753863158e-12,-85.9680627963206
"TASM",0.4970703125,7.63896399363253e-12,-85.2318455588933
"TASM",0.497314453125,9.08866852294522e-12,-84.4771875451257
"TASM",0.49755859375,1.07329637366301e-11,-83.754993568525
"TASM",0.497802734375,1.24978032526095e-11,-83.093853353893
"TASM",0.498046875,1.43034536801842e-11,-82.5077810495948
"TASM",0.498291015625,1.60697753800936e-11,-82.0020921253874
"TASM",0.49853515625,1.7721663272302e-11,-81.5771453855882
"TASM",0.498779296875,1.91938488803143e-11,-81.2305694773513
"TASM",0.4990234375,2.04343720500356e-11,-80.9585772252164
"TASM",0.499267578125,2.1406290227882e-11,-80.7567760954506
"TASM",0.49951171875,2.20875445351574e-11,-80.6207158068403
"TASM",0.499755859375,2.24692642429277e-11,-80.5463016720897
"TASM",0.5,1.12765409679974e-11,-83.5404311681787
"Sinc2",0,0.00127653063244325,-3.00679403020687
"Sinc2",0.000244140625,0.00255100108833656,0
"Sinc2",0.00048828125,0.00254366271327155,-0.0125112004445368
"Sinc2",0.000732421875,0.00253157926390743,-0.0331911416985743
"Sinc2",0.0009765625,0.00251499283609897,-0.0617389157783026
"Sinc2",0.001220703125,0.00249382039439848,-0.0984547162754679
"Sinc2",0.00146484375,0.00246770158113652,-0.144180045377538
"Sinc2",0.001708984375,0.00243611246363046,-0.200133101761061
"Sinc2",0.001953125,0.00239851023588718,-0.267690676914998
"Sinc2",0.002197265625,0.00235446608950059,-0.348182040515023
"Sinc2",0.00244140625,0.00230374942941905,-0.442754032300957
"Sinc2",0.002685546875,0.00224634441414831,-0.552342999391103
"Sinc2",0.0029296875,0.00218240360902767,-0.677755727262473
"Sinc2",0.003173828125,0.00211216545881881,-0.819827077601253
"Sinc2",0.00341796875,0.00203587492764552,-0.979595499447063
"Sinc2",0.003662109375,0.00195374559421586,-1.1584263221862
"Sinc2",0.00390625,0.00186598677176941,-1.35802083243848
"Sinc2",0.004150390625,0.00177289542427546,-1.58027524761478
"Sinc2",0.00439453125,0.00167498746801132,-1.82699081830309
"Sinc2",0.004638671875,0.00157312483639108,-2.09947456168661
"Sinc2",0.0048828125,0.00146858976356235,-2.39810147152111
"Sinc2",0.005126953125,0.00136306832261394,-2.72193018880016
"Sinc2",0.00537109375,0.00125852868339463,-3.06847525798398
"Sinc2",0.005615234375,0.00115700909571318,-3.43373870764876
"Sinc2",0.005859375,0.00106035751074686,-3.81258326961607
"Sinc2",0.006103515625,0.000969980969689257,-4.19947430080771
"Sinc2",0.00634765625,0.000886663503044944,-4.58951811545039
"Sinc2",0.006591796875,0.000810495984458634,-4.97959776382855
"Sinc2",0.0068359375,0.000740934474341166,-5.36930841704014
"Sinc2",0.007080078125,0.000676972611594716,-5.7613954518445
"Sinc2",0.00732421875,0.000617387037351882,-6.16153137091413
"Sinc2",0.007568359375,0.000560999576390162,-6.57748110572138
"Sinc2",0.0078125,0.000506899411345987,-7.01788857008788
"Sinc2",0.008056640625,0.000454581972642693,-7.49098434979229
"Sinc2",0.00830078125,0.000403984212399979,-8.00346250568784
"Sinc2",0.008544921875,0.000355421635937205,-8.55966782376453
"Sinc2",0.0087890625,0.00030945411008115,-9.1611438865092
"Sinc2",0.009033203125,0.000266720013621699,-9.80655039229537
"Sinc2",0.00927734375,0.00022777968430918,-10.4919565718748
"Sinc2",0.009521484375,0.000193000493118304,-11.211522252572
"Sinc2",0.009765625,0.000162500868858673,-11.9585495648915
"Sinc2",0.010009765625,0.000136153985532645,-12.7268028525743
"Sinc2",0.01025390625,0.000113638066893659,-13.5118680659819
"Sinc2",0.010498046875,9.45123181996149e-05,-14.3122222821505
"Sinc2",0.0107421875,7.8296265689451e-05,-15.1296959485128
"Sinc2",0.010986328125,6.45347255392743e-05,-15.9691717651615
"Sinc2",0.01123046875,5.28383934247829e-05,-16.8376103967003
"Sinc2",0.011474609375,4.28984021673516e-05,-17.742695275321
"Sinc2",0.01171875,3.44798396569271e-05,-18.6914540635422
"Sinc2",0.011962890625,2.74028413327468e-05,-19.6891504781909
"Sinc2",0.01220703125,2.15202934288283e-05,-20.7386245526093
"Sinc2",0.012451171875,1.66991464504742e-05,-21.8401637042979
"Sinc2",0.0126953125,1.28090704156129e-05,-22.9919303077779
"Sinc2",0.012939453125,9.7189251716115e-06,-24.1909240549476
"Sinc2",0.01318359375,7.29916484368868e-06,-25.4343747206426
"Sinc2",0.013427734375,5.42722748572099e-06,-26.7213261820063
"Sinc2",0.013671875,3.99308085609704e-06,-28.05402539559
"Sinc2",0.013916015625,2.90299098085641e-06,-29.4386495734534
"Sinc2",0.01416015625,2.08074128238856e-06,-30.8849256013351
"Sinc2",0.014404296875,1.46652993765523e-06,-32.4041971082451
"Sinc2",0.0146484375,1.01437113282097e-06,-34.0051376242015
"Sinc2",0.014892578125,6.88980518080212e-07,-35.6850370211622
"Sinc2",0.01513671875,4.62941438288357e-07,-37.4118458729612
"Sinc2",0.015380859375,3.14596896773229e-07,-39.089562095251
"Sinc2",0.015625,2.26754451583423e-07,-40.5115482212316
"Sinc2",0.015869140625,1.86034456173899e-07,-41.3711725483502
"Sinc2",0.01611328125,1.82575917251432e-07,-41.4526715270267
"Sinc2",0.016357421875,2.09823440211465e-07,-40.8485664056087
"Sinc2",0.0166015625,2.64207284617002e-07,-39.84765856257
"Sinc2",0.016845703125,3.44643865271837e-07,-38.6934009152104
"Sinc2",0.01708984375,4.51883623436015e-07,-37.5168404139876
"Sinc2",0.017333984375,5.87792399735221e-07,-36.3748667762871
"Sinc2",0.017578125,7.54665023704235e-07,-35.2895642158749
"Sinc2",0.017822265625,9.54644345748852e-07,-34.2686903926993
"Sinc2",0.01806640625,1.18927317177469e-06,-33.3142902193402
"Sinc2",0.018310546875,1.45916135187085e-06,-32.4260732571299
"Sinc2",0.0185546875,1.76372338003719e-06,-31.6028017190927
"Sinc2",0.018798828125,2.10094286038893e-06,-30.8429640288926
"Sinc2",0.01904296875,2.46714763439003e-06,-30.1451550539574
"Sinc2",0.019287109375,2.85682128712373e-06,-29.5082757062426
"Sinc2",0.01953125,3.26251485985322e-06,-28.9315814545125
"Sinc2",0.019775390625,3.67493894815562e-06,-28.4146051535736
"Sinc2",0.02001953125,4.08330031166999e-06,-27.9569932203923
"Sinc2",0.020263671875,4.47589983381584e-06,-27.5583028500665
"Sinc2",0.0205078125,4.84094335282944e-06,-27.2178064319787
"Sinc2",0.020751953125,5.16745442805392e-06,-26.9343398863412
"Sinc2",0.02099609375,5.44613972467772e-06,-26.7062186460555
"Sinc2",0.021240234375,5.67005735098069e-06,-26.5312319221592
"Sinc2",0.021484375,5.83497788696835e-06,-26.4067142937075
"Sinc2",0.021728515625,5.93939593769258e-06,-26.3296836629721
"Sinc2",0.02197265625,5.98422690847362e-06,-26.2970259125128
"Sinc2",0.022216796875,5.97228737153828e-06,-26.3056994717284
"Sinc2",0.0224609375,5.90769101211227e-06,-26.352928714112
"Sinc2",0.022705078125,5.79528892117504e-06,-26.4363555152403
"Sinc2",0.02294921875,5.64024753816172e-06,-26.5541247925427
"Sinc2",0.023193359375,5.44780336334849e-06,-26.7048922042072
"Sinc2",0.0234375,5.22317809590976e-06,-26.8877580956469
"Sinc2",0.023681640625,4.97159680914626e-06,-27.1021474328482
"Sinc2",0.02392578125,4.69833467785915e-06,-27.3476669412305
"Sinc2",0.024169921875,4.40872598518986e-06,-27.623975368607
"Sinc2",0.0244140625,4.1080965458324e-06,-27.9307000233973
"Sinc2",0.024658203125,3.80161648212558e-06,-28.2674234201567
"Sinc2",0.02490234375,3.49410270279266e-06,-28.6337497776262
"Sinc2",0.025146484375,3.18982017866225e-06,-29.0294444284747
"Sinc2",0.025390625,2.89233367239557e-06,-29.4546225024981
"Sinc2",0.025634765625,2.60444786752921e-06,-29.9099497518322
"Sinc2",0.02587890625,2.32824928231159e-06,-30.3968116613872
"Sinc2",0.026123046875,2.06523589349429e-06,-30.9174097947877
"Sinc2",0.0263671875,1.81649807035297e-06,-31.4747570304093
"Sinc2",0.026611328125,1.58290315958081e-06,-32.072562979168
"Sinc2",0.02685546875,1.36523826961592e-06,-32.7150219020968
"Sinc2",0.027099609375,1.16427999664272e-06,-33.4065320793188
"Sinc2",0.02734375,9.80781361209495e-07,-34.1513843998249
"Sinc2",0.027587890625,8.15388776917105e-07,-34.9534591440359
"Sinc2",0.02783203125,6.68519347383215e-07,-35.8159666334971
"Sinc2",0.028076171875,5.40236952258444e-07,-36.7412635724248
"Sinc2",0.0283203125,4.30163097242834e-07,-37.7307749342361
"Sinc2",0.028564453125,3.37447043036203e-07,-38.7850501701292
"Sinc2",0.02880859375,2.60803239192787e-07,-39.9039766283497
"Sinc2",0.029052734375,1.9860745115323e-07,-41.087151060078
"Sinc2",0.029296875,1.49030522508111e-07,-42.33435419781
"Sinc2",0.029541015625,1.10183100702358e-07,-43.6459565404654
"Sinc2",0.02978515625,8.02462901395107e-08,-45.0228568018946
"Sinc2",0.030029296875,5.75704740209384e-08,-46.4651083855098
"Sinc2",0.0302734375,4.07346010987386e-08,-47.967471761365
"Sinc2",0.030517578125,2.85679674914055e-08,-49.5083130090886
"Sinc2",0.03076171875,2.01435225296196e-08,-51.0257522527223
"Sinc2",0.031005859375,1.47548061003606e-08,-52.3777713728186
"Sinc2",0.03125,1.18878974790949e-08,-53.3160559280456
"Sinc2",0.031494140625,1.11963075837717e-08,-53.5763582304354
"Sinc2",0.03173828125,1.24821029700534e-08,-53.1042288295813
"Sinc2",0.031982421875,1.56821629387613e-08,-52.1130468199992
"Sinc2",0.0322265625,2.0855386434926e-08,-50.8749240248061
"Sinc2",0.032470703125,2.81654151044092e-08,-49.569944876039
"Sinc2",0.03271484375,3.78541053225923e-08,-48.2859765775175
"Sinc2",0.032958984375,5.02033220677866e-08,-47.0597818754574
"Sinc2",0.033203125,6.54861610856765e-08,-45.905611118273
"Sinc2",0.033447265625,8.39127375904057e-08,-44.8288275403789
"Sinc2",0.03369140625,1.05579298367436e-07,-43.8313187234479
"Sinc2",0.033935546875,1.30431555087324e-07,-42.9132797165048
"Sinc2",0.0341796875,1.58252779327739e-07,-42.0735929780367
"Sinc2",0.034423828125,1.88683697218002e-07,-41.3097626632585
"Sinc2",0.03466796875,2.21274668343156e-07,-40.6177894541342
"Sinc2",0.034912109375,2.55562111046239e-07,-39.9921417697067
"Sinc2",0.03515625,2.91152673893534e-07,-39.42589860949
"Sinc2",0.035400390625,3.27792822162489e-07,-38.911112045105
"Sinc2",0.03564453125,3.65400703191401e-07,-38.4394126510278
"Sinc2",0.035888671875,4.04042756876613e-07,-38.0028331815648
"Sinc2",0.0361328125,4.43849247277321e-07,-37.5947515619523
"Sinc2",0.036376953125,4.84878496863715e-07,-37.2107771921384
"Sinc2",0.03662109375,5.26955348870011e-07,-36.8493682670914
"Sinc2",0.036865234375,5.69520883304129e-07,-36.5120099039054
"Sinc2",0.037109375,6.11533902943327e-07,-36.2029010492001
"Sinc2",0.037353515625,6.51458228550957e-07,-35.9282406987918
"Sinc2",0.03759765625,6.87353999102806e-07,-35.6953018010776
"Sinc2",0.037841796875,7.17069170802731e-07,-35.5114959275978
"Sinc2",0.0380859375,7.38504343719557e-07,-35.3835758981362
"Sinc2",0.038330078125,7.49905598657967e-07,-35.3170404791812
"Sinc2",0.03857421875,7.50130949218958e-07,-35.3157355975634
"Sinc2",0.038818359375,7.38838827801106e-07,-35.3816093328021
"Sinc2",0.0390625,7.16561326970848e-07,-35.5145727843391
"Sinc2",0.039306640625,6.84647474667908e-07,-35.7124363329918
"Sinc2",0.03955078125,6.45087414954751e-07,-35.9709207459122
"Sinc2",0.039794921875,6.00251145961478e-07,-36.2837764603601
"Sinc2",0.0400390625,5.52590426490095e-07,-36.6430728730591
"Sinc2",0.040283203125,5.04356636246541e-07,-37.0397290431197
"Sinc2",0.04052734375,4.57380457303564e-07,-37.4643303951803
"Sinc2",0.040771484375,4.129435094057e-07,-37.9081999957694
"Sinc2",0.041015625,3.71751649028658e-07,-38.3645774023683
"Sinc2",0.041259765625,3.33999389357645e-07,-38.8296497109035
"Sinc2",0.04150390625,2.99499182057611e-07,-39.3031500323935
"Sinc2",0.041748046875,2.67841004049289e-07,-39.7883357954763
"Sinc2",0.0419921875,2.38547675387713e-07,-40.2913545511418
"Sinc2",0.042236328125,2.1119845494768e-07,-40.8201990716301
"Sinc2",0.04248046875,1.85505082186459e-07,-41.3835483163882
"Sinc2",0.042724609375,1.61337251288949e-07,-41.9897599032085
"Sinc2",0.04296875,1.38705442047678e-07,-42.6461714313076
"Sinc2",0.043212890625,1.17715965712879e-07,-43.3587527407656
"Sinc2",0.04345703125,9.85152234506588e-08,-44.1320729715456
"Sinc2",0.043701171875,8.12380424937067e-08,-44.9695119376456
"Sinc2",0.0439453125,6.59700206656669e-08,-45.873640237665
"Sinc2",0.044189453125,5.27279307806381e-08,-46.8466991538733
"Sinc2",0.04443359375,4.14570872456508e-08,-47.8911185837816
"Sinc2",0.044677734375,3.20412371661854e-08,-49.0100136731532
"Sinc2",0.044921875,2.43193279770379e-08,-50.2075907411081
"Sinc2",0.045166015625,1.81040763854524e-08,-51.4893427054998
"Sinc2",0.04541015625,1.31988743067021e-08,-52.8617375081138
"Sinc2",0.045654296875,9.41140062340446e-09,-54.3305638308562
"Sinc2",0.0458984375,6.56374498591731e-09,-55.8955894435821
"Sinc2",0.046142578125,4.49960742820746e-09,-57.5353601882924
"Sinc2",0.04638671875,3.08925502854067e-09,-59.1685688162104
"Sinc2",0.046630859375,2.23264167274714e-09,-60.5789161721068
"Sinc2",0.046875,1.8607312084813e-09,-61.3702700214596
"Sinc2",0.047119140625,1.93483933712283e-09,-61.2006573546759
"Sinc2",0.04736328125,2.44382651046755e-09,-60.1864027220052
"Sinc2",0.047607421875,3.39921048679535e-09,-58.7533258598187
"Sinc2",0.0478515625,4.82862508394844e-09,-57.2288715775032
"Sinc2",0.048095703125,6.76841183742109e-09,-55.7622386755069
"Sinc2",0.04833984375,9.25638946297669e-09,-54.4026902460664
"Sinc2",0.048583984375,1.23259253949275e-08,-53.1589110914301
"Sinc2",0.048828125,1.60022844864689e-08,-52.0252865692215
"Sinc2",0.049072265625,2.03018324179554e-08,-50.9917540533529
"Sinc2",0.04931640625,2.52340499642309e-08,-50.0472368525202
"Sinc2",0.049560546875,3.08055579334077e-08,-49.1808156498873
"Sinc2",0.0498046875,3.70246234892635e-08,-48.3821999310437
"Sinc2",0.050048828125,4.39041321808013e-08,-47.6420524668393
"Sinc2",0.05029296875,5.14609802075996e-08,-46.9523258967749
"Sinc2",0.050537109375,5.9710403072328e-08,-46.306606410168
"Sinc2",0.05078125,6.8654893604802e-08,-45.7003914544053
"Sinc2",0.051025390625,7.82688732103494e-08,-45.1312156230361
"Sinc2",0.05126953125,8.84818052572007e-08,-44.5985666911402
"Sinc2",0.051513671875,9.91635473451414e-08,-44.1035858964528
"Sinc2",0.0517578125,1.10116051136317e-07,-43.6486001509561
"Sinc2",0.052001953125,1.21074830503706e-07,-43.2365677415628
"Sinc2",0.05224609375,1.31721979846343e-07,-42.8705239414413
"Sinc2",0.052490234375,1.41710243217325e-07,-42.5530940047741
"Sinc2",0.052734375,1.50695211547417e-07,-42.2861119139013
"Sinc2",0.052978515625,1.58370727639109e-07,-42.0703573178902
"Sinc2",0.05322265625,1.64501499455394e-07,-41.9054078293119
"Sinc2",0.053466796875,1.68947056108286e-07,-41.7896001527028
"Sinc2",0.0537109375,1.71672552174322e-07,-41.7200978025332
"Sinc2",0.053955078125,1.72744281853146e-07,-41.6930696353877
"Sinc2",0.05419921875,1.72310631448241e-07,-41.7039856994586
"Sinc2",0.054443359375,1.70571984947288e-07,-41.7480294051965
"Sinc2",0.0546875,1.67745219141202e-07,-41.8206049257953
"Sinc2",0.054931640625,1.64029429108652e-07,-41.9178887052317
"Sinc2",0.05517578125,1.59579188380731e-07,-42.0373439197113
"Sinc2",0.055419921875,1.54490028736664e-07,-42.1781018993443
"Sinc2",0.0556640625,1.48798257328927e-07,-42.3411279895277
"Sinc2",0.055908203125,1.42494260447095e-07,-42.5291327222504
"Sinc2",0.05615234375,1.35545716015161e-07,-42.7462484783728
"Sinc2",0.056396484375,1.27925243860158e-07,-42.9975439036555
"Sinc2",0.056640625,1.19636366961808e-07,-43.2884742770191
"Sinc2",0.056884765625,1.10732351507841e-07,-43.6243612121969
"Sinc2",0.05712890625,1.01324332098849e-07,-44.0099689421581
"Sinc2",0.057373046875,9.15776369902416e-08,-44.4492121080936
"Sinc2",0.0576171875,8.16977893732372e-08,-44.9450033859712
"Sinc2",0.057861328125,7.19096755083261e-08,-45.4992331488505
"Sinc2",0.05810546875,6.24344132948719e-08,-46.1128660894822
"Sinc2",0.058349609375,5.34683752010525e-08,-46.7861365694918
"Sinc2",0.05859375,4.5167763344616e-08,-47.5188205855983
"Sinc2",0.058837890625,3.76404806104237e-08,-48.3105548383736
"Sinc2",0.05908203125,3.0945276391597e-08,-49.1611627789188
"Sinc2",0.059326171875,2.50967177805795e-08,-50.0709371695382
"Sinc2",0.0595703125,2.00737385973612e-08,-51.0408237947777
"Sinc2",0.059814453125,1.58294240917198e-08,-52.0724552930507
"Sinc2",0.06005859375,1.23001678015437e-08,-53.1679960767453
"Sinc2",0.060302734375,9.41312495635554e-09,-54.3297682004064
"Sinc2",0.060546875,7.09168870996942e-09,-55.5596097992413
"Sinc2",0.060791015625,5.25930003852968e-09,-56.8578269624768
"Sinc2",0.06103515625,3.84216083485994e-09,-58.2213510319328
"Sinc2",0.061279296875,2.7713755960737e-09,-59.6401525551708
"Sinc2",0.0615234375,1.98481836603009e-09,-61.0898987397314
"Sinc2",0.061767578125,1.42875994525180e-09,-62.5175137746087
"Sinc2",0.06201171875,1.05911932535941e-09,-63.8176575137254
"Sinc2",0.062255859375,8.42178200956847e-10,-64.8130664799494
"Sinc2",0.0625,7.54697816946954e-10,-65.2893755014853
"Sinc2",0.062744140625,7.83529295362708e-10,-65.1265540495666
"Sinc2",0.06298828125,9.24923668609212e-10,-64.4060475079725
"Sinc2",0.063232421875,1.18376301287117e-09,-63.3344587774303
"Sinc2",0.0634765625,1.5728362637317e-09,-62.1002713008068
"Sinc2",0.063720703125,2.11211233720507e-09,-60.8199363053785
"Sinc2",0.06396484375,2.82779386114109e-09,-59.5526289655916
"Sinc2",0.064208984375,3.75084651079603e-09,-58.3258135123778
"Sinc2",0.064453125,4.9147444500139e-09,-57.1520970297328
"Sinc2",0.064697265625,6.35235686951545e-09,-56.0377575552792
"Sinc2",0.06494140625,8.09217718186406e-09,-54.9864526061723
"Sinc2",0.065185546875,1.01543793142596e-08,-54.0005726156175
"Sinc2",0.0654296875,1.2547376535232e-08,-53.0815771292692
"Sinc2",0.065673828125,1.52655782695403e-08,-52.229973836037
"Sinc2",0.06591796875,1.82888566810932e-08,-51.4452408727495
"Sinc2",0.066162109375,2.15838758190161e-08,-50.7258121023454
"Sinc2",0.06640625,2.51069884642945e-08,-50.0691602085691
"Sinc2",0.066650390625,2.88079935495715e-08,-49.4719763277349
"Sinc2",0.06689453125,3.2633797467312e-08,-48.9304303001546
"Sinc2",0.067138671875,3.65310276742822e-08,-48.4404875413447
"Sinc2",0.0673828125,4.04469314444863e-08,-47.9982506497297
"Sinc2",0.067626953125,4.4328399234287e-08,-47.6002859534317
"Sinc2",0.06787109375,4.81195508551151e-08,-47.2438907888426
"Sinc2",0.068115234375,5.17588430764467e-08,-46.9272608355752
"Sinc2",0.068359375,5.51769368466521e-08,-46.6495305698403
"Sinc2",0.068603515625,5.82964966648956e-08,-46.4106818733026
"Sinc2",0.06884765625,6.10346742231006e-08,-46.2113401305581
"Sinc2",0.069091796875,6.33083485556371e-08,-46.052496591119
"Sinc2",0.0693359375,6.50414338293247e-08,-45.9352053724065
"Sinc2",0.069580078125,6.6172935759757e-08,-45.8603024136435
"Sinc2",0.06982421875,6.66641224479572e-08,-45.8281847736753
"Sinc2",0.070068359375,6.65032749060245e-08,-45.8386761154374
"Sinc2",0.0703125,6.57069801056646e-08,-45.890991364287
"Sinc2",0.070556640625,6.43176951039452e-08,-45.9838017129935
"Sinc2",0.07080078125,6.23981389567124e-08,-46.1153900698153
"Sinc2",0.071044921875,6.00237388714427e-08,-46.2838759981117
"Sinc2",0.0712890625,5.72746970226894e-08,-46.4874784339943
"Sinc2",0.071533203125,5.42291811222823e-08,-46.724775973919
"Sinc2",0.07177734375,5.09587168466395e-08,-46.9949216007316
"Sinc2",0.072021484375,4.7526212451227e-08,-47.2977743883648
"Sinc2",0.072265625,4.3986365371105e-08,-47.6339256653774
"Sinc2",0.072509765625,4.03876700740395e-08,-48.0046184403299
"Sinc2",0.07275390625,3.67749894890021e-08,-48.411580866235
"Sinc2",0.072998046875,3.31917035186425e-08,-48.8568110134436
"Sinc2",0.0732421875,2.96807524083099e-08,-49.3423573776365
"Sinc2",0.073486328125,2.62843316230539e-08,-49.8701370595192
"Sinc2",0.07373046875,2.30424285678182e-08,-50.4418239405457
"Sinc2",0.073974609375,1.99907020377435e-08,-51.0588259786109
"Sinc2",0.07421875,1.71583275935869e-08,-51.722356886017
"Sinc2",0.074462890625,1.45663646271068e-08,-52.4335946682392
"Sinc2",0.07470703125,1.22269959877043e-08,-53.1939087420094
"Sinc2",0.074951171875,1.01437303630619e-08,-54.005129474597
"Sinc2",0.0751953125,8.31242314822402e-09,-54.8698300079504
"Sinc2",0.075439453125,6.7228216057099e-09,-55.7915905676238
"Sinc2",0.07568359375,5.3602968946968e-09,-56.7752179894733
"Sinc2",0.075927734375,4.207475992574e-09,-57.8268899727818
"Sinc2",0.076171875,3.24559381352177e-09,-58.9541647701198
"Sinc2",0.076416015625,2.45550561650532e-09,-60.1656971205803
"Sinc2",0.07666015625,1.81839534459068e-09,-61.4702233304469
"Sinc2",0.076904296875,1.31626706302425e-09,-62.8736662982008
"Sinc2",0.0771484375,9.32313260389971e-10,-64.3714878261233
"Sinc2",0.077392578125,6.5122889509822e-10,-65.9297698189046
"Sinc2",0.07763671875,4.59503391161702e-10,-67.4442192304094
"Sinc2",0.077880859375,3.45691915238048e-10,-68.6802142115909
"Sinc2",0.078125,3.00651979092176e-10,-69.2864657688605
"Sinc2",0.078369140625,3.17731875854787e-10,-69.0464985710085
"Sinc2",0.07861328125,3.92906280835618e-10,-68.1242167257599
"Sinc2",0.078857421875,5.24861139745556e-10,-66.8666622471417
"Sinc2",0.0791015625,7.15026521464233e-10,-65.5238849312454
"Sinc2",0.079345703125,9.67540312343319e-10,-64.2104157504634
"Sinc2",0.07958984375,1.28910277613178e-09,-62.9642310021916
"Sinc2",0.079833984375,1.68866312548508e-09,-61.7916762388724
"Sinc2",0.080078125,2.17687692782373e-09,-60.688767674834
"Sinc2",0.080322265625,2.76529625466594e-09,-59.6496897846083
"Sinc2",0.08056640625,3.46530357329968e-09,-58.6696935748989
"Sinc2",0.080810546875,4.28686579117751e-09,-57.7457075661868
"Sinc2",0.0810546875,5.23724825049537e-09,-56.8760748353687
"Sinc2",0.081298828125,6.31986800662553e-09,-56.0600263595796
"Sinc2",0.08154296875,7.53346348836795e-09,-55.2971595613047
"Sinc2",0.081787109375,8.87170679961563e-09,-54.5870346348145
"Sinc2",0.08203125,1.03232940264454e-08,-53.9289234686915
"Sinc2",0.082275390625,1.18724412484823e-08,-53.3217061476741
"Sinc2",0.08251953125,1.34996215222839e-08,-52.7638905118266
"Sinc2",0.082763671875,1.51823316856169e-08,-52.2537216874809
"Sinc2",0.0830078125,1.68956962439895e-08,-51.7893455084892
"Sinc2",0.083251953125,1.86127979647632e-08,-51.368989806326
"Sinc2",0.08349609375,2.03047488861831e-08,-50.9911302106065
"Sinc2",0.083740234375,2.19406432584459e-08,-50.6546128776964
"Sinc2",0.083984375,2.34876232033715e-08,-50.358715727048
"Sinc2",0.084228515625,2.49113058294351e-08,-50.1031415041333
"Sinc2",0.08447265625,2.61767552881522e-08,-49.8879483085294
"Sinc2",0.084716796875,2.72500488121713e-08,-49.7134335934173
"Sinc2",0.0849609375,2.81003186300221e-08,-49.5799939948739
"Sinc2",0.085205078125,2.8701999901564e-08,-49.4879848527948
"Sinc2",0.08544921875,2.90369232883728e-08,-49.4376004666115
"Sinc2",0.085693359375,2.9095887098311e-08,-49.4287904105005
"Sinc2",0.0859375,2.88794301755448e-08,-49.4612202404212
"Sinc2",0.086181640625,2.83976791341353e-08,-49.5342779611484
"Sinc2",0.08642578125,2.76693205551949e-08,-49.6471214910923
"Sinc2",0.086669921875,2.67199040025295e-08,-49.7987575039103
"Sinc2",0.0869140625,2.5579777886666e-08,-49.9881387478336
"Sinc2",0.087158203125,2.42819793649538e-08,-50.2142655818541
"Sinc2",0.08740234375,2.28603465015006e-08,-50.4762783504545
"Sinc2",0.087646484375,2.13480198404707e-08,-50.7735304613607
"Sinc2",0.087890625,1.97763853104608e-08,-51.1056372888592
"Sinc2",0.088134765625,1.81744136020323e-08,-51.4725023665997
"Sinc2",0.08837890625,1.65682946236816e-08,-51.8743283515059
"Sinc2",0.088623046875,1.49812552775829e-08,-52.3116243952277
"Sinc2",0.0888671875,1.34334753016271e-08,-52.7852226271605
"Sinc2",0.089111328125,1.19420601186673e-08,-53.2963139071872
"Sinc2",0.08935546875,1.05210702906723e-08,-53.846507217858
"Sinc2",0.089599609375,9.18162848961236e-09,-54.4379092768899
"Sinc2",0.08984375,7.93212119204114e-09,-55.0732130287946
"Sinc2",0.090087890625,6.77848873004776e-09,-55.7557776556627
"Sinc2",0.09033203125,5.72456673671195e-09,-56.4896802117415
"Sinc2",0.090576171875,4.77241942945766e-09,-57.2797203875798
"Sinc2",0.0908203125,3.92260192814705e-09,-58.131364064192
"Sinc2",0.091064453125,3.17430845420351e-09,-59.0506151811926
"Sinc2",0.09130859375,2.52540044846597e-09,-60.0438039063878
"Sinc2",0.091552734375,1.97235126311755e-09,-61.1172638133657
"Sinc2",0.091796875,1.51017773077972e-09,-62.276825820607
"Sinc2",0.092041015625,1.13244207045271e-09,-63.5269464877249
"Sinc2",0.09228515625,8.31395595496555e-10,-64.869029244889
"Sinc2",0.092529296875,5.98302185232039e-10,-66.2979005483626
"Sinc2",0.0927734375,4.23934872599001e-10,-67.7941150108221
"Sinc2",0.093017578125,2.99196482722285e-10,-69.3075416012637
"Sinc2",0.09326171875,2.15786520694237e-10,-70.7268633130807
"Sinc2",0.093505859375,1.66827377147875e-10,-71.8444332200043
"Sinc2",0.09375,1.47372333380731e-10,-72.382946840329
"Sinc2",0.093994140625,1.54739108528715e-10,-72.1711055338922
"Sinc2",0.09423828125,1.88636950729007e-10,-71.3108387635161
"Sinc2",0.094482421875,2.51075599856618e-10,-70.0690613493405
"Sinc2",0.0947265625,3.46058708554305e-10,-68.675608611749
"Sinc2",0.094970703125,4.79075575962512e-10,-67.2630661349671
"Sinc2",0.09521484375,6.56419307955595e-10,-65.8952929696138
"Sinc2",0.095458984375,8.84381627529137e-10,-64.6007093208711
"Sinc2",0.095703125,1.16840431678109e-09,-63.3911749104657
"Sinc2",0.095947265625,1.51229751645572e-09,-62.2707340494755
"Sinc2",0.09619140625,1.91765308098773e-09,-61.2394060135079
"Sinc2",0.096435546875,2.38357304774023e-09,-60.294821778991
"Sinc2",0.0966796875,2.90679028129324e-09,-59.4329694441144
"Sinc2",0.096923828125,3.48218224502146e-09,-58.6485914709026
"Sinc2",0.09716796875,4.10358409231709e-09,-57.9354730630347
"Sinc2",0.097412109375,4.76471862445713e-09,-57.2867338497439
"Sinc2",0.09765625,5.46000640223725e-09,-56.6951749194787
"Sinc2",0.097900390625,6.18502196422245e-09,-56.1536939766088
"Sinc2",0.09814453125,6.93642993570889e-09,-55.6557464003089
"Sinc2",0.098388671875,7.71135701623119e-09,-55.1957983357231
"Sinc2",0.0986328125,8.50630375725028e-09,-54.7696975672839
"Sinc2",0.098876953125,9.31583439035063e-09,-54.3748888451123
"Sinc2",0.09912109375,1.01313650946494e-08,-54.0104267798707
"Sinc2",0.099365234375,1.09403748813282e-08,-53.6767844016812
"Sinc2",0.099609375,1.17262837191786e-08,-53.3755024609791
"Sinc2",0.099853515625,1.24690981067373e-08,-53.1087560191704
"Sinc2",0.10009765625,1.31467521591112e-08,-52.8789216814691
"Sinc2",0.100341796875,1.37369176031268e-08,-52.6882135062635
"Sinc2",0.1005859375,1.42189589256179e-08,-52.5384284422334
"Sinc2",0.100830078125,1.45756936746518e-08,-52.4308141137796
"Sinc2",0.10107421875,1.4794682885636e-08,-52.3660498311552
"Sinc2",0.101318359375,1.48689007386103e-08,-52.3443178167961
"Sinc2",0.1015625,1.47967788005222e-08,-52.3654346237817
"Sinc2",0.101806640625,1.45817480687145e-08,-52.4290105330721
"Sinc2",0.10205078125,1.42314795412048e-08,-52.5346059109098
"Sinc2",0.102294921875,1.37570364599141e-08,-52.6818575561339
"Sinc2",0.1025390625,1.31721041360206e-08,-52.8705548839464
"Sinc2",0.102783203125,1.24923786062654e-08,-53.100655059817
"Sinc2",0.10302734375,1.17351041435717e-08,-53.3722369578086
"Sinc2",0.103271484375,1.09186812340118e-08,-53.6854045674974
"Sinc2",0.103515625,1.0062240179655e-08,-54.040159644304
"Sinc2",0.103759765625,9.18509507404331e-09,-54.4362698788752
"Sinc2",0.10400390625,8.30604776219260e-09,-54.8731621979265
"Sinc2",0.104248046875,7.44258065384751e-09,-55.3498709418146
"Sinc2",0.1044921875,6.61003721919212e-09,-55.8650673901527
"Sinc2",0.104736328125,5.82092060100578e-09,-56.4171896846699
"Sinc2",0.10498046875,5.08443487864571e-09,-57.0046795462374
"Sinc2",0.105224609375,4.40635267420393e-09,-57.6263138976882
"Sinc2",0.10546875,3.78922943512146e-09,-58.2815974160322
"Sinc2",0.105712890625,3.23291669537689e-09,-58.9711612988011
"Sinc2",0.10595703125,2.73527163543117e-09,-59.6971018199507
"Sinc2",0.106201171875,2.29293111441647e-09,-60.4631963629742
"Sinc2",0.1064453125,1.90201999622793e-09,-61.274955654635
"Sinc2",0.106689453125,1.5586927705795e-09,-62.1395012279752
"Sinc2",0.10693359375,1.25945454371364e-09,-63.065281463511
"Sinc2",0.107177734375,1.00125970291235e-09,-64.0616390616102
"Sinc2",0.107421875,7.81431708454672e-10,-65.1381961411302
"Sinc2",0.107666015625,5.97476727090049e-10,-66.3038965057985
"Sinc2",0.10791015625,4.4687338551969e-10,-67.5652615378019
"Sinc2",0.108154296875,3.26912018146291e-10,-68.9227975721123
"Sinc2",0.1083984375,2.34634421941889e-10,-70.3631891845487
"Sinc2",0.108642578125,1.66896152769732e-10,-71.8426431829942
"Sinc2",0.10888671875,1.20544490708224e-10,-73.2556327745609
"Sinc2",0.109130859375,9.26814675478938e-11,-74.3971774196377
"Sinc2",0.109375,8.09656979733318e-11,-74.9840957978182
"Sinc2",0.109619140625,8.39000963733026e-11,-74.829481842045
"Sinc2",0.10986328125,1.01054465039801e-10,-74.0215513653879
"Sinc2",0.110107421875,1.33181338571092e-10,-72.8226726833373
"Sinc2",0.1103515625,1.82199028323757e-10,-71.4616458736374
"Sinc2",0.110595703125,2.51035845240747e-10,-70.0697490536543
"Sinc2",0.11083984375,3.43351579654849e-10,-68.7097159410344
"Sinc2",0.111083984375,4.63173050686925e-10,-67.4096736147808
"Sinc2",0.111328125,6.14495631895103e-10,-66.181918438159
"Sinc2",0.111572265625,8.00907866297261e-10,-65.0312808468817
"Sinc2",0.11181640625,1.02528880318258e-09,-63.9586442927044
"Sinc2",0.112060546875,1.28960766170836e-09,-62.9625303923093
"Sinc2",0.1123046875,1.59482681935328e-09,-62.0399711354261
"Sinc2",0.112548828125,1.94087942157244e-09,-61.1871208850108
"Sinc2",0.11279296875,2.32667139136024e-09,-60.3997559408175
"Sinc2",0.113037109375,2.75005254638126e-09,-59.6736965174116
"Sinc2",0.11328125,3.20771709428383e-09,-59.0051458534401
"Sinc2",0.113525390625,3.69502787941394e-09,-58.3909292434794
"Sinc2",0.11376953125,4.20580263366419e-09,-57.828617552677
"Sinc2",0.114013671875,4.73214058520498e-09,-57.3165300547092
"Sinc2",0.1142578125,5.26438956960356e-09,-56.8536262391269
"Sinc2",0.114501953125,5.79134645590424e-09,-56.4393109737018
"Sinc2",0.11474609375,6.3007442275513e-09,-56.0731879367323
"Sinc2",0.114990234375,6.78001422555996e-09,-55.7548003880572
"Sinc2",0.115234375,7.21723749517418e-09,-55.4833964717999
"Sinc2",0.115478515625,7.60213546169064e-09,-55.2577503990747
"Sinc2",0.11572265625,7.92691701813151e-09,-55.0760633202977
"Sinc2",0.115966796875,8.18680934679371e-09,-54.9359596717179
"Sinc2",0.1162109375,8.38015492652225e-09,-54.8345859625216
"Sinc2",0.116455078125,8.50804614444259e-09,-54.7688080720637
"Sinc2",0.11669921875,8.5735705461396e-09,-54.7354891817258
"Sinc2",0.116943359375,8.5808282406247e-09,-54.7318143495227
"Sinc2",0.1171875,8.53393505778705e-09,-54.7556131028597
"Sinc2",0.117431640625,8.43622657237069e-09,-54.8056240878979
"Sinc2",0.11767578125,8.28982810926452e-09,-54.8816511840607
"Sinc2",0.117919921875,8.09566697466503e-09,-54.9845800927415
"Sinc2",0.1181640625,7.85389817682075e-09,-55.1162537740609
"Sinc2",0.118408203125,7.56462036767157e-09,-55.2792350616239
"Sinc2",0.11865234375,7.22869772264185e-09,-55.47650579353
"Sinc2",0.118896484375,6.84848943442282e-09,-55.7111585380818
"Sinc2",0.119140625,6.42832204518538e-09,-55.9861301803241
"Sinc2",0.119384765625,5.97460927524482e-09,-56.3040113513575
"Sinc2",0.11962890625,5.49560923546243e-09,-56.6669479919338
"Sinc2",0.119873046875,5.00088750411478e-09,-57.0766355877018
"Sinc2",0.1201171875,4.50060799625073e-09,-57.5343945643351
"Sinc2",0.120361328125,4.00479191141868e-09,-58.041306887841
"Sinc2",0.12060546875,3.52266873563126e-09,-58.5983883893287
"Sinc2",0.120849609375,3.06220175187047e-09,-59.2067684327981
"Sinc2",0.12109375,2.62981850475134e-09,-59.8678486692639
"Sinc2",0.121337890625,2.23032932888813e-09,-60.5834164848703
"Sinc2",0.12158203125,1.86698564508007e-09,-61.3556966514435
"Sinc2",0.121826171875,1.54161901210763e-09,-62.1873358625059
"Sinc2",0.1220703125,1.25480985808748e-09,-63.0813272193257
"Sinc2",0.122314453125,1.00605435693605e-09,-64.0408919768677
"Sinc2",0.12255859375,7.93920024356493e-10,-65.0693388797765
"Sinc2",0.122802734375,6.16197388389568e-10,-66.1699079056551
"Sinc2",0.123046875,4.70062040492008e-10,-67.3455546241473
"Sinc2",0.123291015625,3.52258188211673e-10,-68.5984954685631
"Sinc2",0.12353515625,2.59304734410231e-10,-69.9290019766215
"Sinc2",0.123779296875,1.87712981733614e-10,-71.3321633557509
"Sinc2",0.1240234375,1.34196261860342e-10,-72.7897022549735
"Sinc2",0.124267578125,9.58493421606029e-11,-74.2512150734702
"Sinc2",0.12451171875,7.02800617247612e-11,-75.5987850964282
"Sinc2",0.124755859375,5.56855659044063e-11,-76.6096800635766
"Sinc2",0.125,5.08774090962833e-11,-77.0018565689449
"Sinc2",0.125244140625,5.52698923317433e-11,-76.6422202533614
"Sinc2",0.12548828125,6.88511646863458e-11,-75.6879935271258
"Sinc2",0.125732421875,9.21551647806469e-11,-74.4219096388383
"Sinc2",0.1259765625,1.26244542098433e-10,-73.0549803245137
"Sinc2",0.126220703125,1.72702169413114e-10,-71.6941285086428
"Sinc2",0.12646484375,2.33615006956366e-10,-70.3820990635627
"Sinc2",0.126708984375,3.11522926858492e-10,-69.1322062936137
"Sinc2",0.126953125,4.09300620239145e-10,-67.946682411337
"Sinc2",0.127197265625,5.2994588582588e-10,-66.8247911898519
"Sinc2",0.12744140625,6.76263543257417e-10,-65.7659466825112
"Sinc2",0.127685546875,8.50459403916159e-10,-64.7705705619287
"Sinc2",0.1279296875,1.05368872297088e-09,-63.839983118235
"Sinc2",0.128173828125,1.28563138352015e-09,-62.9759417845541
"Sinc2",0.12841796875,1.5441834766095e-09,-62.1801174287748
"Sinc2",0.128662109375,1.82535437739578e-09,-61.4536345224778
"Sinc2",0.12890625,2.1234353368028e-09,-60.7967160357131
"Sinc2",0.129150390625,2.43146055052476e-09,-60.2084341618635
"Sinc2",0.12939453125,2.74192132240319e-09,-59.6865565505053
"Sinc2",0.129638671875,3.04763063170946e-09,-59.2274831388035
"Sinc2",0.1298828125,3.34258480462225e-09,-58.8262820934687
"Sinc2",0.130126953125,3.62264631910689e-09,-58.476847081912
"Sinc2",0.13037109375,3.88588750865468e-09,-58.1722041970314
"Sinc2",0.130615234375,4.13249104754058e-09,-57.9049872248667
"Sinc2",0.130859375,4.3641912079056e-09,-57.6680687385629
"Sinc2",0.131103515625,4.58334205685913e-09,-57.4552837384848
"Sinc2",0.13134765625,4.79179122992788e-09,-57.2621275556084
"Sinc2",0.131591796875,4.98979681937586e-09,-57.0862778204162
"Sinc2",0.1318359375,5.17523276326551e-09,-56.9278075632898
"Sinc2",0.132080078125,5.34327908208078e-09,-56.789027857048
"Sinc2",0.13232421875,5.48669570320182e-09,-56.673997693698
"Sinc2",0.132568359375,5.59665365488507e-09,-56.587822121745
"Sinc2",0.1328125,5.66397430494304e-09,-56.5358936941767
"Sinc2",0.133056640625,5.68053588105623e-09,-56.5232133649084
"Sinc2",0.13330078125,5.64056930268733e-09,-56.5538770435366
"Sinc2",0.133544921875,5.54159155810358e-09,-56.6307613085545
"Sinc2",0.1337890625,5.38480767004303e-09,-56.7554044774141
"Sinc2",0.134033203125,5.17493067119885e-09,-56.9280610799003
"Sinc2",0.13427734375,4.91949333783574e-09,-57.1479026712457
"Sinc2",0.134521484375,4.6278254825015e-09,-57.4133367075621
"Sinc2",0.134765625,4.30992357104802e-09,-57.7224107511697
"Sinc2",0.135009765625,3.97543568071383e-09,-58.0732591257103
"Sinc2",0.13525390625,3.63292986627733e-09,-58.4645363000611
"Sinc2",0.135498046875,3.28952617018253e-09,-58.8957729806955
"Sinc2",0.1357421875,2.95087715769553e-09,-59.3675951329733
"Sinc2",0.135986328125,2.62140397871151e-09,-59.881766896367
"Sinc2",0.13623046875,2.30465239661213e-09,-60.4410521248323
"Sinc2",0.136474609375,2.0036324056622e-09,-61.0489259677606
"Sinc2",0.13671875,1.72104033091376e-09,-61.709195961759
"Sinc2",0.136962890625,1.45931881223428e-09,-62.4256046285069
"Sinc2",0.13720703125,1.22056901050268e-09,-63.2014830460293
"Sinc2",0.137451171875,1.00637384385054e-09,-64.0395130317196
"Sinc2",0.1376953125,8.17610729298304e-10,-64.9416406192898
"Sinc2",0.137939453125,6.54325546311552e-10,-65.909167674502
"Sinc2",0.13818359375,5.15712710582003e-10,-66.9430280845798
"Sinc2",0.138427734375,4.00210626974342e-10,-68.0442202742168
"Sinc2",0.138671875,3.05689422826407e-10,-69.2143023195041
"Sinc2",0.138916015625,2.29687743186296e-10,-70.4557282331126
"Sinc2",0.13916015625,1.69651168342597e-10,-71.7715378903105
"Sinc2",0.139404296875,1.23134539684507e-10,-73.1633075269758
"Sinc2",0.1396484375,8.79481874103546e-11,-74.6248375070585
"Sinc2",0.139892578125,6.22464124176076e-11,-76.1259631803944
"Sinc2",0.14013671875,4.45695655042724e-11,-77.5767224359713
"Sinc2",0.140380859375,3.38557846338282e-11,-78.7707776053492
"Sinc2",0.140625,2.94355519537803e-11,-79.3783846009874
"Sinc2",0.140869140625,3.10150726429075e-11,-79.1513784119502
"Sinc2",0.14111328125,3.86474293679749e-11,-78.1959003175629
"Sinc2",0.141357421875,5.26871123523288e-11,-76.8500624725295
"Sinc2",0.1416015625,7.37253806294770e-11,-75.3909362048773
"Sinc2",0.141845703125,1.02510043539778e-10,-73.9594422591412
"Sinc2",0.14208984375,1.39860828994582e-10,-72.6101454579565
"Sinc2",0.142333984375,1.86596964198855e-10,-71.3580607009068
"Sinc2",0.142578125,2.43493989653854e-10,-70.2022239822931
"Sinc2",0.142822265625,3.11280890904811e-10,-69.1355818311875
"Sinc2",0.14306640625,3.90677246963237e-10,-68.1489252523594
"Sinc2",0.143310546875,4.82456080780078e-10,-67.2325285935971
"Sinc2",0.1435546875,5.875054348732e-10,-66.3769875537596
"Sinc2",0.143798828125,7.06854422014641e-10,-65.5738066464501
"Sinc2",0.14404296875,8.41630596098945e-10,-64.8158912873367
"Sinc2",0.144287109375,9.92926013048868e-10,-64.0979375523862
"Sinc2",0.14453125,1.16156804127407e-09,-63.4166598930567
"Sinc2",0.144775390625,1.34781438077474e-09,-62.7708055804127
"Sinc2",0.14501953125,1.55101487147616e-09,-62.1609468194757
"Sinc2",0.145263671875,1.76930004782793e-09,-61.5890915464332
"Sinc2",0.1455078125,1.99936331944056e-09,-61.0581892366675
"Sinc2",0.145751953125,2.2363973281815e-09,-60.5716167915701
"Sinc2",0.14599609375,2.47422535599174e-09,-60.1327139063487
"Sinc2",0.146240234375,2.70563846459917e-09,-59.74440879466
"Sinc2",0.146484375,2.92291364878716e-09,-59.4089465864515
"Sinc2",0.146728515625,3.11845442896565e-09,-59.1277124195272
"Sinc2",0.14697265625,3.28546977249288e-09,-58.9011316801438
"Sinc2",0.147216796875,3.41859536213338e-09,-58.7286294479097
"Sinc2",0.1474609375,3.51436578721121e-09,-58.6086368152643
"Sinc2",0.147705078125,3.57146681822315e-09,-58.538640243564
"Sinc2",0.14794921875,3.59073008216041e-09,-58.515278837782
"Sinc2",0.148193359375,3.57487240421286e-09,-58.534500984934
"Sinc2",0.1484375,3.52802187703071e-09,-58.5917937439385
"Sinc2",0.148681640625,3.45510555435234e-09,-58.6824932417376
"Sinc2",0.14892578125,3.36119405577877e-09,-58.8021705706479
"Sinc2",0.149169921875,3.25090301878991e-09,-58.9470663011323
"Sinc2",0.1494140625,3.12793959912185e-09,-59.1145228570166
"Sinc2",0.149658203125,2.99485614906198e-09,-59.3033467699075
"Sinc2",0.14990234375,2.85303719135625e-09,-59.5140321086389
"Sinc2",0.150146484375,2.70290592918688e-09,-59.7487971293605
"Sinc2",0.150390625,2.54429961033784e-09,-60.011423924772
"Sinc2",0.150634765625,2.37693555188443e-09,-60.3069323744514
"Sinc2",0.15087890625,2.2008764695789e-09,-60.6411497666298
"Sinc2",0.151123046875,2.01690736534344e-09,-61.0202469195928
"Sinc2",0.1513671875,1.8267558920191e-09,-61.450301271003
"Sinc2",0.151611328125,1.63311995352266e-09,-61.9369255882621
"Sinc2",0.15185546875,1.43950391932786e-09,-62.4849779222695
"Sinc2",0.152099609375,1.2499006210199e-09,-63.0983516005208
"Sinc2",0.15234375,1.06838307722292e-09,-63.7798364354715
"Sinc2",0.152587890625,8.98682550567881e-10,-64.5310433467816
"Sinc2",0.15283203125,7.43826207379534e-10,-65.3523916801536
"Sinc2",0.153076171875,6.05890082407572e-10,-66.2431680014569
"Sinc2",0.1533203125,4.85896094926708e-10,-67.201672351753
"Sinc2",0.153564453125,3.83852153853421e-10,-68.2254666205061
"Sinc2",0.15380859375,2.98908636669568e-10,-69.3117218016309
"Sinc2",0.154052734375,2.29587869951361e-10,-70.4576170508188
"Sinc2",0.154296875,1.74038124228443e-10,-71.660662500451
"Sinc2",0.154541015625,1.30269479985171e-10,-72.9186796437868
"Sinc2",0.15478515625,9.63425984794021e-11,-74.2289228829605
"Sinc2",0.155029296875,7.04983682556783e-11,-75.5853157889853
"Sinc2",0.1552734375,5.12319256190017e-11,-76.9716996418355
"Sinc2",0.155517578125,3.73251036367177e-11,-78.3470962163451
"Sinc2",0.15576171875,2.78552569228646e-11,-79.6180347536582
"Sinc2",0.156005859375,2.21959860974979e-11,-80.6043619977243
"Sinc2",0.15625,2.00185528876414e-11,-81.0527796413806
"Sinc2",0.156494140625,2.12946401050396e-11,-80.7844033931533
"Sinc2",0.15673828125,2.62944785325587e-11,-79.8684608150976
"Sinc2",0.156982421875,3.55713486869347e-11,-78.5561031212933
"Sinc2",0.1572265625,4.99248694327306e-11,-77.0839370614872
"Sinc2",0.157470703125,7.03406495634406e-11,-75.5950426938481
"Sinc2",0.15771484375,9.79109285688972e-11,-74.158794745389
"Sinc2",0.157958984375,1.33747240259296e-10,-72.8042581434049
"Sinc2",0.158203125,1.78899466435948e-10,-71.5410159859862
"Sinc2",0.158447265625,2.34294336457219e-10,-70.3694885326956
"Sinc2",0.15869140625,3.007003344972e-10,-69.2857673268609
"Sinc2",0.158935546875,3.78716594284464e-10,-68.2839630880615
"Sinc2",0.1591796875,4.68773534472114e-10,-67.357475591367
"Sinc2",0.159423828125,5.71126155095881e-10,-66.4997859447329
"Sinc2",0.15966796875,6.85820053033901e-10,-65.7050046437628
"Sinc2",0.159912109375,8.12616769671476e-10,-64.9682486343605
"Sinc2",0.16015625,9.50878253475968e-10,-64.2858572866818
"Sinc2",0.160400390625,1.09942686509022e-09,-63.655442989134
"Sinc2",0.16064453125,1.25641267748637e-09,-63.0757833401586
"Sinc2",0.160888671875,1.41922869711593e-09,-62.5465825978715
"Sinc2",0.1611328125,1.58451318935461e-09,-62.0681478532126
"Sinc2",0.161376953125,1.74826532020159e-09,-61.6410330120399
"Sinc2",0.16162109375,1.90607794765582e-09,-61.265699870745
"Sinc2",0.161865234375,2.05346475194603e-09,-60.9422339137463
"Sinc2",0.162109375,2.18623485087614e-09,-60.6701383076226
"Sinc2",0.162353515625,2.30085326920974e-09,-60.4482172031576
"Sinc2",0.16259765625,2.39472459843331e-09,-60.2745506863048
"Sinc2",0.162841796875,2.46635078190328e-09,-60.146557987988
"Sinc2",0.1630859375,2.51533911715336e-09,-60.0611409912169
"Sinc2",0.163330078125,2.54226706374941e-09,-60.0148947288373
"Sinc2",0.16357421875,2.54843867512393e-09,-60.0043645657715
"Sinc2",0.163818359375,2.53558659772875e-09,-60.0263219632422
"Sinc2",0.1640625,2.50557941654067e-09,-60.0780247125162
"Sinc2",0.164306640625,2.46018618892494e-09,-60.1574266778074
"Sinc2",0.16455078125,2.40093143286894e-09,-60.2633088648187
"Sinc2",0.164794921875,2.32905023919175e-09,-60.3953178723143
"Sinc2",0.1650390625,2.24553089000862e-09,-60.5539161020473
"Sinc2",0.165283203125,2.15121659913171e-09,-60.7402650357946
"Sinc2",0.16552734375,2.04693151716666e-09,-60.9560733089094
"Sinc2",0.165771484375,1.9335988433287e-09,-61.2034426628698
"Sinc2",0.166015625,1.81232820110178e-09,-61.4847379546402
"Sinc2",0.166259765625,1.68446150225404e-09,-61.8024955410293
"Sinc2",0.16650390625,1.55157753257858e-09,-62.1593716166593
"Sinc2",0.166748046875,1.4154628159224e-09,-62.5581217891839
"Sinc2",0.1669921875,1.27805907877923e-09,-63.0015971417524
"Sinc2",0.167236328125,1.14139663821999e-09,-63.4927405481542
"Sinc2",0.16748046875,1.00752010490824e-09,-64.034569227144
"Sinc2",0.167724609375,8.7840994397924e-10,-64.6301340035879
"Sinc2",0.16796875,7.55902095271841e-10,-65.2824509473695
"Sinc2",0.168212890625,6.41608436344736e-10,-65.9944057815301
"Sinc2",0.16845703125,5.3684280029405e-10,-66.7686351081863
"Sinc2",0.168701171875,4.42559349819876e-10,-67.6073912350161
"Sinc2",0.1689453125,3.59311118193097e-10,-68.5123998807142
"Sinc2",0.169189453125,2.87235658652466e-10,-69.4847228981795
"Sinc2",0.16943359375,2.26071910847258e-10,-70.5246403874334
"Sinc2",0.169677734375,1.75208200177806e-10,-71.6315621552804
"Sinc2",0.169921875,1.33756762287937e-10,-72.8039489619005
"Sinc2",0.170166015625,1.00646410333401e-10,-74.0391235399009
"Sinc2",0.17041015625,7.47227332790078e-11,-75.3325789434534
"Sinc2",0.170654296875,5.48448575328577e-11,-76.6757473121335
"Sinc2",0.1708984375,3.99691816641697e-11,-78.0498538736142
"Sinc2",0.171142578125,2.92131401149603e-11,-79.411324021782
"Sinc2",0.17138671875,2.18953773472247e-11,-80.663582096242
"Sinc2",0.171630859375,1.75521703391107e-11,-81.6237981893071
"Sinc2",0.171875,1.59330934003738e-11,-82.0441054189706
"Sinc2",0.172119140625,1.69814460969184e-11,-81.7673597299309
"Sinc2",0.17236328125,2.08065770937113e-11,-80.8851000393084
"Sinc2",0.172607421875,2.7655653415814e-11,-79.6492671995893
"Sinc2",0.1728515625,3.78914040678031e-11,-78.2816994551728
"Sinc2",0.173095703125,5.19798196675988e-11,-76.9087587541371
"Sinc2",0.17333984375,7.04879307659814e-11,-75.5859588222758
"Sinc2",0.173583984375,9.40872485866151e-11,-74.3317987534094
"Sinc2",0.173828125,1.23554271943251e-10,-73.1485287797312
"Sinc2",0.174072265625,1.59756909510625e-10,-72.0325099335438
"Sinc2",0.17431640625,2.03615895617684e-10,-70.9789896497534
"Sinc2",0.174560546875,2.5603393166569e-10,-69.9841311858685
"Sinc2",0.1748046875,3.17792141192764e-10,-69.0456749072882
"Sinc2",0.175048828125,3.89422253007416e-10,-68.1628987883009
"Sinc2",0.17529296875,4.71071641434756e-10,-67.3362368344438
"Sinc2",0.175537109375,5.62384492727059e-10,-66.5667730701661
"Sinc2",0.17578125,6.62423773413623e-10,-65.8557473364754
"Sinc2",0.176025390625,7.69654204369854e-10,-65.2041499776676
"Sinc2",0.17626953125,8.8199646398971e-10,-64.6124379988723
"Sinc2",0.176513671875,9.96949339757858e-10,-64.0803755380903
"Sinc2",0.1767578125,1.11176272365669e-09,-63.6069853542632
"Sinc2",0.177001953125,1.22363380129765e-09,-63.1905917859293
"Sinc2",0.17724609375,1.32989447137584e-09,-62.8289346331537
"Sinc2",0.177490234375,1.42816132304004e-09,-62.5193337640498
"Sinc2",0.177734375,1.51642966144822e-09,-62.2588837323178
"Sinc2",0.177978515625,1.59310736817309e-09,-62.0446559763791
"Sinc2",0.17822265625,1.65699880834044e-09,-61.8738844780438
"Sinc2",0.178466796875,1.70725946019464e-09,-61.7441111600188
"Sinc2",0.1787109375,1.74334553454524e-09,-61.6532717022352
"Sinc2",0.178955078125,1.76497877658474e-09,-61.5997115641745
"Sinc2",0.17919921875,1.77213650491393e-09,-61.5821347202658
"Sinc2",0.179443359375,1.7650642537849e-09,-61.5995012422263
"Sinc2",0.1796875,1.74429743593135e-09,-61.6509010150229
"Sinc2",0.179931640625,1.71067290211931e-09,-61.7354366789122
"Sinc2",0.18017578125,1.66531296902064e-09,-61.8521477965717
"Sinc2",0.180419921875,1.60957280106668e-09,-62.0000001926411
"Sinc2",0.1806640625,1.54495410913317e-09,-62.1779506009773
"Sinc2",0.180908203125,1.47299984249331e-09,-62.3850794348952
"Sinc2",0.18115234375,1.39519189868397e-09,-62.6207669807028
"Sinc2",0.181396484375,1.31287433143287e-09,-62.8848748656037
"Sinc2",0.181640625,1.22721788709499e-09,-63.1778896726075
"Sinc2",0.181884765625,1.13923009390381e-09,-63.5009919512542
"Sinc2",0.18212890625,1.04980232083035e-09,-63.8560311535201
"Sinc2",0.182373046875,9.59775290179569e-10,-64.2454107924802
"Sinc2",0.1826171875,8.70000503631506e-10,-64.6719113986751
"Sinc2",0.182861328125,7.81377942954503e-10,-65.1384949626793
"Sinc2",0.18310546875,6.94858976766678e-10,-65.6481397142788
"Sinc2",0.183349609375,6.1141462999199e-10,-66.2037481753607
"Sinc2",0.18359375,5.31979571611591e-10,-66.8081568849064
"Sinc2",0.183837890625,4.57388257924912e-10,-67.4642563269103
"Sinc2",0.18408203125,3.88320118961373e-10,-68.1752075185995
"Sinc2",0.184326171875,3.25265947682729e-10,-68.9447204482174
"Sinc2",0.1845703125,2.68519857171994e-10,-69.7773423638539
"Sinc2",0.184814453125,2.1819322800775e-10,-70.6786937648848
"Sinc2",0.18505859375,1.74241635162694e-10,-71.6555870584577
"Sinc2",0.185302734375,1.36494331115929e-10,-72.715960292653
"Sinc2",0.185546875,1.04678416087873e-10,-73.8685350128111
"Sinc2",0.185791015625,7.84348992403522e-11,-75.1220130091444
"Sinc2",0.18603515625,5.73292480301606e-11,-76.4833439858642
"Sinc2",0.186279296875,4.08626398554405e-11,-77.9538422389708
"Sinc2",0.1865234375,2.8490712978834e-11,-79.5200732631769
"Sinc2",0.186767578125,1.96541150699726e-11,-81.1325714948339
"Sinc2",0.18701171875,1.38206378652563e-11,-82.6618255635679
"Sinc2",0.187255859375,1.05339157333864e-11,-83.8412080401961
"Sinc2",0.1875,9.46025213808924e-12,-84.3080793236247
"Sinc2",0.187744140625,1.04242292718138e-11,-83.8866668915619
"Sinc2",0.18798828125,1.34255639635393e-11,-82.7877810586379
"Sinc2",0.188232421875,1.86335473899166e-11,-81.364151016537
"Sinc2",0.1884765625,2.63601516356069e-11,-79.8576273970442
"Sinc2",0.188720703125,3.70172030422107e-11,-78.3830704279966
"Sinc2",0.18896484375,5.10658975882724e-11,-76.9857967396303
"Sinc2",0.189208984375,6.89678566605053e-11,-75.6806391442437
"Sinc2",0.189453125,9.11458923054801e-11,-74.4697354291843
"Sinc2",0.189697265625,1.17960037735168e-10,-73.3497574108372
"Sinc2",0.18994140625,1.49700753117427e-10,-72.3148665868781
"Sinc2",0.190185546875,1.8659714173353e-10,-71.3580565688839
"Sinc2",0.1904296875,2.2883412469895e-10,-70.4718985513878
"Sinc2",0.190673828125,2.765694807545e-10,-69.649063895633
"Sinc2",0.19091796875,3.29940168408956e-10,-68.8827545215404
"Sinc2",0.191162109375,3.8904808489966e-10,-68.1670736206382
"Sinc2",0.19140625,4.53918816609217e-10,-67.4973245766922
"Sinc2",0.191650390625,5.24432924659461e-10,-66.870206943821
"Sinc2",0.19189453125,6.00237078477409e-10,-66.2838782427946
"Sinc2",0.192138671875,6.80650317981171e-10,-65.7378659214889
"Sinc2",0.1923828125,7.64586780082729e-10,-65.2328385921738
"Sinc2",0.192626953125,8.50518240531059e-10,-64.7702701180366
"Sinc2",0.19287109375,9.36496320925266e-10,-64.3520456832735
"Sinc2",0.193115234375,1.02024497258763e-09,-63.9800618049496
"Sinc2",0.193359375,1.09932022977327e-09,-63.6558642393076
"Sinc2",0.193603515625,1.1713190300114e-09,-63.3803544471933
"Sinc2",0.19384765625,1.23410578614848e-09,-63.1535825537005
"Sinc2",0.194091796875,1.28601793393055e-09,-62.9746361888779
"Sinc2",0.1943359375,1.32601233950746e-09,-62.8416307838039
"Sinc2",0.194580078125,1.35372381147913e-09,-62.7518057584089
"Sinc2",0.19482421875,1.36942340600148e-09,-62.7017289739552
"Sinc2",0.195068359375,1.37388422898055e-09,-62.6876050566275
"Sinc2",0.1953125,1.36818145812889e-09,-62.705669434114
"Sinc2",0.195556640625,1.35346686041819e-09,-62.7526301733966
"Sinc2",0.19580078125,1.33076294706065e-09,-62.8260994375486
"Sinc2",0.196044921875,1.30081694204294e-09,-62.9249445928743
"Sinc2",0.1962890625,1.26404114494092e-09,-63.0494943329356
"Sinc2",0.196533203125,1.22054726269497e-09,-63.2015604282743
"Sinc2",0.19677734375,1.17026226290745e-09,-63.3842744319869
"Sinc2",0.197021484375,1.11309673212266e-09,-63.60177736161
"Sinc2",0.197265625,1.04912708273339e-09,-63.8588254560735
"Sinc2",0.197509765625,9.78751961778744e-10,-64.1603799834072
"Sinc2",0.19775390625,9.02790549215157e-10,-64.5112363983812
"Sinc2",0.197998046875,8.22503943463375e-10,-64.9157265505827
"Sinc2",0.1982421875,7.39537179269065e-10,-65.3775063142186
"Sinc2",0.198486328125,6.55794935291761e-10,-65.8994258560599
"Sinc2",0.19873046875,5.73275516262913e-10,-66.483472497883
"Sinc2",0.198974609375,4.938932597881e-10,-67.1307754455267
"Sinc2",0.19921875,4.1931863279126e-10,-67.8416648280479
"Sinc2",0.199462890625,3.50858891922064e-10,-68.6157815643385
"Sinc2",0.19970703125,2.89392288270954e-10,-69.4522369004055
"Sinc2",0.199951171875,2.35357887197489e-10,-70.3498188714432
"Sinc2",0.2001953125,1.88793507725252e-10,-71.3072358829351
"Sinc2",0.200439453125,1.49407783741043e-10,-72.3233742025788
"Sinc2",0.20068359375,1.16669698401568e-10,-73.3975256870308
"Sinc2",0.200927734375,8.98999592765202e-11,-74.5295114888971
"Sinc2",0.201171875,6.83523063002207e-11,-75.7195747105302
"Sinc2",0.201416015625,5.12778993657556e-11,-76.9678041818892
"Sinc2",0.20166015625,3.79709211029464e-11,-78.272595114606
"Sinc2",0.201904296875,2.77973779404359e-11,-79.6270681199351
"Sinc2",0.2021484375,2.0211232618992e-11,-81.01117843327
"Sinc2",0.202392578125,1.47624422847962e-11,-82.3755243118501
"Sinc2",0.20263671875,1.11006186242857e-11,-83.6136346171688
"Sinc2",0.202880859375,8.9764942270011e-12,-84.5360388797702
"Sinc2",0.203125,8.24179335809214e-12,-84.9068892239268
"Sinc2",0.203369140625,8.84692393084317e-12,-84.5991835083207
"Sinc2",0.20361328125,1.08353574554667e-11,-83.7186740074554
"Sinc2",0.203857421875,1.43336563739702e-11,-82.5035365513683
"Sinc2",0.2041015625,1.95367065215722e-11,-81.1585929126925
"Sinc2",0.204345703125,2.66886069078744e-11,-79.8038473882124
"Sinc2",0.20458984375,3.60606303239792e-11,-78.4967733016387
"Sinc2",0.204833984375,4.79284710088579e-11,-77.2611706933531
"Sinc2",0.205078125,6.2551428151469e-11,-76.1047341409702
"Sinc2",0.205322265625,8.0156059955567e-11,-75.0277428244619
"Sinc2",0.20556640625,1.00926088473384e-10,-74.027072019821
"Sinc2",0.205810546875,1.24998993421542e-10,-73.0980412811117
"Sinc2",0.2060546875,1.52468052055887e-10,-72.2353179214101
"Sinc2",0.206298828125,1.8338699617228e-10,-71.4334210694787
"Sinc2",0.20654296875,2.17773492265988e-10,-70.6870562826803
"Sinc2",0.206787109375,2.55607753811449e-10,-69.9913661996864
"Sinc2",0.20703125,2.96823938801882e-10,-69.3421172009532
"Sinc2",0.207275390625,3.41294331790717e-10,-68.7358156830873
"Sinc2",0.20751953125,3.88808999972386e-10,-68.1697433467334
"Sinc2",0.207763671875,4.3905573518702e-10,-67.6419098937395
"Sinc2",0.2080078125,4.91605785580559e-10,-67.1509365855016
"Sinc2",0.208251953125,5.45909676166978e-10,-66.6958985171477
"Sinc2",0.20849609375,6.01304503207759e-10,-66.2761618757665
"Sinc2",0.208740234375,6.57030344497789e-10,-65.8912521627634
"Sinc2",0.208984375,7.12250207111757e-10,-65.5407805969549
"Sinc2",0.209228515625,7.66066607805694e-10,-65.2244411166961
"Sinc2",0.20947265625,8.17529312437666e-10,-64.9420731069353
"Sinc2",0.209716796875,8.65632887949029e-10,-64.693768956879
"Sinc2",0.2099609375,9.09308431247063e-10,-64.4799942594247
"Sinc2",0.210205078125,9.47419222653958e-10,-64.30168451798
"Sinc2",0.21044921875,9.78772982015158e-10,-64.1602867128441
"Sinc2",0.210693359375,1.00216228353606e-09,-64.0577258988964
"Sinc2",0.2109375,1.01643908006616e-09,-63.996292894328
"Sinc2",0.211181640625,1.02062023994189e-09,-63.9784646730858
"Sinc2",0.21142578125,1.01401084566524e-09,-64.0066804374087
"Sinc2",0.211669921875,9.96323737497937e-10,-64.0831016634904
"Sinc2",0.2119140625,9.67770145285119e-10,-64.2093842345279
"Sinc2",0.212158203125,9.29098826065324e-10,-64.3864873255623
"Sinc2",0.21240234375,8.81569772535946e-10,-64.6145395331796
"Sinc2",0.212646484375,8.26861357539629e-10,-64.8927794776666
"Sinc2",0.212890625,7.66923540987132e-10,-65.2195857509768
"Sinc2",0.213134765625,7.03800943871439e-10,-65.5926079895903
"Sinc2",0.21337890625,6.39455328977188e-10,-66.0090043293067
"Sinc2",0.213623046875,5.75615968038044e-10,-66.4657781079244
"Sinc2",0.2138671875,5.13679032377984e-10,-66.9601880506877
"Sinc2",0.214111328125,4.54665678031597e-10,-67.4901847263106
"Sinc2",0.21435546875,3.99236015843623e-10,-68.0548093097595
"Sinc2",0.214599609375,3.47745780603276e-10,-68.6544877473853
"Sinc2",0.21484375,3.00326494881588e-10,-69.29116996432
"Sinc2",0.215087890625,2.56969110693033e-10,-69.9682972235906
"Sinc2",0.21533203125,2.17594877280519e-10,-70.6906197710893
"Sinc2",0.215576171875,1.82103799078328e-10,-71.4639163768362
"Sinc2",0.2158203125,1.50398342638938e-10,-72.2946759345378
"Sinc2",0.216064453125,1.22386099348071e-10,-73.1897855058757
"Sinc2",0.21630859375,9.79687337576158e-11,-74.1562314904889
"Sinc2",0.216552734375,7.70254948338525e-11,-75.2007614686324
"Sinc2",0.216796875,5.93983724191672e-11,-76.3293609889635
"Sinc2",0.217041015625,4.48836002219341e-11,-77.5462295843919
"Sinc2",0.21728515625,3.32316101055417e-11,-78.851592600925
"Sinc2",0.217529296875,2.41554100718621e-11,-80.2369622925217
"Sinc2",0.2177734375,1.73459645920173e-11,-81.6751218835513
"Sinc2",0.218017578125,1.24924398772539e-11,-83.1006337591602
"Sinc2",0.21826171875,9.30491738911271e-12,-84.3799812216134
"Sinc2",0.218505859375,7.53717044099703e-12,-85.2950230763877
"Sinc2",0.21875,7.00724283902983e-12,-85.61163475476
"Sinc2",0.218994140625,7.61386119119098e-12,-85.2510568899441
"Sinc2",0.21923828125,9.3471625182776e-12,-84.3603085009876
"Sinc2",0.219482421875,1.22927687286917e-11,-83.170609328403
"Sinc2",0.2197265625,1.66287522362557e-11,-81.8585098139903
"Sinc2",0.219970703125,2.2615364961969e-11,-80.5230704320255
"Sinc2",0.22021484375,3.05775021357947e-11,-79.2130863871468
"Sinc2",0.220458984375,4.08798857640907e-11,-77.9520097036982
"Sinc2",0.220703125,5.3895193334017e-11,-76.7516060971959
"Sinc2",0.220947265625,6.99661670675478e-11,-75.6182256113473
"Sinc2",0.22119140625,8.9364269400128e-11,-74.5554673476363
"Sinc2",0.221435546875,1.12249469189874e-10,-73.5652634792363
"Sinc2",0.2216796875,1.38637582901059e-10,-72.6482966589759
"Sinc2",0.221923828125,1.68382314275205e-10,-71.8041416965163
"Sinc2",0.22216796875,2.011778752783e-10,-71.0313042681809
"Sinc2",0.222412109375,2.36584483573304e-10,-70.3272438593228
"Sinc2",0.22265625,2.74073607521763e-10,-69.6884342761521
"Sinc2",0.222900390625,3.13083940712496e-10,-69.1104985235063
"Sinc2",0.22314453125,3.5307466961684e-10,-68.5884408249068
"Sinc2",0.223388671875,3.93561524356373e-10,-68.1169800986702
"Sinc2",0.2236328125,4.34124453028737e-10,-67.6909639475971
"Sinc2",0.223876953125,4.74383252114928e-10,-67.305812958358
"Sinc2",0.22412109375,5.13947327357005e-10,-66.9579203192218
"Sinc2",0.224365234375,5.52355044670737e-10,-66.6449231910975
"Sinc2",0.224609375,5.89023703323724e-10,-66.3657787200007
"Sinc2",0.224853515625,6.23230692816531e-10,-66.1206181060144
"Sinc2",0.22509765625,6.54139286670519e-10,-65.9104041087234
"Sinc2",0.225341796875,6.80870324022735e-10,-65.736462381833
"Sinc2",0.2255859375,7.0260710867435e-10,-65.5999810441173
"Sinc2",0.225830078125,7.18709456568362e-10,-65.5015728467955
"Sinc2",0.22607421875,7.28807716975151e-10,-65.4409768138017
"Sinc2",0.226318359375,7.32850808794479e-10,-65.4169507240644
"Sinc2",0.2265625,7.3109337642287e-10,-65.4273779460264
"Sinc2",0.226806640625,7.24023131422353e-10,-65.4695820243573
"Sinc2",0.22705078125,7.12245729574774e-10,-65.5408078988173
"Sinc2",0.227294921875,6.96356331236267e-10,-65.6387911536217
"Sinc2",0.2275390625,6.76830771791975e-10,-65.7623054841967
"Sinc2",0.227783203125,6.539638756531e-10,-65.9115688492359
"Sinc2",0.22802734375,6.27869463653699e-10,-66.0884128217472
"Sinc2",0.228271484375,5.98539833752964e-10,-66.2961758521874
"Sinc2",0.228515625,5.65946764526185e-10,-66.5393506245753
"Sinc2",0.228759765625,5.30155763635229e-10,-66.8230715665363
"Sinc2",0.22900390625,4.9142297525348e-10,-67.1525518692117
"Sinc2",0.229248046875,4.50250052638001e-10,-67.5325687162915
"Sinc2",0.2294921875,4.07384238351523e-10,-67.9670642170685
"Sinc2",0.229736328125,3.637651824141e-10,-68.4588951543602
"Sinc2",0.22998046875,3.20432643272138e-10,-69.0097389156601
"Sinc2",0.230224609375,2.78416999619279e-10,-69.6201489493959
"Sinc2",0.23046875,2.38635980868239e-10,-70.2897471791017
"Sinc2",0.230712890625,2.01816640331657e-10,-71.0175367175329
"Sinc2",0.23095703125,1.68453326838517e-10,-71.8023105147122
"Sinc2",0.231201171875,1.38802992859537e-10,-72.6431181344913
"Sinc2",0.2314453125,1.12911205725409e-10,-73.5397359883987
"Sinc2",0.231689453125,9.06574430109535e-11,-74.4930717825404
"Sinc2",0.23193359375,7.18071963013533e-11,-75.505426737826
"Sinc2",0.232177734375,5.60605019767383e-11,-76.5805366169368
"Sinc2",0.232421875,4.30904633794794e-11,-77.723294795319
"Sinc2",0.232666015625,3.25696359461736e-11,-78.9389773971757
"Sinc2",0.23291015625,2.4185608961993e-11,-80.2315361706436
"Sinc2",0.233154296875,1.76490874284322e-11,-81.5998838941274
"Sinc2",0.2333984375,1.26982042179165e-11,-83.0296833659047
"Sinc2",0.233642578125,9.10206552962068e-12,-84.4757068604204
"Sinc2",0.23388671875,6.66523406707927e-12,-85.828952384922
"Sinc2",0.234130859375,5.23352889289139e-12,-86.8791601776111
"Sinc2",0.234375,4.70053296305177e-12,-87.3456354132152
"Sinc2",0.234619140625,5.01369823772843e-12,-87.0655245261048
"Sinc2",0.23486328125,6.17890293388431e-12,-86.157992710788
"Sinc2",0.235107421875,8.2626283720408e-12,-84.8959242394603
"Sinc2",0.2353515625,1.1391429328792e-11,-83.5013242370704
"Sinc2",0.235595703125,1.57489070109746e-11,-82.0946022516927
"Sinc2",0.23583984375,2.15707878411875e-11,-80.7284463653623
"Sinc2",0.236083984375,2.91387991596038e-11,-79.4223899382056
"Sinc2",0.236328125,3.87736911591407e-11,-78.1817349716162
"Sinc2",0.236572265625,5.08269646869321e-11,-77.0061646885676
"Sinc2",0.23681640625,6.56697795198329e-11,-75.8934508570661
"Sinc2",0.237060546875,8.36764859319907e-11,-74.8410721056798
"Sinc2",0.2373046875,1.05199736777556e-10,-73.8469599073154
"Sinc2",0.237548828125,1.30534696662929e-10,-72.9098467960277
"Sinc2",0.23779296875,1.59871777283168e-10,-72.0293884088514
"Sinc2",0.238037109375,1.93240521798594e-10,-71.2061244237168
"Sinc2",0.23828125,2.30451181106945e-10,-70.441317055838
"Sinc2",0.238525390625,2.71044179519576e-10,-69.7367055834086
"Sinc2",0.23876953125,3.14259845071159e-10,-69.0942175182941
"Sinc2",0.239013671875,3.59040393602775e-10,-68.5156733255202
"Sinc2",0.2392578125,4.04072621608576e-10,-68.0025121856118
"Sinc2",0.239501953125,4.47873286668078e-10,-67.5555548410247
"Sinc2",0.23974609375,4.88910818996166e-10,-67.1748099611954
"Sinc2",0.239990234375,5.25748600398123e-10,-66.8593251867422
"Sinc2",0.240234375,5.57188648139799e-10,-66.6070838413225
"Sinc2",0.240478515625,5.82391975705074e-10,-66.4149526132985
"Sinc2",0.24072265625,6.00954206803269e-10,-66.278692642207
"Sinc2",0.240966796875,6.12922088039078e-10,-66.1930537147155
"Sinc2",0.2412109375,6.18747075012488e-10,-66.1519748497631
"Sinc2",0.241455078125,6.19183926667467e-10,-66.1489096987848
"Sinc2",0.24169921875,6.1515261904042e-10,-66.1772776651766
"Sinc2",0.241943359375,6.07588543772228e-10,-66.231010673521
"Sinc2",0.2421875,5.9730742274422e-10,-66.3051273213171
"Sinc2",0.242431640625,5.84907418553232e-10,-66.3962351421018
"Sinc2",0.24267578125,5.70722591862563e-10,-66.5028557960262
"Sinc2",0.242919921875,5.54831162273056e-10,-66.62549798516
"Sinc2",0.2431640625,5.37111413095266e-10,-66.7664626308439
"Sinc2",0.243408203125,5.17329799445977e-10,-66.9294314835265
"Sinc2",0.24365234375,4.95241415656663e-10,-67.1189368752784
"Sinc2",0.243896484375,4.70682976199406e-10,-67.3398215299354
"Sinc2",0.244140625,4.43642352326669e-10,-67.5967764450513
"Sinc2",0.244384765625,4.14295178474276e-10,-67.894007648413
"Sinc2",0.24462890625,3.83006405767564e-10,-68.2350460630534
"Sinc2",0.244873046875,3.50301300842278e-10,-68.6226889382213
"Sinc2",0.2451171875,3.16815053953319e-10,-69.0590483431707
"Sinc2",0.245361328125,2.83232280880664e-10,-69.5456789413627
"Sinc2",0.24560546875,2.50227329404254e-10,-70.0837590303926
"Sinc2",0.245849609375,2.18413991648067e-10,-70.6743018797006
"Sinc2",0.24609375,1.88309823112208e-10,-71.3183766847495
"Sinc2",0.246337890625,1.60316671113462e-10,-72.0173195749606
"Sinc2",0.24658203125,1.34715965995917e-10,-72.7729157428015
"Sinc2",0.246826171875,1.11675305720245e-10,-73.5875349383137
"Sinc2",0.2470703125,9.12620370089362e-11,-74.4642048570409
"Sinc2",0.247314453125,7.34597918548563e-11,-75.4066095043701
"Sinc2",0.24755859375,5.81849599138959e-11,-76.4189990444157
"Sinc2",0.247802734375,4.53014455823668e-11,-77.5059858319561
"Sinc2",0.248046875,3.46333588921053e-11,-78.6721603055454
"Sinc2",0.248291015625,2.59762062212534e-11,-79.921349204622
"Sinc2",0.24853515625,1.91075267024161e-11,-81.2550616871742
"Sinc2",0.248779296875,1.37977898333159e-11,-82.6690111836662
"Sinc2",0.2490234375,9.82190408394576e-12,-84.1451495519091
"Sinc2",0.249267578125,6.97113381523686e-12,-85.6340722452495
"Sinc2",0.24951171875,5.06481005123337e-12,-87.0214748151162
"Sinc2",0.249755859375,3.96107335239817e-12,-88.0889775901326
"Sinc2",0.25,3.56598529129868e-12,-88.5453109639477
"Sinc2",0.250244140625,3.84054935119194e-12,-88.2231729371147
"Sinc2",0.25048828125,4.80530964546009e-12,-87.2498926583641
"Sinc2",0.250732421875,6.54212230276565e-12,-85.9099198503996
"Sinc2",0.2509765625,9.19243495000496e-12,-84.4328007861372
"Sinc2",0.251220703125,1.29511388162081e-11,-82.9440268552633
"Sinc2",0.25146484375,1.80550482022969e-11,-81.5011199167535
"Sinc2",0.251708984375,2.47655592194733e-11,-80.1286250486426
"Sinc2",0.251953125,3.33461215756192e-11,-78.83665314674
"Sinc2",0.252197265625,4.40366395031928e-11,-77.6289647394119
"Sinc2",0.25244140625,5.70283598514634e-11,-76.5061976253627
"Sinc2",0.252685546875,7.2443631540199e-11,-75.467104308773
"Sinc2",0.2529296875,9.0324628604216e-11,-74.5090445937679
"Sinc2",0.253173828125,1.1063351050276e-10,-73.6282395072108
"Sinc2",0.25341796875,1.33263779661243e-10,-72.8199851721594
"Sinc2",0.253662109375,1.58059459276005e-10,-72.0789015201617
"Sinc2",0.25390625,1.84836100296949e-10,-71.399238467679
"Sinc2",0.254150390625,2.13396463082166e-10,-70.7752342691472
"Sinc2",0.25439453125,2.43534591678478e-10,-70.2014998672836
"Sinc2",0.254638671875,2.75024907916504e-10,-69.67338615951
"Sinc2",0.2548828125,3.07597250942301e-10,-69.1872819412266
"Sinc2",0.255126953125,3.40903329754002e-10,-68.7407940069698
"Sinc2",0.25537109375,3.74483525535529e-10,-68.3327792713531
"Sinc2",0.255615234375,4.07744293172357e-10,-67.9632275256513
"Sinc2",0.255859375,4.39955061647282e-10,-67.6330232530564
"Sinc2",0.256103515625,4.7026976617018e-10,-67.3436358521435
"Sinc2",0.25634765625,4.97772896412679e-10,-67.0967939818343
"Sinc2",0.256591796875,5.21544566423284e-10,-66.8941921871523
"Sinc2",0.2568359375,5.40734971038152e-10,-66.7372618621389
"Sinc2",0.257080078125,5.54636682792182e-10,-66.6270205415212
"Sinc2",0.25732421875,5.62743913748553e-10,-66.563998372261
"Sinc2",0.257568359375,5.64790770608039e-10,-66.5482305271003
"Sinc2",0.2578125,5.60764775473803e-10,-66.5792991835314
"Sinc2",0.258056640625,5.50896371073563e-10,-66.6564073234402
"Sinc2",0.25830078125,5.35628739744539e-10,-66.7784677238388
"Sinc2",0.258544921875,5.15574375854813e-10,-66.9441931919456
"Sinc2",0.2587890625,4.91465299734513e-10,-67.1521778432102
"Sinc2",0.259033203125,4.64102887940965e-10,-67.4009637301169
"Sinc2",0.25927734375,4.34311608847743e-10,-67.6890920598606
"Sinc2",0.259521484375,4.02899139698332e-10,-68.0151430384347
"Sinc2",0.259765625,3.70623896004578e-10,-68.3777722683722
"Sinc2",0.260009765625,3.38170150874308e-10,-68.7757537263248
"Sinc2",0.26025390625,3.06130608100516e-10,-69.2080388971391
"Sinc2",0.260498046875,2.74996278214967e-10,-69.6738382774182
"Sinc2",0.2607421875,2.45153499897183e-10,-70.1727254612688
"Sinc2",0.260986328125,2.16887737296083e-10,-70.7047564593727
"Sinc2",0.26123046875,1.90393309828841e-10,-71.2705896011523
"Sinc2",0.261474609375,1.65787579419937e-10,-71.8715865321255
"Sinc2",0.26171875,1.43127540574233e-10,-72.5098743523072
"Sinc2",0.261962890625,1.22426455655378e-10,-73.1883536739395
"Sinc2",0.26220703125,1.0366830289566e-10,-73.9106465492755
"Sinc2",0.262451171875,8.68183812887849e-11,-74.6809895964828
"Sinc2",0.2626953125,7.18293312169489e-11,-75.5040882103716
"Sinc2",0.262939453125,5.86428686151574e-11,-76.3849543749118
"Sinc2",0.26318359375,4.71884443211818e-11,-77.3287498386053
"Sinc2",0.263427734375,3.73806153463052e-11,-78.3406419759147
"Sinc2",0.263671875,2.91170297724128e-11,-79.4256357336375
"Sinc2",0.263916015625,2.22785805775499e-11,-80.5882312646597
"Sinc2",0.26416015625,1.67325890004615e-11,-81.8314750020402
"Sinc2",0.264404296875,1.23390274612922e-11,-83.1542971311342
"Sinc2",0.2646484375,8.95900395583647e-12,-84.5445091554036
"Sinc2",0.264892578125,6.46419169031066e-12,-85.9619641728871
"Sinc2",0.26513671875,4.74571009925469e-12,-87.3040943890785
"Sinc2",0.265380859375,3.72115650664175e-12,-88.3603270766882
"Sinc2",0.265625,3.33896589067082e-12,-88.8309866136765
"Sinc2",0.265869140625,3.57988838295913e-12,-88.528411578698
"Sinc2",0.26611328125,4.45595063653466e-12,-87.5777027285863
"Sinc2",0.266357421875,6.007668830291e-12,-86.2800465950135
"Sinc2",0.2666015625,8.3004347620823e-12,-84.8760980334523
"Sinc2",0.266845703125,1.14209067030568e-11,-83.4901006007962
"Sinc2",0.26708984375,1.54739701347011e-11,-82.1710888957441
"Sinc2",0.267333984375,2.05804842809365e-11,-80.9325505393034
"Sinc2",0.267578125,2.68756807608686e-11,-79.773511701532
"Sinc2",0.267822265625,3.45077744133988e-11,-78.6879369361808
"Sinc2",0.26806640625,4.36360861612123e-11,-77.6686485327897
"Sinc2",0.268310546875,5.44277489423521e-11,-76.7089027103381
"Sinc2",0.2685546875,6.70518760023854e-11,-75.8029971068286
"Sinc2",0.268798828125,8.16699752624291e-11,-74.9464821985126
"Sinc2",0.26904296875,9.84215131354828e-11,-74.1362060628678
"Sinc2",0.269287109375,1.1740401352012e-10,-73.3702770013471
"Sinc2",0.26953125,1.3864803201565e-10,-72.6479693435606
"Sinc2",0.269775390625,1.62088761935129e-10,-71.9695773884593
"Sinc2",0.27001953125,1.87537716382558e-10,-71.3362202052517
"Sinc2",0.270263671875,2.14659506641861e-10,-70.7496051701934
"Sinc2",0.2705078125,2.42959688638318e-10,-70.2117642154701
"Sinc2",0.270751953125,2.71789465045116e-10,-69.7247802505631
"Sinc2",0.27099609375,3.00371372060899e-10,-69.290521055361
"Sinc2",0.271240234375,3.27846940673367e-10,-68.9103950852125
"Sinc2",0.271484375,3.53343119474181e-10,-68.5851400502343
"Sinc2",0.271728515625,3.7604979771168e-10,-68.3146528449929
"Sinc2",0.27197265625,3.95297140336526e-10,-68.0978697131758
"Sinc2",0.272216796875,4.10619701130534e-10,-67.9327086133563
"Sinc2",0.2724609375,4.2179516838925e-10,-67.8160904325025
"Sinc2",0.272705078125,4.28849306789389e-10,-67.7440593149158
"Sinc2",0.27294921875,4.32024674727123e-10,-67.7120209200485
"Sinc2",0.273193359375,4.31717848634055e-10,-67.7151063970541
"Sinc2",0.2734375,4.28396583683408e-10,-67.7486464507008
"Sinc2",0.273681640625,4.22512949759372e-10,-67.8087061954768
"Sinc2",0.27392578125,4.14429752631021e-10,-67.8925971728257
"Sinc2",0.274169921875,4.04374977604811e-10,-67.9992636993281
"Sinc2",0.2744140625,3.92433001676456e-10,-68.1294512162962
"Sinc2",0.274658203125,3.78573211913572e-10,-68.2856076413808
"Sinc2",0.27490234375,3.62708325523293e-10,-68.4715311950312
"Sinc2",0.275146484375,3.44768128301441e-10,-68.6918353274589
"Sinc2",0.275390625,3.24771127872107e-10,-68.951332303537
"Sinc2",0.275634765625,3.02877524268511e-10,-69.2544359719746
"Sinc2",0.27587890625,2.79411663775999e-10,-69.6046611252387
"Sinc2",0.276123046875,2.54849524149605e-10,-70.0042681687466
"Sinc2",0.2763671875,2.29774903892195e-10,-70.4540805076966
"Sinc2",0.276611328125,2.04814843802489e-10,-70.9534921528149
"Sinc2",0.27685546875,1.80568782024053e-10,-71.5006797525037
"Sinc2",0.277099609375,1.5754623115019e-10,-72.0930262553128
"Sinc2",0.27734375,1.36124552029187e-10,-72.7277418034221
"Sinc2",0.277587890625,1.1653275482934e-10,-73.4026263061507
"Sinc2",0.27783203125,9.8860800886113e-11,-74.1168651946992
"Sinc2",0.278076171875,8.30883005344003e-11,-74.8717076777543
"Sinc2",0.2783203125,6.91231077409198e-11,-75.6708738831735
"Sinc2",0.278564453125,5.68397020815514e-11,-76.5205885093418
"Sinc2",0.27880859375,4.61092227078522e-11,-77.4292284278732
"Sinc2",0.279052734375,3.68167157204627e-11,-78.4066559976063
"Sinc2",0.279296875,2.88653622396389e-11,-79.4633363193959
"Sinc2",0.279541015625,2.21709794069838e-11,-80.6092576531866
"Sinc2",0.27978515625,1.66520891022053e-11,-81.8524191784412
"Sinc2",0.280029296875,1.22210227573546e-11,-83.1960309107289
"Sinc2",0.2802734375,8.78011479075635e-12,-84.6321045000708
"Sinc2",0.280517578125,6.22467357725863e-12,-86.1259406199105
"Sinc2",0.28076171875,4.45191592281286e-12,-87.5816369007331
"Sinc2",0.281005859375,3.37313725772496e-12,-88.7867663028802
"Sinc2",0.28125,2.92552707114448e-12,-89.4050652271677
"Sinc2",0.281494140625,3.08033692724267e-12,-89.1811242166585
"Sinc2",0.28173828125,3.84534440710208e-12,-88.2177540056075
"Sinc2",0.281982421875,5.26127903416775e-12,-86.8561930849316
"Sinc2",0.2822265625,7.39354945024988e-12,-85.3785766198307
"Sinc2",0.282470703125,1.03217590570585e-11,-83.9295692686642
"Sinc2",0.28271484375,1.4129819195029e-11,-82.5657403923546
"Sinc2",0.282958984375,1.88989040086185e-11,-81.3027402473658
"Sinc2",0.283203125,2.47042275923677e-11,-80.1393936419929
"Sinc2",0.283447265625,3.16150516502105e-11,-79.0681674822705
"Sinc2",0.28369140625,3.96959463587868e-11,-78.0796448382788
"Sinc2",0.283935546875,4.90066001776445e-11,-77.1645606942206
"Sinc2",0.2841796875,5.95977154902227e-11,-76.3148103128412
"Sinc2",0.284423828125,7.15017707599559e-11,-75.5239384654329
"Sinc2",0.28466796875,8.47193869215614e-11,-74.7872783958841
"Sinc2",0.284912109375,9.92041359605068e-11,-74.1018086501157
"Sinc2",0.28515625,1.14850164025525e-10,-73.4657902411568
"Sinc2",0.285400390625,1.31487334725784e-10,-72.8782672166538
"Sinc2",0.28564453125,1.4888739423209e-10,-72.3385271475905
"Sinc2",0.285888671875,1.667820428928e-10,-71.8456135474027
"Sinc2",0.2861328125,1.84890384048583e-10,-71.3979631933906
"Sinc2",0.286376953125,2.02949983973005e-10,-70.9932162253639
"Sinc2",0.28662109375,2.20743776392947e-10,-70.6282217588524
"Sinc2",0.286865234375,2.38115085365159e-10,-70.2992373364889
"Sinc2",0.287109375,2.54965376883552e-10,-70.0022943463326
"Sinc2",0.287353515625,2.71233545812166e-10,-69.7336724239986
"Sinc2",0.28759765625,2.86860544463351e-10,-69.4903982551916
"Sinc2",0.287841796875,3.01747569480486e-10,-69.270668632697
"Sinc2",0.2880859375,3.15718528018635e-10,-69.0741057457596
"Sinc2",0.288330078125,3.28497275276599e-10,-68.9017887224187
"Sinc2",0.28857421875,3.39707090993864e-10,-68.7560603153215
"Sinc2",0.288818359375,3.48894787492369e-10,-68.6401616278065
"Sinc2",0.2890625,3.5557605715864e-10,-68.5577813398543
"Sinc2",0.289306640625,3.59293711364554e-10,-68.5126102797895
"Sinc2",0.28955078125,3.59677614897326e-10,-68.5079723423469
"Sinc2",0.289794921875,3.56495032921882e-10,-68.5465716072835
"Sinc2",0.2900390625,3.49682645959116e-10,-68.6303656420413
"Sinc2",0.290283203125,3.39355815205259e-10,-68.7605534822677
"Sinc2",0.29052734375,3.25795551050284e-10,-68.9376549445345
"Sinc2",0.290771484375,3.09417793940616e-10,-69.1616535848605
"Sinc2",0.291015625,2.90732148497184e-10,-69.4321758617538
"Sinc2",0.291259765625,2.70297772076288e-10,-69.7486817784306
"Sinc2",0.29150390625,2.48682941297932e-10,-70.1106464854813
"Sinc2",0.291748046875,2.26432556013562e-10,-70.5177177490824
"Sinc2",0.2919921875,2.04045294075054e-10,-70.9698406086253
"Sinc2",0.292236328125,1.81959993196085e-10,-71.4673473197477
"Sinc2",0.29248046875,1.60549507015455e-10,-72.0110166753678
"Sinc2",0.292724609375,1.40119819972948e-10,-72.6021107323236
"Sinc2",0.29296875,1.20912402694099e-10,-73.2423979261624
"Sinc2",0.293212890625,1.03108318200243e-10,-73.9341694075594
"Sinc2",0.29345703125,8.68331486903784e-11,-74.6802509446505
"Sinc2",0.293701171875,7.2162225768955e-11,-75.4840072379039
"Sinc2",0.2939453125,5.91258806453732e-11,-76.3493302153732
"Sinc2",0.294189453125,4.77145513386565e-11,-77.2805979939506
"Sinc2",0.29443359375,3.78836831610028e-11,-78.2825844814665
"Sinc2",0.294677734375,2.95584906782707e-11,-79.3602838963858
"Sinc2",0.294921875,2.26388037325967e-11,-80.5185716952461
"Sinc2",0.295166015625,1.70043377361595e-11,-81.7615092165772
"Sinc2",0.29541015625,1.25207416271476e-11,-83.0908059017562
"Sinc2",0.295654296875,9.04665030832095e-12,-84.5022284058915
"Sinc2",0.2958984375,6.44171955111096e-12,-85.9770883059013
"Sinc2",0.296142578125,4.57531358527544e-12,-87.4628977856468
"Sinc2",0.29638671875,3.33523157249342e-12,-88.8358465056899
"Sinc2",0.296630859375,2.63567078887111e-12,-89.8581948057592
"Sinc2",0.296875,2.42357362187704e-12,-90.2225442689493
"Sinc2",0.297119140625,2.68260175155178e-12,-89.7815444007762
"Sinc2",0.29736328125,3.43420928697806e-12,-88.708838855641
"Sinc2",0.297607421875,4.73561726260139e-12,-87.3133404888146
"Sinc2",0.2978515625,6.67488136480425e-12,-85.8226709266857
"Sinc2",0.298095703125,9.36363062181087e-12,-84.3526637065793
"Sinc2",0.29833984375,1.29283523931561e-11,-82.9516746256704
"Sinc2",0.298583984375,1.75012130211781e-11,-81.6364249291298
"Sinc2",0.298828125,2.32112602871525e-11,-80.4101192218385
"Sinc2",0.299072265625,3.01764468324424e-11,-79.2704254204919
"Sinc2",0.29931640625,3.84963410392755e-11,-78.2129119079963
"Sinc2",0.299560546875,4.82448590446577e-11,-77.2325960201648
"Sinc2",0.2998046875,5.94621220274961e-11,-76.3247024006067
"Sinc2",0.300048828125,7.21448399978991e-11,-75.4850536931733
"Sinc2",0.30029296875,8.62355140880964e-11,-74.7102448716224
"Sinc2",0.300537109375,1.01612059332291e-10,-73.9976539076168
"Sinc2",0.30078125,1.18080757705038e-10,-73.3453151260835
"Sinc2",0.301025390625,1.35376188370343e-10,-72.7516836188389
"Sinc2",0.30126953125,1.53171423886439e-10,-72.2153289430194
"Sinc2",0.301513671875,1.71100069910184e-10,-71.7346045690284
"Sinc2",0.3017578125,1.88788843756819e-10,-71.3073431726824
"Sinc2",0.302001953125,2.05895996572132e-10,-70.9306274158587
"Sinc2",0.30224609375,2.22147994847961e-10,-70.6006824632729
"Sinc2",0.302490234375,2.37365558052801e-10,-70.3129294120728
"Sinc2",0.302734375,2.51471164048936e-10,-70.0622245176751
"Sinc2",0.302978515625,2.64473625911302e-10,-69.8432827448735
"Sinc2",0.30322265625,2.76430687351631e-10,-69.6512439025745
"Sinc2",0.303466796875,2.87396479397679e-10,-69.4822920016312
"Sinc2",0.3037109375,2.97365486126321e-10,-69.3342008338842
"Sinc2",0.303955078125,3.06226878627609e-10,-69.2066733627923
"Sinc2",0.30419921875,3.13741810860412e-10,-69.1013824500445
"Sinc2",0.304443359375,3.19551588266606e-10,-69.0216966343047
"Sinc2",0.3046875,3.23217569158978e-10,-68.9721568417508
"Sinc2",0.304931640625,3.24286019916568e-10,-68.9578241740346
"Sinc2",0.30517578125,3.22364933608567e-10,-68.9836285011695
"Sinc2",0.305419921875,3.17196707589195e-10,-69.0538197307653
"Sinc2",0.3056640625,3.08711394855029e-10,-69.1715798385953
"Sinc2",0.305908203125,2.97049757249028e-10,-69.3388144208878
"Sinc2",0.30615234375,2.8255232020551e-10,-69.5561176599399
"Sinc2",0.306396484375,2.6571819757677e-10,-69.8228934602602
"Sinc2",0.306640625,2.47143678535905e-10,-70.1376113737935
"Sinc2",0.306884765625,2.27453968800569e-10,-70.4981712474039
"Sinc2",0.30712890625,2.07241426856241e-10,-70.9023407015256
"Sinc2",0.307373046875,1.87020468829769e-10,-71.3482150252621
"Sinc2",0.3076171875,1.67204163878739e-10,-71.8346355543727
"Sinc2",0.307861328125,1.48101944951594e-10,-72.3614988195423
"Sinc2",0.30810546875,1.2993329760798e-10,-72.9299018324134
"Sinc2",0.308349609375,1.12849778455976e-10,-73.5420993307546
"Sinc2",0.30859375,9.69575802227909e-11,-74.2012887565413
"Sinc2",0.308837890625,8.23347366970754e-11,-74.9112754290883
"Sinc2",0.30908203125,6.90400898555768e-11,-75.6760929595223
"Sinc2",0.309326171875,5.71142887221932e-11,-76.4996587125355
"Sinc2",0.3095703125,4.65754653692202e-11,-77.385534409526
"Sinc2",0.309814453125,3.74133248673109e-11,-78.3368433886646
"Sinc2",0.31005859375,2.95851406328025e-11,-79.3563700585903
"Sinc2",0.310302734375,2.30159073413335e-11,-80.4468254341347
"Sinc2",0.310546875,1.76032361931507e-11,-81.6111812769121
"Sinc2",0.310791015625,1.32260617526816e-11,-82.8528009779321
"Sinc2",0.31103515625,9.75528418612923e-12,-84.1747071832584
"Sinc2",0.311279296875,7.06425780074678e-12,-85.5764410403186
"Sinc2",0.3115234375,5.03746400988371e-12,-87.0449868754616
"Sinc2",0.311767578125,3.57650651463781e-12,-88.5325162344103
"Sinc2",0.31201171875,2.60341365836576e-12,-89.9116746492262
"Sinc2",0.312255859375,2.06185806280093e-12,-90.9245187851524
"Sinc2",0.3125,1.91716561524594e-12,-91.2405101266339
"Sinc2",0.312744140625,2.15588949615482e-12,-90.7308414732308
"Sinc2",0.31298828125,2.78538860458275e-12,-89.6182484939173
"Sinc2",0.313232421875,3.83344282532847e-12,-88.2312165362721
"Sinc2",0.3134765625,5.34761392438001e-12,-86.7855059843803
"Sinc2",0.313720703125,7.39391099719449e-12,-85.3783642536254
"Sinc2",0.31396484375,1.00543541405392e-11,-84.0435646574916
"Sinc2",0.314208984375,1.34231954251561e-11,-82.7885473086815
"Sinc2",0.314453125,1.76017692998541e-11,-81.6115431934383
"Sinc2",0.314697265625,2.26921331600195e-11,-80.5083532050381
"Sinc2",0.31494140625,2.87897899638738e-11,-79.4747214740236
"Sinc2",0.315185546875,3.59758707151812e-11,-78.5069933003465
"Sinc2",0.3154296875,4.43092358022655e-11,-77.6021638403829
"Sinc2",0.315673828125,5.38190672557876e-11,-76.7577447720617
"Sinc2",0.31591796875,6.44986694510619e-11,-75.9715988826621
"Sinc2",0.316162109375,7.63013208700162e-11,-75.2417858770005
"Sinc2",0.31640625,8.9139027256145e-11,-74.5664275342519
"Sinc2",0.316650390625,1.02884811724435e-10,-73.9435937672203
"Sinc2",0.31689453125,1.1737867948518e-10,-73.3712142451857
"Sinc2",0.317138671875,1.32436646935766e-10,-72.8470246725075
"Sinc2",0.3173828125,1.47861377265429e-10,-72.3685589674588
"Sinc2",0.317626953125,1.63452265608787e-10,-71.9331969918762
"Sinc2",0.31787109375,1.79012547342386e-10,-71.5382717129013
"Sinc2",0.318115234375,1.9435138151112e-10,-71.1812301181253
"Sinc2",0.318359375,2.09279945811377e-10,-70.8598302970059
"Sinc2",0.318603515625,2.23602207001878e-10,-70.572345580779
"Sinc2",0.31884765625,2.37102821447713e-10,-70.3177392191907
"Sinc2",0.319091796875,2.49536060563369e-10,-70.0957732931655
"Sinc2",0.3193359375,2.60620240712217e-10,-69.9070250232393
"Sinc2",0.319580078125,2.70041538010404e-10,-69.7528007106331
"Sinc2",0.31982421875,2.77469266601468e-10,-69.6349575764033
"Sinc2",0.320068359375,2.82582036260734e-10,-69.5556609360238
"Sinc2",0.3203125,2.85101324522028e-10,-69.5171140893654
"Sinc2",0.320556640625,2.84826679778174e-10,-69.5212997656288
"Sinc2",0.32080078125,2.81665707370709e-10,-69.5697666877928
"Sinc2",0.321044921875,2.75652568375258e-10,-69.6634860054806
"Sinc2",0.3212890625,2.66950885629085e-10,-69.8027927789337
"Sinc2",0.321533203125,2.55840196486268e-10,-69.9874186395125
"Sinc2",0.32177734375,2.42688587832886e-10,-70.2166128930737
"Sinc2",0.322021484375,2.27916979532407e-10,-70.489339631073
"Sinc2",0.322265625,2.11961951461644e-10,-70.8045273463101
"Sinc2",0.322509765625,1.95243697804095e-10,-71.1613361954163
"Sinc2",0.32275390625,1.78143795884509e-10,-71.5593994187681
"Sinc2",0.322998046875,1.60994591313986e-10,-71.9989935793574
"Sinc2",0.3232421875,1.44078974715183e-10,-72.4811003456722
"Sinc2",0.323486328125,1.27636998055443e-10,-73.0073406259385
"Sinc2",0.32373046875,1.11874733814682e-10,-73.579786288919
"Sinc2",0.323974609375,9.69711842132815e-11,-74.2006794464135
"Sinc2",0.32421875,8.30806267364101e-11,-74.8721087982501
"Sinc2",0.324462890625,7.03299365406784e-11,-75.5957041834754
"Sinc2",0.32470703125,5.88124387811658e-11,-76.3724145518609
"Sinc2",0.324951171875,4.85811101488366e-11,-77.20243209052
"Sinc2",0.3251953125,3.96441551794388e-11,-78.0853147646239
"Sinc2",0.325439453125,3.19651773847071e-11,-79.0203352508172
"Sinc2",0.32568359375,2.54687085001256e-11,-80.0070372113196
"Sinc2",0.325927734375,2.00502790091269e-11,-81.0459022348177
"Sinc2",0.326171875,1.55890195426563e-11,-82.1389184240591
"Sinc2",0.326416015625,1.19603062288355e-11,-83.2896834452604
"Sinc2",0.32666015625,9.04626740578179e-12,-84.5024122263925
"Sinc2",0.326904296875,6.7428604126489e-12,-85.778664746726
"Sinc2",0.3271484375,4.9633465261915e-12,-87.1093604647984
"Sinc2",0.327392578125,3.63895295034835e-12,-88.4573420345862
"Sinc2",0.32763671875,2.71803043928235e-12,-89.7245632779627
"Sinc2",0.327880859375,2.16499689815882e-12,-90.7125336542732
"Sinc2",0.328125,1.95990000415313e-12,-91.1447673006362
"Sinc2",0.328369140625,2.09877134538815e-12,-90.8474551776711
"Sinc2",0.32861328125,2.59435386551919e-12,-89.9268143106558
"Sinc2",0.328857421875,3.47647196784982e-12,-88.6557191204353
"Sinc2",0.3291015625,4.79135552904057e-12,-87.2625224624089
"Sinc2",0.329345703125,6.59955657704308e-12,-85.8719588753527
"Sinc2",0.32958984375,8.97253975329141e-12,-84.5379525272017
"Sinc2",0.329833984375,1.19883898180352e-11,-83.2794978774214
"Sinc2",0.330078125,1.57272227523441e-11,-82.1005860593769
"Sinc2",0.330322265625,2.02667818849115e-11,-80.999258503351
"Sinc2",0.33056640625,2.56784312959543e-11,-79.9714215488287
"Sinc2",0.330810546875,3.20234805152681e-11,-79.0124211186199
"Sinc2",0.3310546875,3.934963963819e-11,-78.1176988442479
"Sinc2",0.331298828125,4.76874895030656e-11,-77.28306184191
"Sinc2",0.33154296875,5.70471178914321e-11,-76.5047693581339
"Sinc2",0.331787109375,6.74153729940304e-11,-75.7795170217712
"Sinc2",0.33203125,7.87543256025577e-11,-75.1043622703518
"Sinc2",0.332275390625,9.10013597938655e-11,-74.4766276204966
"Sinc2",0.33251953125,1.04070801981574e-10,-73.8938174259553
"Sinc2",0.332763671875,1.17856289995983e-10,-73.3535787809669
"Sinc2",0.3330078125,1.32232457581336e-10,-72.8537257438432
"Sinc2",0.333251953125,1.47054294255614e-10,-72.3923293266821
"Sinc2",0.33349609375,1.62152982736889e-10,-71.9678570214399
"Sinc2",0.333740234375,1.77328157994986e-10,-71.5793294105682
"Sinc2",0.333984375,1.92338145257629e-10,-71.2264522012269
"Sinc2",0.334228515625,2.06891348506743e-10,-70.9096831356762
"Sinc2",0.33447265625,2.20642988404217e-10,-70.6302051290665
"Sinc2",0.334716796875,2.33201314847418e-10,-70.3897964913845
"Sinc2",0.3349609375,2.44145999573153e-10,-70.1906103129839
"Sinc2",0.335205078125,2.53058804502778e-10,-70.0348919187335
"Sinc2",0.33544921875,2.5956339100899e-10,-69.9246720462461
"Sinc2",0.335693359375,2.63368140008029e-10,-69.8614740726759
"Sinc2",0.3359375,2.64303998865058e-10,-69.8460690992592
"Sinc2",0.336181640625,2.62349335929715e-10,-69.8783067466311
"Sinc2",0.33642578125,2.57635783448058e-10,-69.9570446115764
"Sinc2",0.336669921875,2.50432733840831e-10,-70.0801954939767
"Sinc2",0.3369140625,2.41112667896053e-10,-70.2449061537896
"Sinc2",0.337158203125,2.30103698644809e-10,-70.4478704439849
"Sinc2",0.33740234375,2.17838508977946e-10,-70.6857598813248
"Sinc2",0.337646484375,2.04709495049633e-10,-70.9557265686339
"Sinc2",0.337890625,1.91038225480639e-10,-71.255903685079
"Sinc2",0.338134765625,1.77063740163314e-10,-71.585810101979
"Sinc2",0.33837890625,1.62949692064641e-10,-71.9465709980259
"Sinc2",0.338623046875,1.48806056501524e-10,-72.3409003626106
"Sinc2",0.3388671875,1.34718164785166e-10,-72.7728448592772
"Sinc2",0.339111328125,1.20774836399287e-10,-73.2473418602657
"Sinc2",0.33935546875,1.07088497749437e-10,-73.7696781762001
"Sinc2",0.339599609375,9.38029384343845e-11,-74.3449420076112
"Sinc2",0.33984375,8.10879211610933e-11,-74.9775447727496
"Sinc2",0.340087890625,6.91232438719351e-11,-75.6708653301884
"Sinc2",0.34033203125,5.80772082758782e-11,-76.4270491188181
"Sinc2",0.340576171875,4.80852898863105e-11,-77.246984053217
"Sinc2",0.3408203125,3.92340948268498e-11,-78.1304700647762
"Sinc2",0.341064453125,3.1553804210177e-11,-79.076589174641
"Sinc2",0.34130859375,2.50198866368045e-11,-80.0842530628666
"Sinc2",0.341552734375,1.9562600059236e-11,-81.152840676578
"Sinc2",0.341796875,1.50812649343806e-11,-82.2827287457565
"Sinc2",0.342041015625,1.14597597786038e-11,-83.4753512991998
"Sinc2",0.34228515625,8.5801452312935e-12,-84.7321600492399
"Sinc2",0.342529296875,6.33247987762375e-12,-86.0513682546252
"Sinc2",0.3427734375,4.62032069597489e-12,-87.4203852295662
"Sinc2",0.343017578125,3.36266594844497e-12,-88.8002691780767
"Sinc2",0.34326171875,2.49387471081847e-12,-90.0983601262054
"Sinc2",0.343505859375,1.96324652390546e-12,-91.1373580672358
"Sinc2",0.34375,1.73552469602077e-12,-91.6727984595554
"Sinc2",0.343994140625,1.7928075166838e-12,-91.53176979501
"Sinc2",0.34423828125,2.13749554196914e-12,-90.7680542627106
"Sinc2",0.344482421875,2.7952372287806e-12,-89.602919720007
"Sinc2",0.3447265625,3.81653972390581e-12,-88.2504085686048
"Sinc2",0.344970703125,5.27584212079268e-12,-86.8441885305668
"Sinc2",0.34521484375,7.26733731482402e-12,-85.4533532537249
"Sinc2",0.345458984375,9.89751950367308e-12,-84.1118427766422
"Sinc2",0.345703125,1.3275136428098e-11,-82.8367165088823
"Sinc2",0.345947265625,1.74997682424566e-11,-81.6367834673217
"Sinc2",0.34619140625,2.26505298631766e-11,-80.5163227798771
"Sinc2",0.346435546875,2.87763716300146e-11,-79.4767461038741
"Sinc2",0.3466796875,3.58891771605079e-11,-78.5174714261636
"Sinc2",0.346923828125,4.39604167178193e-11,-77.6364884327679
"Sinc2",0.34716796875,5.2921611557781e-11,-76.8307758313237
"Sinc2",0.347412109375,6.26683859280358e-11,-76.0966213463421
"Sinc2",0.34765625,7.30674831100235e-11,-75.4298649604255
"Sinc2",0.347900390625,8.39658224487135e-11,-74.8260809762199
"Sinc2",0.34814453125,9.5200477959892e-11,-74.2807151510111
"Sinc2",0.348388671875,1.06608364571553e-10,-73.7891936279802
"Sinc2",0.3486328125,1.18034432848043e-10,-73.3470192629481
"Sinc2",0.348876953125,1.29337315324633e-10,-72.9498680190885
"Sinc2",0.34912109375,1.40391656466516e-10,-72.5936934563111
"Sinc2",0.349365234375,1.51086796741695e-10,-72.2748413026757
"Sinc2",0.349609375,1.61322039526873e-10,-71.9901693992015
"Sinc2",0.349853515625,1.70999336927675e-10,-71.737162175317
"Sinc2",0.35009765625,1.80014781837072e-10,-71.5140247541957
"Sinc2",0.350341796875,1.88250669383111e-10,-71.319741147504
"Sinc2",0.3505859375,1.95569987847459e-10,-71.154084351202
"Sinc2",0.350830078125,2.01814959719724e-10,-71.0175728832091
"Sinc2",0.35107421875,2.06810687307835e-10,-70.9113766595654
"Sinc2",0.351318359375,2.10374145353541e-10,-70.8371827923034
"Sinc2",0.3515625,2.12327844246961e-10,-70.7970369348682
"Sinc2",0.351806640625,2.12516629411278e-10,-70.7931772466478
"Sinc2",0.35205078125,2.10825445683633e-10,-70.8278761679754
"Sinc2",0.352294921875,2.07195599298382e-10,-70.9033011685844
"Sinc2",0.3525390625,2.01637149035993e-10,-71.0214009560878
"Sinc2",0.352783203125,1.94235534208194e-10,-71.1838195952208
"Sinc2",0.35302734375,1.85151317238458e-10,-71.3918383775714
"Sinc2",0.353271484375,1.74612853849406e-10,-71.6463443344483
"Sinc2",0.353515625,1.62902655349358e-10,-71.9478248043095
"Sinc2",0.353759765625,1.50339031645322e-10,-72.2963889532565
"Sinc2",0.35400390625,1.37255183120276e-10,-72.6918189034844
"Sinc2",0.354248046875,1.23978167667572e-10,-73.1336543047553
"Sinc2",0.3544921875,1.10810077342642e-10,-73.6213138589006
"Sinc2",0.354736328125,9.80133386174559e-11,-74.1542546112168
"Sinc2",0.35498046875,8.58013695401455e-11,-74.7321642388873
"Sinc2",0.355224609375,7.43349941084408e-11,-75.3551733255044
"Sinc2",0.35546875,6.37241631788483e-11,-76.024065028387
"Sinc2",0.355712890625,5.40338040267368e-11,-76.7404510056915
"Sinc2",0.35595703125,4.52921425857142e-11,-77.5068777803174
"Sinc2",0.356201171875,3.74996969060092e-11,-78.3268288636779
"Sinc2",0.3564453125,3.06373478491417e-11,-79.2045947641635
"Sinc2",0.356689453125,2.46724003958572e-11,-80.1449923952073
"Sinc2",0.35693359375,1.95622356436059e-11,-81.1529215784882
"Sinc2",0.357177734375,1.52558556133842e-11,-82.2327407414695
"Sinc2",0.357421875,1.16941712205346e-11,-83.3874119561079
"Sinc2",0.357666015625,8.81014744505948e-12,-84.6172746714537
"Sinc2",0.35791015625,6.52984312880502e-12,-85.9180789586681
"Sinc2",0.358154296875,4.77500305679609e-12,-87.2773698995284
"Sinc2",0.3583984375,3.46729887283631e-12,-88.6671936548208
"Sinc2",0.358642578125,2.53374556816759e-12,-90.0294764182609
"Sinc2",0.35888671875,1.91241421811642e-12,-91.2512868003333
"Sinc2",0.359130859375,1.55743843801359e-12,-92.1429975489245
"Sinc2",0.359375,1.44249897474098e-12,-92.4759513074118
"Sinc2",0.359619140625,1.56239292164509e-12,-92.1292038116188
"Sinc2",0.35986328125,1.9327965378796e-12,-91.2052450488133
"Sinc2",0.360107421875,2.58872954520715e-12,-89.9362396354717
"Sinc2",0.3603515625,3.58237394371495e-12,-88.525397264743
"Sinc2",0.360595703125,4.98073149838572e-12,-87.0941751350662
"Sinc2",0.36083984375,6.86317976995161e-12,-85.7018526920853
"Sinc2",0.361083984375,9.31847492406555e-12,-84.3736580302642
"Sinc2",0.361328125,1.2440378866529e-11,-83.118770370806
"Sinc2",0.361572265625,1.63210708323643e-11,-81.93961994296
"Sinc2",0.36181640625,2.10419545396873e-11,-80.8362456590332
"Sinc2",0.362060546875,2.66623497468655e-11,-79.8081222285423
"Sinc2",0.3623046875,3.32076477812808e-11,-78.854725298665
"Sinc2",0.362548828125,4.06594691574791e-11,-77.9754893962291
"Sinc2",0.36279296875,4.89508031302237e-11,-77.1695082227593
"Sinc2",0.363037109375,5.79687315806518e-11,-76.4351684625766
"Sinc2",0.36328125,6.75660401318996e-11,-75.7698217708117
"Sinc2",0.363525390625,7.75809687122786e-11,-75.1695544579137
"Sinc2",0.36376953125,8.78619969363027e-11,-74.6290957416325
"Sinc2",0.364013671875,9.82925295066471e-11,-74.141901323413
"Sinc2",0.3642578125,1.08809303656698e-10,-73.7004461292443
"Sinc2",0.364501953125,1.19408775777288e-10,-73.2967439807496
"Sinc2",0.36474609375,1.3013780329714e-10,-72.9230717224692
"Sinc2",0.364990234375,1.41068321225544e-10,-72.5728114581293
"Sinc2",0.365234375,1.52259697483614e-10,-72.2412568131096
"Sinc2",0.365478515625,1.63716042768702e-10,-71.9261940526005
"Sinc2",0.36572265625,1.7534793720906e-10,-71.6280998268067
"Sinc2",0.365966796875,1.86948078294486e-10,-71.3498963864701
"Sinc2",0.3662109375,1.98188028085381e-10,-71.0963322731372
"Sinc2",0.366455078125,2.0863894690302e-10,-70.8731526192056
"Sinc2",0.36669921875,2.17813917474982e-10,-70.6862501783323
"Sinc2",0.366943359375,2.25224493478056e-10,-70.5409502501458
"Sinc2",0.3671875,2.3044074027432e-10,-70.4415138219684
"Sinc2",0.367431640625,2.33143183561168e-10,-70.3908792144385
"Sinc2",0.36767578125,2.33157000993924e-10,-70.3906218336781
"Sinc2",0.367919921875,2.30462995340246e-10,-70.4410944175858
"Sinc2",0.3681640625,2.25185267540566e-10,-70.5417066994823
"Sinc2",0.368408203125,2.17560644467439e-10,-70.6913030726267
"Sinc2",0.36865234375,2.07898481271787e-10,-70.8885932713379
"Sinc2",0.368896484375,1.9654059285795e-10,-71.1325838214102
"Sinc2",0.369140625,1.83829618507995e-10,-71.4229515796257
"Sinc2",0.369384765625,1.70090660725748e-10,-71.7603017570482
"Sinc2",0.36962890625,1.5562667070356e-10,-72.1462661713427
"Sinc2",0.369873046875,1.40724072900546e-10,-72.5834224771235
"Sinc2",0.3701171875,1.25662624018814e-10,-73.0750451971677
"Sinc2",0.370361328125,1.10723071106932e-10,-73.624725206617
"Sinc2",0.37060546875,9.61877445065728e-11,-74.2359090275193
"Sinc2",0.370849609375,8.23321453660965e-11,-74.9114121172591
"Sinc2",0.37109375,6.94088705458761e-11,-75.6529566647971
"Sinc2",0.371337890625,5.76278461515856e-11,-76.4607825582273
"Sinc2",0.37158203125,4.71380868808834e-11,-77.3333869137194
"Sinc2",0.371826171875,3.80158128111377e-11,-78.2674636337765
"Sinc2",0.3720703125,3.02619970040186e-11,-79.2581305995478
"Sinc2",0.372314453125,2.38099242333479e-11,-80.299526304747
"Sinc2",0.37255859375,1.85408987720856e-11,-81.3857986110236
"Sinc2",0.372802734375,1.43045292023548e-11,-82.512370752288
"Sinc2",0.373046875,1.09394275415273e-11,-83.677160478613
"Sinc2",0.373291015625,8.29070275337835e-12,-84.8811929923227
"Sinc2",0.37353515625,6.22199192942905e-12,-86.1278120044547
"Sinc2",0.373779296875,4.6214550457562e-12,-87.4193191100956
"Sinc2",0.3740234375,3.40264879883432e-12,-88.7489351777712
"Sinc2",0.374267578125,2.50212147576839e-12,-90.0840225341399
"Sinc2",0.37451171875,1.87579235013438e-12,-91.335258835082
"Sinc2",0.374755859375,1.4957841699721e-12,-92.3184171116197
"Sinc2",0.375,1.34861523888917e-12,-92.768225811465
"Sinc2",0.375244140625,1.43483183544127e-12,-92.4990963984047
"Sinc2",0.37548828125,1.76952625309335e-12,-91.5885363358049
"Sinc2",0.375732421875,2.38287745902078e-12,-90.2960893484088
"Sinc2",0.3759765625,3.31987394897457e-12,-88.8558904943756
"Sinc2",0.376220703125,4.63863358725015e-12,-87.4032057560403
"Sinc2",0.37646484375,6.40708222666956e-12,-86.00050346254
"Sinc2",0.376708984375,8.69806977674138e-12,-84.6728775659854
"Sinc2",0.376953125,1.15832272265849e-11,-83.4288106797064
"Sinc2",0.377197265625,1.51260075439965e-11,-82.2698633123174
"Sinc2",0.37744140625,1.93744594241313e-11,-81.1948104999979
"Sinc2",0.377685546875,2.43544110477559e-11,-80.2013301221522
"Sinc2",0.3779296875,3.00639081343048e-11,-79.2866520820005
"Sinc2",0.378173828125,3.6469910726688e-11,-78.4477594367131
"Sinc2",0.37841796875,4.35083031056541e-11,-77.6813849845914
"Sinc2",0.378662109375,5.10880858867692e-11,-76.9839101258295
"Sinc2",0.37890625,5.91001063905307e-11,-76.3512238120539
"Sinc2",0.379150390625,6.74298383807072e-11,-75.7785852515478
"Sinc2",0.37939453125,7.59726629030259e-11,-75.2605329485093
"Sinc2",0.379638671875,8.46490645265462e-11,-74.7908848089562
"Sinc2",0.3798828125,9.34164496739086e-11,-74.3628728614747
"Sinc2",0.380126953125,1.02274212825984e-10,-73.969444983448
"Sinc2",0.38037109375,1.11259411406998e-10,-73.6037388582021
"Sinc2",0.380615234375,1.20431961039829e-10,-73.2596888569899
"Sinc2",0.380859375,1.2985040256569e-10,-72.9326734351462
"Sinc2",0.381103515625,1.39541591490484e-10,-72.6200697203546
"Sinc2",0.38134765625,1.49469576419228e-10,-72.3215784011487
"Sinc2",0.381591796875,1.59509942712015e-10,-72.0392288483635
"Sinc2",0.3818359375,1.69435642557768e-10,-71.7770586990625
"Sinc2",0.382080078125,1.78918732238662e-10,-71.540548316547
"Sinc2",0.38232421875,1.87549735433477e-10,-71.3359418804254
"Sinc2",0.382568359375,1.94873077914984e-10,-71.1695879923739
"Sinc2",0.3828125,2.00433891648097e-10,-71.0473948502524
"Sinc2",0.383056640625,2.03829161859252e-10,-70.9744432522135
"Sinc2",0.38330078125,2.04755210995453e-10,-70.9547568057804
"Sinc2",0.383544921875,2.03044094444296e-10,-70.9912028137761
"Sinc2",0.3837890625,1.98683482295708e-10,-71.08548880689
"Sinc2",0.384033203125,1.91817560343336e-10,-71.2382228083395
"Sinc2",0.38427734375,1.82729747635666e-10,-71.4490138946716
"Sinc2",0.384521484375,1.71810913879744e-10,-71.7165989599769
"Sinc2",0.384765625,1.59518739991601e-10,-72.0389893332235
"Sinc2",0.385009765625,1.46334605029792e-10,-72.4136360419083
"Sinc2",0.38525390625,1.32723906325961e-10,-72.8376148854704
"Sinc2",0.385498046875,1.19104292340733e-10,-73.3078323080437
"Sinc2",0.3857421875,1.05824339007685e-10,-73.8212507939758
"Sinc2",0.385986328125,9.3153197155824e-11,-74.3751287877488
"Sinc2",0.38623046875,8.1280069463502e-11,-74.9672657779702
"Sinc2",0.386474609375,7.03212741930921e-11,-75.5962391251574
"Sinc2",0.38671875,6.03321780120735e-11,-76.26161640116
"Sinc2",0.386962890625,5.13213440374022e-11,-76.9641262244958
"Sinc2",0.38720703125,4.32646722510111e-11,-77.7057722580227
"Sinc2",0.387451171875,3.61179201186751e-11,-78.4898791075109
"Sinc2",0.3876953125,2.98266302705745e-11,-79.3210645313811
"Sinc2",0.387939453125,2.43330676959355e-11,-80.2051377953996
"Sinc2",0.38818359375,1.95802437145429e-11,-81.1489255074586
"Sinc2",0.388427734375,1.55134721085682e-11,-82.1600163467851
"Sinc2",0.388671875,1.20801642575925e-11,-83.2463780433667
"Sinc2",0.388916015625,9.22871586542843e-12,-84.4156936879996
"Sinc2",0.38916015625,6.90735088829783e-12,-85.6739912548956
"Sinc2",0.389404296875,5.06365762816823e-12,-87.0224631007997
"Sinc2",0.3896484375,3.64529007777623e-12,-88.4497855042597
"Sinc2",0.389892578125,2.60195994443213e-12,-89.9141003731194
"Sinc2",0.39013671875,1.88848485555743e-12,-91.3059713748029
"Sinc2",0.390380859375,1.4683685028112e-12,-92.3987558378059
"Sinc2",0.390625,1.31723444015172e-12,-92.8704756672726
"Sinc2",0.390869140625,1.42544409168814e-12,-92.5276045567302
"Sinc2",0.39111328125,1.79938257934749e-12,-91.5158713233501
"Sinc2",0.391357421875,2.46113860839807e-12,-90.1557457055333
"Sinc2",0.3916015625,3.44656907015546e-12,-88.6932365759972
"Sinc2",0.391845703125,4.80196971680757e-12,-87.2529122700304
"Sinc2",0.39208984375,6.57974334861571e-12,-85.8850169016603
"Sinc2",0.392333984375,8.83356822784146e-12,-84.6057447614428
"Sinc2",0.392578125,1.16136368572425e-11,-83.4174240178636
"Sinc2",0.392822265625,1.49625647401969e-11,-82.3170460136451
"Sinc2",0.39306640625,1.89125413433604e-11,-81.2996075348086
"Sinc2",0.393310546875,2.34841691581572e-11,-80.3593544392215
"Sinc2",0.3935546875,2.86871685757596e-11,-79.4902295840814
"Sinc2",0.393798828125,3.45227074600356e-11,-78.686057957597
"Sinc2",0.39404296875,4.09866015014531e-11,-77.9406873461214
"Sinc2",0.394287109375,4.80721559241902e-11,-77.2481704423232
"Sinc2",0.39453125,5.57711616375208e-11,-76.6030095354364
"Sinc2",0.394775390625,6.40716918300844e-11,-76.0004445208868
"Sinc2",0.39501953125,7.29519585986516e-11,-75.4367368766161
"Sinc2",0.395263671875,8.23705300010473e-11,-74.9093878349681
"Sinc2",0.3955078125,9.22544575609644e-11,-74.4172328426707
"Sinc2",0.395751953125,1.02487976578658e-10,-73.9603772495843
"Sinc2",0.39599609375,1.12905035495281e-10,-73.5399733226916
"Sinc2",0.396240234375,1.23288693797753e-10,-73.1578739249138
"Sinc2",0.396484375,1.33379311747002e-10,-72.8162217181578
"Sinc2",0.396728515625,1.42891616721964e-10,-72.5170389388611
"Sinc2",0.39697265625,1.51538594580337e-10,-72.2618738875373
"Sinc2",0.397216796875,1.59058288363196e-10,-72.0515433922327
"Sinc2",0.3974609375,1.65238541014255e-10,-71.885992922067
"Sinc2",0.397705078125,1.69934853932733e-10,-71.7642818133833
"Sinc2",0.39794921875,1.73077894725054e-10,-71.6846903998083
"Sinc2",0.398193359375,1.7466947192768e-10,-71.6449363663164
"Sinc2",0.3984375,1.74768421804336e-10,-71.64247679411
"Sinc2",0.398681640625,1.73470127542792e-10,-71.6748594609393
"Sinc2",0.39892578125,1.70884705709128e-10,-71.7400744906828
"Sinc2",0.399169921875,1.67118905591106e-10,-71.8368506096913
"Sinc2",0.3994140625,1.62265496642816e-10,-71.9648446054681
"Sinc2",0.399658203125,1.56401745647131e-10,-72.124690478506
"Sinc2",0.39990234375,1.49596125460646e-10,-72.3179029844551
"Sinc2",0.400146484375,1.41920322446635e-10,-72.5466605467635
"Sinc2",0.400390625,1.3346245059065e-10,-72.8135154894266
"Sinc2",0.400634765625,1.24337382564839e-10,-73.1210892312932
"Sinc2",0.40087890625,1.14691179947832e-10,-73.4718062309125
"Sinc2",0.401123046875,1.04698367490145e-10,-73.8677073390079
"Sinc2",0.4013671875,9.45527146234681e-11,-74.3103664186972
"Sinc2",0.401611328125,8.44537361478427e-11,-74.8009177681288
"Sinc2",0.40185546875,7.45919358929214e-11,-75.3401876530154
"Sinc2",0.402099609375,6.51357695320838e-11,-75.9289109550633
"Sinc2",0.40234375,5.62225233484377e-11,-76.5680031041795
"Sinc2",0.402587890625,4.79541044474685e-11,-77.2588485902696
"Sinc2",0.40283203125,4.03974940925079e-11,-78.0035621778154
"Sinc2",0.403076171875,3.35886613124232e-11,-78.8051794866182
"Sinc2",0.4033203125,2.75382670223363e-11,-79.667740371779
"Sinc2",0.403564453125,2.22375409663673e-11,-80.5962388273616
"Sinc2",0.40380859375,1.76631696628079e-11,-81.5964200334115
"Sinc2",0.404052734375,1.37806903599935e-11,-82.6743966928073
"Sinc2",0.404296875,1.05465258767167e-11,-83.8360122132596
"Sinc2",0.404541015625,7.9092472995551e-12,-85.0857548899293
"Sinc2",0.40478515625,5.81082809402786e-12,-86.4247261631547
"Sinc2",0.405029296875,4.18855517480318e-12,-87.8464640322331
"Sinc2",0.4052734375,2.97796091607078e-12,-89.3279165029126
"Sinc2",0.405517578125,2.11674507947611e-12,-90.8104208499681
"Sinc2",0.40576171875,1.5492842407665e-12,-92.1657954061331
"Sinc2",0.406005859375,1.23107658816423e-12,-93.1642557164247
"Sinc2",0.40625,1.13240366620651e-12,-93.5270937715062
"Sinc2",0.406494140625,1.2406232886576e-12,-93.130707145249
"Sinc2",0.40673828125,1.56080540023319e-12,-92.1336188488813
"Sinc2",0.406982421875,2.11480528162759e-12,-90.8144025752874
"Sinc2",0.4072265625,2.93922404220879e-12,-89.384779524834
"Sinc2",0.407470703125,4.08291569166536e-12,-87.9574023164674
"Sinc2",0.40771484375,5.60467213212176e-12,-86.5816043202486
"Sinc2",0.407958984375,7.57142598086011e-12,-85.2753296290098
"Sinc2",0.408203125,1.00568204180083e-11,-84.0424994877792
"Sinc2",0.408447265625,1.31394598319349e-11,-82.8813313230981
"Sinc2",0.40869140625,1.68997859090109e-11,-81.7882944100303
"Sinc2",0.408935546875,2.14145235162205e-11,-80.7600222832112
"Sinc2",0.4091796875,2.67481242931911e-11,-79.7941731128112
"Sinc2",0.409423828125,3.29415649099845e-11,-78.8896641713411
"Sinc2",0.40966796875,4.00000156462161e-11,-78.0465048268883
"Sinc2",0.409912109375,4.78819270704484e-11,-77.2653902306085
"Sinc2",0.41015625,5.64925888239537e-11,-76.5471916676379
"Sinc2",0.410400390625,6.56848860825479e-11,-75.8924519284287
"Sinc2",0.41064453125,7.5268725546791e-11,-75.3009608128919
"Sinc2",0.410888671875,8.50286250358211e-11,-74.7714548756391
"Sinc2",0.4111328125,9.4746736293801e-11,-74.3014638497892
"Sinc2",0.411376953125,1.04226739113712e-10,-73.8873149345377
"Sinc2",0.41162109375,1.13313222017124e-10,-73.5243005517699
"Sinc2",0.411865234375,1.21901738347511e-10,-73.2070074508921
"Sinc2",0.412109375,1.29936703082846e-10,-72.9297880078905
"Sinc2",0.412353515625,1.37397254094339e-10,-72.6873259052643
"Sinc2",0.41259765625,1.44274382552791e-10,-72.4752141954717
"Sinc2",0.412841796875,1.50545148473063e-10,-72.2904387956322
"Sinc2",0.4130859375,1.56150878459745e-10,-72.1316621210497
"Sinc2",0.413330078125,1.60985505777482e-10,-71.999238675151
"Sinc2",0.41357421875,1.64897780865022e-10,-71.8949583278835
"Sinc2",0.413818359375,1.67707572444289e-10,-71.8215797129015
"Sinc2",0.4140625,1.69232842000372e-10,-71.7822599609186
"Sinc2",0.414306640625,1.6932110764492e-10,-71.7799954306553
"Sinc2",0.41455078125,1.67878075677704e-10,-71.8171666147726
"Sinc2",0.414794921875,1.64886902774053e-10,-71.8952448357244
"Sinc2",0.4150390625,1.60414004560663e-10,-72.0146836325
"Sinc2",0.415283203125,1.54600730097168e-10,-72.1749910336398
"Sinc2",0.41552734375,1.47643617743952e-10,-72.3749596562644
"Sinc2",0.415771484375,1.39768423594356e-10,-72.6130157697358
"Sinc2",0.416015625,1.31204065492954e-10,-72.8876335158392
"Sinc2",0.416259765625,1.22161916718061e-10,-73.1977480571972
"Sinc2",0.41650390625,1.1282385284508e-10,-73.5430971743871
"Sinc2",0.416748046875,1.0333978492561e-10,-73.9244309055173
"Sinc2",0.4169921875,9.38329000256887e-11,-74.3435550493425
"Sinc2",0.417236328125,8.44091476921457e-11,-74.8032112882056
"Sinc2",0.41748046875,7.51670187180387e-11,-75.3068331833774
"Sinc2",0.417724609375,6.6204337485489e-11,-75.8582420000802
"Sinc2",0.41796875,5.7620274164812e-11,-76.4613532351405
"Sinc2",0.418212890625,4.9512532996491e-11,-77.1199549905536
"Sinc2",0.41845703125,4.1971140958372e-11,-77.837598685063
"Sinc2",0.418701171875,3.50710637161953e-11,-78.6176170552634
"Sinc2",0.4189453125,2.88658867912095e-11,-79.4632573985839
"Sinc2",0.419189453125,2.33841532319417e-11,-80.3778899568493
"Sinc2",0.41943359375,1.86289593771636e-11,-81.3652204822302
"Sinc2",0.419677734375,1.45804471583385e-11,-82.4293980060958
"Sinc2",0.419921875,1.12001929737722e-11,-83.5748513848013
"Sinc2",0.420166015625,8.43631980056791e-12,-84.8055760945592
"Sinc2",0.42041015625,6.22841015805867e-12,-86.1233343956116
"Sinc2",0.420654296875,4.51179094584292e-12,-87.5236167551788
"Sinc2",0.4208984375,3.22125673415029e-12,-88.9868530442562
"Sinc2",0.421142578125,2.294590164821e-12,-90.4600551613385
"Sinc2",0.42138671875,1.67622711958507e-12,-91.8237778109087
"Sinc2",0.421630859375,1.32113394608284e-12,-92.8576379214139
"Sinc2",0.421875,1.19855888702876e-12,-93.280512674483
"Sinc2",0.422119140625,1.29498426729508e-12,-92.9444615166796
"Sinc2",0.42236328125,1.6155074800198e-12,-91.9840167069243
"Sinc2",0.422607421875,2.18309328153751e-12,-90.6763835079008
"Sinc2",0.4228515625,3.03562084583006e-12,-89.2446311739683
"Sinc2",0.423095703125,4.22124108089989e-12,-87.8127048787386
"Sinc2",0.42333984375,5.79305195466093e-12,-86.4380322043121
"Sinc2",0.423583984375,7.8043005666718e-12,-85.1437665688524
"Sinc2",0.423828125,1.03051296181011e-11,-83.9365718518019
"Sinc2",0.424072265625,1.33413350022066e-11,-82.8151135441161
"Sinc2",0.42431640625,1.6954853419831e-11,-81.7741660437874
"Sinc2",0.424560546875,2.11849995245115e-11,-80.8068218530394
"Sinc2",0.4248046875,2.60690686869716e-11,-79.9058512754415
"Sinc2",0.425048828125,3.16409781202604e-11,-79.0646074347781
"Sinc2",0.42529296875,3.79271544491691e-11,-78.2776038366837
"Sinc2",0.425537109375,4.49397476880609e-11,-77.5408001412782
"Sinc2",0.42578125,5.26681963466236e-11,-76.8516219795134
"Sinc2",0.426025390625,6.10708839851982e-11,-76.208764375521
"Sinc2",0.42626953125,7.0068873885575e-11,-75.611855061231
"Sinc2",0.426513671875,7.95433906098631e-11,-75.0610654464889
"Sinc2",0.4267578125,8.9337921407576e-11,-74.5567480020934
"Sinc2",0.427001953125,9.9264778827388e-11,-74.0991546462582
"Sinc2",0.42724609375,1.09115016069974e-10,-73.6882612293308
"Sinc2",0.427490234375,1.18670003229803e-10,-73.3236968970826
"Sinc2",0.427734375,1.27712909039188e-10,-73.0047584654276
"Sinc2",0.427978515625,1.36038758864843e-10,-72.7304798285417
"Sinc2",0.42822265625,1.43462455497249e-10,-72.4997238396459
"Sinc2",0.428466796875,1.49824861210294e-10,-72.3112675983177
"Sinc2",0.4287109375,1.54997472559921e-10,-72.163860274149
"Sinc2",0.428955078125,1.58886222935102e-10,-72.0562440283869
"Sinc2",0.42919921875,1.61434556000373e-10,-71.9871414031065
"Sinc2",0.429443359375,1.6262533374954e-10,-71.9552244303744
"Sinc2",0.4296875,1.6248067799476e-10,-71.9590892128117
"Sinc2",0.429931640625,1.6105876950915e-10,-71.9972626713914
"Sinc2",0.43017578125,1.58447077744328e-10,-72.0682641003079
"Sinc2",0.430419921875,1.54752389253319e-10,-72.1707328098946
"Sinc2",0.4306640625,1.50089068798981e-10,-72.3036158078508
"Sinc2",0.430908203125,1.44567837480226e-10,-72.4663895922328
"Sinc2",0.43115234375,1.38287628169047e-10,-72.659273159768
"Sinc2",0.431396484375,1.31332585828054e-10,-72.8833814865302
"Sinc2",0.431640625,1.23775075420149e-10,-73.1407744426014
"Sinc2",0.431884765625,1.15683951468767e-10,-73.434375292976
"Sinc2",0.43212890625,1.07135802349341e-10,-73.7677601746446
"Sinc2",0.432373046875,9.82258933493076e-11,-74.1448465655044
"Sinc2",0.4326171875,8.90754312285101e-11,-74.5695271037571
"Sinc2",0.432861328125,7.98326304033479e-11,-75.0453020482854
"Sinc2",0.43310546875,7.06666524980553e-11,-75.5749612476001
"Sinc2",0.433349609375,6.17553636641938e-11,-76.1603596036491
"Sinc2",0.43359375,5.32694678489422e-11,-76.8023228559969
"Sinc2",0.433837890625,4.535647205544e-11,-77.5007137725107
"Sinc2",0.43408203125,3.81278880826437e-11,-78.2546789368018
"Sinc2",0.434326171875,3.16521302468973e-11,-79.0630769973466
"Sinc2",0.4345703125,2.59540473137424e-11,-79.9250555188361
"Sinc2",0.434814453125,2.10203975210503e-11,-80.8406971909145
"Sinc2",0.43505859375,1.68093048612871e-11,-81.8116089007018
"Sinc2",0.435302734375,1.32611444584519e-11,-82.8412963788327
"Sinc2",0.435546875,1.03084833855544e-11,-83.935158685938
"Sinc2",0.435791015625,7.88349787392434e-12,-85.0999168905825
"Sinc2",0.43603515625,5.92237430029909e-12,-86.3421479210362
"Sinc2",0.436279296875,4.36720293160695e-12,-87.6650727106308
"Sinc2",0.4365234375,3.16648704603498e-12,-89.0613292820683
"Sinc2",0.436767578125,2.2754771529478e-12,-90.4963816458647
"Sinc2",0.43701171875,1.65715533385115e-12,-91.8734742486899
"Sinc2",0.437255859375,1.28404819657443e-12,-92.981293186703
"Sinc2",0.4375,1.14041676383309e-12,-93.4964705119187
"Sinc2",0.437744140625,1.22400107773732e-12,-93.1892884368584
"Sinc2",0.43798828125,1.54651146732681e-12,-92.1735749926432
"Sinc2",0.438232421875,2.13242770582307e-12,-90.7783632738059
"Sinc2",0.4384765625,3.01622745525063e-12,-89.2724655509237
"Sinc2",0.438720703125,4.23868437421328e-12,-87.7947956505598
"Sinc2",0.43896484375,5.84314264103464e-12,-86.4006415558789
"Sinc2",0.439208984375,7.87257667894876e-12,-85.1059374453309
"Sinc2",0.439453125,1.03678127566259e-11,-83.9102349868269
"Sinc2",0.439697265625,1.33666862122241e-11,-82.8068689094138
"Sinc2",0.43994140625,1.69033738674717e-11,-81.7873724662967
"Sinc2",0.440185546875,2.10069055346543e-11,-80.8434856141618
"Sinc2",0.4404296875,2.56980552906973e-11,-79.9681038470509
"Sinc2",0.440673828125,3.09844239413724e-11,-79.1556721768263
"Sinc2",0.44091796875,3.68543717162762e-11,-78.4022163203366
"Sinc2",0.441162109375,4.32712576906555e-11,-77.7051112562617
"Sinc2",0.44140625,5.01698832394431e-11,-77.0626755359963
"Sinc2",0.441650390625,5.74568995082523e-11,-76.4736845702318
"Sinc2",0.44189453125,6.50161714656771e-11,-75.936892517921
"Sinc2",0.442138671875,7.27188463071548e-11,-75.4506366375664
"Sinc2",0.4423828125,8.04364800258813e-11,-75.0125758667759
"Sinc2",0.442626953125,8.80544479130281e-11,-74.6195934542661
"Sinc2",0.44287109375,9.5482380938815e-11,-74.2678740390119
"Sinc2",0.443115234375,1.02658750702831e-10,-73.9531466904723
"Sinc2",0.443359375,1.09547952676086e-10,-73.6710637837993
"Sinc2",0.443603515625,1.16130041848619e-10,-73.4176606135239
"Sinc2",0.44384765625,1.22385200568836e-10,-73.189817399718
"Sinc2",0.444091796875,1.28276545244814e-10,-72.9856338893662
"Sinc2",0.4443359375,1.3373557012403e-10,-72.804637104232
"Sinc2",0.444580078125,1.38654157669291e-10,-72.6477774707465
"Sinc2",0.44482421875,1.42885712768106e-10,-72.517218383087
"Sinc2",0.445068359375,1.4625593042013e-10,-72.4159715890655
"Sinc2",0.4453125,1.48581495890622e-10,-72.3474591746334
"Sinc2",0.445556640625,1.49693198990706e-10,-72.3150857439805
"Sinc2",0.44580078125,1.49458969421206e-10,-72.3218866059539
"Sinc2",0.446044921875,1.4780243097542e-10,-72.3702906673223
"Sinc2",0.4462890625,1.44713671632468e-10,-72.4620108144013
"Sinc2",0.446533203125,1.40250721460886e-10,-72.5980553991403
"Sinc2",0.44677734375,1.34532245978689e-10,-72.7788425121193
"Sinc2",0.447021484375,1.27723695451184e-10,-73.0043916832884
"Sinc2",0.447265625,1.20020201972587e-10,-73.2745629062257
"Sinc2",0.447509765625,1.11629690600046e-10,-73.5893092286875
"Sinc2",0.44775390625,1.02759013084872e-10,-73.9489071931749
"Sinc2",0.447998046875,9.36046780577254e-11,-74.3541308998554
"Sinc2",0.4482421875,8.43483212148704e-11,-74.8063420064784
"Sinc2",0.448486328125,7.51558287828668e-11,-75.307479755364
"Sinc2",0.44873046875,6.61783001900934e-11,-75.8599503591306
"Sinc2",0.448974609375,5.75529479031747e-11,-76.4664307048373
"Sinc2",0.44921875,4.94025311687465e-11,-77.1296144305764
"Sinc2",0.449462890625,4.18327949707544e-11,-77.8519376186536
"Sinc2",0.44970703125,3.4928338454966e-11,-78.6353271720228
"Sinc2",0.449951171875,2.8748074931406e-11,-79.4810187572545
"Sinc2",0.4501953125,2.33217615678736e-11,-80.3894929290447
"Sinc2",0.450439453125,1.86489034963442e-11,-81.3605734230561
"Sinc2",0.45068359375,1.47007555481534e-11,-82.3937098792334
"Sinc2",0.450927734375,1.14253517902115e-11,-83.4884106288056
"Sinc2",0.451171875,8.75473571216881e-12,-84.6446760375139
"Sinc2",0.451416015625,6.61306477089559e-12,-85.8630786752166
"Sinc2",0.45166015625,4.92415570354506e-12,-87.1437886687186
"Sinc2",0.451904296875,3.61733195654461e-12,-88.483222788198
"Sinc2",0.4521484375,2.63102237274074e-12,-89.8658610279494
"Sinc2",0.452392578125,1.91425034016859e-12,-91.2471191095185
"Sinc2",0.45263671875,1.42673343884025e-12,-92.5236780382328
"Sinc2",0.452880859375,1.13861595918417e-12,-93.5033337717296
"Sinc2",0.453125,1.03080069532476e-12,-93.9353594106186
"Sinc2",0.453369140625,1.09646032177242e-12,-93.6671772365465
"Sinc2",0.45361328125,1.34371510906517e-12,-92.7840344338697
"Sinc2",0.453857421875,1.79884067488405e-12,-91.5171794474066
"Sinc2",0.4541015625,2.50889857195603e-12,-90.0722753958563
"Sinc2",0.454345703125,3.54250072799773e-12,-88.5740069572467
"Sinc2",0.45458984375,4.98758572998255e-12,-87.0882027018838
"Sinc2",0.454833984375,6.94557291305681e-12,-85.6500256909447
"Sinc2",0.455078125,9.52196570382282e-12,-84.2798403099217
"Sinc2",0.455322265625,1.28142469509005e-11,-82.9901755461214
"Sinc2",0.45556640625,1.68985805321861e-11,-81.7886041815128
"Sinc2",0.455810546875,2.18172594536903e-11,-80.6791044754434
"Sinc2",0.4560546875,2.75689215075607e-11,-79.6629086699605
"Sinc2",0.456298828125,3.41032539953536e-11,-78.7391482429082
"Sinc2",0.45654296875,4.13212653774205e-11,-77.9053703148102
"Sinc2",0.456787109375,4.90813190185384e-11,-77.1579441838823
"Sinc2",0.45703125,5.72101619315601e-11,-76.4923746686914
"Sinc2",0.457275390625,6.55173274328552e-11,-75.9035447041631
"Sinc2",0.45751953125,7.38107249030927e-11,-75.3859117329226
"Sinc2",0.457763671875,8.19110832361771e-11,-74.9336797457921
"Sinc2",0.4580078125,8.96632317366591e-11,-74.5409625578226
"Sinc2",0.458251953125,9.69429205310493e-11,-74.2019454462576
"Sinc2",0.45849609375,1.03658836783023e-10,-73.9110431283719
"Sinc2",0.458740234375,1.09750430264195e-10,-73.6630441237331
"Sinc2",0.458984375,1.15182881242775e-10,-73.4532270590207
"Sinc2",0.459228515625,1.1994084572854e-10,-73.2774353707761
"Sinc2",0.45947265625,1.24022437644545e-10,-73.1321038079819
"Sinc2",0.459716796875,1.274343390877e-10,-73.0142417298339
"Sinc2",0.4599609375,1.30188178608938e-10,-72.9213909282548
"Sinc2",0.460205078125,1.32297656474357e-10,-72.8515849274647
"Sinc2",0.46044921875,1.3377557245068e-10,-72.8033382581585
"Sinc2",0.460693359375,1.34630060436991e-10,-72.7756860314124
"Sinc2",0.4609375,1.34859922577907e-10,-72.7682773787797
"Sinc2",0.461181640625,1.34449782613304e-10,-72.7815053952759
"Sinc2",0.46142578125,1.33366533086457e-10,-72.8166378222413
"Sinc2",0.461669921875,1.31558912917971e-10,-72.8759036767868
"Sinc2",0.4619140625,1.28961802250152e-10,-72.9624955009439
"Sinc2",0.462158203125,1.25505929496635e-10,-73.0804639945612
"Sinc2",0.46240234375,1.21132335995067e-10,-73.2345055137264
"Sinc2",0.462646484375,1.15809494832229e-10,-73.4296647669367
"Sinc2",0.462890625,1.0954986190637e-10,-73.6709880944842
"Sinc2",0.463134765625,1.02422218925121e-10,-73.963164635247
"Sinc2",0.46337890625,9.4556641289667e-11,-74.3101860649062
"Sinc2",0.463623046875,8.6140234480472e-11,-74.7150459428157
"Sinc2",0.4638671875,7.74036371007621e-11,-75.1794927577278
"Sinc2",0.464111328125,6.86002333342162e-11,-75.7038505099144
"Sinc2",0.46435546875,5.99815656031526e-11,-76.2869284662566
"Sinc2",0.464599609375,5.17732067875542e-11,-76.9260557825464
"Sinc2",0.46484375,4.41551655384477e-11,-77.6172912661134
"Sinc2",0.465087890625,3.72498326318026e-11,-78.3558631814459
"Sinc2",0.46533203125,3.11188244937716e-11,-79.1368746063713
"Sinc2",0.465576171875,2.57682641485728e-11,-79.9562548013827
"Sinc2",0.4658203125,2.11604908721235e-11,-80.8118490583356
"Sinc2",0.466064453125,1.72292349204439e-11,-81.7044465125132
"Sinc2",0.46630859375,1.38950822176477e-11,-82.63849523038
"Sinc2",0.466552734375,1.10785392626065e-11,-83.6222814270772
"Sinc2",0.466796875,8.70898455099745e-12,-84.6674312374307
"Sinc2",0.467041015625,6.72896738291696e-12,-85.7876222072577
"Sinc2",0.46728515625,5.09439521867835e-12,-86.9961800977677
"Sinc2",0.467529296875,3.77191465207523e-12,-88.3014878659165
"Sinc2",0.4677734375,2.73512753447435e-12,-89.6973306231823
"Sinc2",0.468017578125,1.96119702786907e-12,-91.1418941747805
"Sinc2",0.46826171875,1.42898258736511e-12,-92.5168370709495
"Sinc2",0.468505859375,1.11924127955574e-12,-93.57786924582
"Sinc2",0.46875,1.01679623175832e-12,-93.994767158376
"Sinc2",0.468994140625,1.1140291217235e-12,-93.5981410005881
"Sinc2",0.46923828125,1.41469163559853e-12,-92.5604885813377
"Sinc2",0.469482421875,1.93689873976788e-12,-91.1960372730932
"Sinc2",0.4697265625,2.71427541419189e-12,-89.7305673100623
"Sinc2",0.469970703125,3.79455691298803e-12,-88.2754957287897
"Sinc2",0.47021484375,5.23543932741228e-12,-86.8775751289947
"Sinc2",0.470458984375,7.09806159941477e-12,-85.5557087990889
"Sinc2",0.470703125,9.43906589709204e-12,-84.3178162584648
"Sinc2",0.470947265625,1.23026099029785e-11,-83.1671339048445
"Sinc2",0.47119140625,1.57138786813089e-11,-82.1042724803357
"Sinc2",0.471435546875,1.96754878037877e-11,-81.1278513549929
"Sinc2",0.4716796875,2.41676701487313e-11,-80.234758590348
"Sinc2",0.471923828125,2.91523656444739e-11,-79.4203684141396
"Sinc2",0.47216796875,3.45804366139499e-11,-78.6788017150169
"Sinc2",0.472412109375,4.04004169501777e-11,-78.0032479664845
"Sinc2",0.47265625,4.65666851395642e-11,-77.3863532021521
"Sinc2",0.472900390625,5.30448943909843e-11,-76.820670547989
"Sinc2",0.47314453125,5.98129628319191e-11,-76.2991532819448
"Sinc2",0.473388671875,6.68568583628891e-11,-75.8156467887162
"Sinc2",0.4736328125,7.41616164655769e-11,-75.3653145654296
"Sinc2",0.473876953125,8.16992297754181e-11,-74.9449268167998
"Sinc2",0.47412109375,8.94159517990008e-11,-74.5529564008306
"Sinc2",0.474365234375,9.72219278992928e-11,-74.1894641506144
"Sinc2",0.474609375,1.04985790931408e-10,-73.8558011946782
"Sinc2",0.474853515625,1.12535978698848e-10,-73.5541925164751
"Sinc2",0.47509765625,1.19669235597414e-10,-73.2872812696671
"Sinc2",0.475341796875,1.26165341781995e-10,-73.0577057535654
"Sinc2",0.4755859375,1.31805887031633e-10,-72.8677583569719
"Sinc2",0.475830078125,1.363941378068e-10,-72.7191493906317
"Sinc2",0.47607421875,1.39772884138239e-10,-72.6128771720015
"Sinc2",0.476318359375,1.41837602188628e-10,-72.549192631297
"Sinc2",0.4765625,1.42543196847834e-10,-72.5276414930474
"Sinc2",0.476806640625,1.41903771530158e-10,-72.5471670556792
"Sinc2",0.47705078125,1.39986052719257e-10,-72.6062587627804
"Sinc2",0.477294921875,1.3689804832088e-10,-72.7031338720947
"Sinc2",0.4775390625,1.32775091315388e-10,-72.8359403511831
"Sinc2",0.477783203125,1.2776555985048e-10,-73.0029684157819
"Sinc2",0.47802734375,1.22018308598684e-10,-73.2028564332675
"Sinc2",0.478271484375,1.15673295950675e-10,-73.4347753351415
"Sinc2",0.478515625,1.08856181133254e-10,-73.6985754946117
"Sinc2",0.478759765625,1.01676929055109e-10,-73.9948822313108
"Sinc2",0.47900390625,9.42318122608436e-11,-74.3251310036818
"Sinc2",0.479248046875,8.66077213594785e-11,-74.6915403138725
"Sinc2",0.4794921875,7.88874370989145e-11,-75.0970279699616
"Sinc2",0.479736328125,7.1154496828471e-11,-75.5450829202293
"Sinc2",0.47998046875,6.34964935461811e-11,-76.0396090089419
"Sinc2",0.480224609375,5.60060360447123e-11,-76.5847580832211
"Sinc2",0.48046875,4.87791053998361e-11,-77.1847681272661
"Sinc2",0.480712890625,4.19110763934698e-11,-77.8438182902134
"Sinc2",0.48095703125,3.54911340830809e-11,-78.5659076688575
"Sinc2",0.481201171875,2.95961175981275e-11,-79.3547589960121
"Sinc2",0.4814453125,2.42849084291589e-11,-80.2137417367074
"Sinc2",0.481689453125,1.95943392142436e-11,-81.1458002167491
"Sinc2",0.48193359375,1.55372736976803e-11,-82.1533582775065
"Sinc2",0.482177734375,1.21030840597773e-11,-83.238145942811
"Sinc2",0.482421875,9.2603329310526e-12,-84.4008404300845
"Sinc2",0.482666015625,6.96114918696006e-12,-85.6402970250737
"Sinc2",0.48291015625,5.14662767579313e-12,-86.9518789281774
"Sinc2",0.483154296875,3.75259047219564e-12,-88.323794723314
"Sinc2",0.4833984375,2.71517882245799e-12,-89.7291220626713
"Sinc2",0.483642578125,1.97592772996371e-12,-91.1093958777738
"Sinc2",0.48388671875,1.48613404776013e-12,-92.3465265978718
"Sinc2",0.484130859375,1.21041463040886e-12,-93.2377647948348
"Sinc2",0.484375,1.12935653185496e-12,-93.5387957586248
"Sinc2",0.484619140625,1.2411207576186e-12,-93.1289660468638
"Sinc2",0.48486328125,1.56183205404725e-12,-92.1307631212545
"Sinc2",0.485107421875,2.12462169416269e-12,-90.7942903221947
"Sinc2",0.4853515625,2.9773083354776e-12,-89.3288683058951
"Sinc2",0.485595703125,4.17887888969424e-12,-87.8565085908613
"Sinc2",0.48583984375,5.79510426375489e-12,-86.4364938982914
"Sinc2",0.486083984375,7.89371956101487e-12,-85.0942895067443
"Sinc2",0.486328125,1.05395645993019e-11,-83.8388797381633
"Sinc2",0.486572265625,1.37899218959403e-11,-82.6714883748971
"Sinc2",0.48681640625,1.76900723218361e-11,-81.5898103546585
"Sinc2",0.487060546875,2.22689247930205e-11,-80.5901139532504
"Sinc2",0.4873046875,2.75345781129717e-11,-79.6683221732022
"Sinc2",0.487548828125,3.34699001806555e-11,-78.8205622675686
"Sinc2",0.48779296875,4.00286269098768e-11,-78.0433995100765
"Sinc2",0.488037109375,4.71329496913982e-11,-77.3338602410804
"Sinc2",0.48828125,5.46738631489935e-11,-76.6893088251297
"Sinc2",0.488525390625,6.25154708339132e-11,-76.1072313748755
"Sinc2",0.48876953125,7.05038702754231e-11,-75.5849768586476
"Sinc2",0.489013671875,7.84801975073337e-11,-75.1195055655211
"Sinc2",0.4892578125,8.62961304601547e-11,-74.7071932161363
"Sinc2",0.489501953125,9.38290043845031e-11,-74.3437353582311
"Sinc2",0.48974609375,1.00993098943778e-10,-74.0241894528929
"Sinc2",0.489990234375,1.07743938079259e-10,-73.7431779877557
"Sinc2",0.490234375,1.14073695875514e-10,-73.4952513140425
"Sinc2",0.490478515625,1.19997820953883e-10,-73.2753728414824
"Sinc2",0.49072265625,1.25535295875971e-10,-73.0794479338295
"Sinc2",0.490966796875,1.30686893410554e-10,-72.904786095255
"Sinc2",0.4912109375,1.35416762148873e-10,-72.7503821840546
"Sinc2",0.491455078125,1.39642281530792e-10,-72.6169370801837
"Sinc2",0.49169921875,1.43235357221575e-10,-72.5066040838771
"Sinc2",0.491943359375,1.46035581260219e-10,-72.4225196028494
"Sinc2",0.4921875,1.47872677501723e-10,-72.3682270726235
"Sinc2",0.492431640625,1.48593230422185e-10,-72.3471161951095
"Sinc2",0.49267578125,1.48085559866175e-10,-72.3619793227421
"Sinc2",0.492919921875,1.46297105576737e-10,-72.4147491000653
"Sinc2",0.4931640625,1.432406986245e-10,-72.5064421337407
"Sinc2",0.493408203125,1.38989050183533e-10,-72.6373005682049
"Sinc2",0.49365234375,1.33659830946319e-10,-72.8070973640339
"Sinc2",0.493896484375,1.27395975966118e-10,-73.0155493365944
"Sinc2",0.494140625,1.20346704324921e-10,-73.2627644220381
"Sinc2",0.494384765625,1.12653998119537e-10,-73.5496403433651
"Sinc2",0.49462890625,1.04447230776747e-10,-73.878137139315
"Sinc2",0.494873046875,9.58459407326285e-11,-74.2513691953013
"Sinc2",0.4951171875,8.6968244697127e-11,-74.6734993920961
"Sinc2",0.495361328125,7.79408068701319e-11,-75.1494574644708
"Sinc2",0.49560546875,6.89060394358473e-11,-75.6845335553128
"Sinc2",0.495849609375,6.00232909232201e-11,-76.283908408983
"Sinc2",0.49609375,5.14627720287498e-11,-76.9521746823037
"Sinc2",0.496337890625,4.33932196725887e-11,-77.6928876896208
"Sinc2",0.49658203125,3.59661306030523e-11,-78.5081692690154
"Sinc2",0.496826171875,2.93003100517445e-11,-79.3983842787207
"Sinc2",0.4970703125,2.34702991015726e-11,-80.3619201968317
"Sinc2",0.497314453125,1.85011249202803e-11,-81.395125083651
"Sinc2",0.49755859375,1.43701720479082e-11,-82.4924867610642
"Sinc2",0.497802734375,1.10153110009681e-11,-83.6471388057296
"Sinc2",0.498046875,8.34718744246168e-12,-84.8517047786875
"Sinc2",0.498291015625,6.263028337923e-12,-86.0992626716322
"Sinc2",0.49853515625,4.65948467690674e-12,-87.3837275603412
"Sinc2",0.498779296875,3.44272744426789e-12,-88.6980800229122
"Sinc2",0.4990234375,2.53495807851553e-12,-90.0273986224373
"Sinc2",0.499267578125,1.87739606770382e-12,-91.3315474001324
"Sinc2",0.49951171875,1.43045525974386e-12,-92.5123636493996
"Sinc2",0.499755859375,1.17212923387972e-12,-93.3773514614763
"Sinc2",0.5,5.47800361771101e-13,-96.6808832916431
"Unfiltered OFDM",0,0.00132101397237169,-3.79737919792613
"Unfiltered OFDM",0.000244140625,0.00264420363953644,-0.783504323005809
"Unfiltered OFDM",0.00048828125,0.00264880399431569,-0.775955083190916
"Unfiltered OFDM",0.000732421875,0.00265660473281995,-0.763183889479822
"Unfiltered OFDM",0.0009765625,0.00266804231809057,-0.744526172783487
"Unfiltered OFDM",0.001220703125,0.0026831232942099,-0.720047012446587
"Unfiltered OFDM",0.00146484375,0.00270144180948669,-0.690497139278018
"Unfiltered OFDM",0.001708984375,0.00272228903907127,-0.657110964292114
"Unfiltered OFDM",0.001953125,0.0027448056264608,-0.621337356755453
"Unfiltered OFDM",0.002197265625,0.00276811422940533,-0.584613231525278
"Unfiltered OFDM",0.00244140625,0.00279137975055556,-0.548264072861786
"Unfiltered OFDM",0.002685546875,0.00281377698145262,-0.513556584657065
"Unfiltered OFDM",0.0029296875,0.00283438807007863,-0.481860195801849
"Unfiltered OFDM",0.003173828125,0.00285208964571921,-0.454821590049434
"Unfiltered OFDM",0.00341796875,0.00286550656826382,-0.434439226893467
"Unfiltered OFDM",0.003662109375,0.0028730973104967,-0.422949953691829
"Unfiltered OFDM",0.00390625,0.00287339595918248,-0.422498542821613
"Unfiltered OFDM",0.004150390625,0.0028653789683321,-0.434632620901758
"Unfiltered OFDM",0.00439453125,0.00284886941050531,-0.459727889213406
"Unfiltered OFDM",0.004638671875,0.00282485712697623,-0.496488436021101
"Unfiltered OFDM",0.0048828125,0.00279561416084114,-0.54168099293572
"Unfiltered OFDM",0.005126953125,0.00276452497533925,-0.590248131601137
"Unfiltered OFDM",0.00537109375,0.00273562155187997,-0.635893144163129
"Unfiltered OFDM",0.005615234375,0.00271289542185418,-0.672122782984812
"Unfiltered OFDM",0.005859375,0.00269952799617396,-0.693574951692473
"Unfiltered OFDM",0.006103515625,0.0026972156571605,-0.697296589034534
"Unfiltered OFDM",0.00634765625,0.00270575472889897,-0.683569048221685
"Unfiltered OFDM",0.006591796875,0.00272299484408002,-0.655985119510118
"Unfiltered OFDM",0.0068359375,0.00274518200593367,-0.620741874436106
"Unfiltered OFDM",0.007080078125,0.00276761864997318,-0.585390824729257
"Unfiltered OFDM",0.00732421875,0.00278549319043691,-0.557432298688006
"Unfiltered OFDM",0.007568359375,0.00279469615770436,-0.54310733128741
"Unfiltered OFDM",0.0078125,0.00279245268964351,-0.546595070304711
"Unfiltered OFDM",0.008056640625,0.00277765642303522,-0.569668054784057
"Unfiltered OFDM",0.00830078125,0.00275087033840429,-0.611752104577524
"Unfiltered OFDM",0.008544921875,0.00271404207185262,-0.670287553539155
"Unfiltered OFDM",0.0087890625,0.0026700418602651,-0.741272607855204
"Unfiltered OFDM",0.009033203125,0.00262215564235172,-0.819868645855364
"Unfiltered OFDM",0.00927734375,0.00257365072776511,-0.900957228567389
"Unfiltered OFDM",0.009521484375,0.00252748570666139,-0.979566227016753
"Unfiltered OFDM",0.009765625,0.00248617720455374,-1.05113250821258
"Unfiltered OFDM",0.010009765625,0.00245178350719857,-1.11163211686119
"Unfiltered OFDM",0.01025390625,0.00242593496747177,-1.15766176499657
"Unfiltered OFDM",0.010498046875,0.00240984088691884,-1.18656962339443
"Unfiltered OFDM",0.0107421875,0.00240422940404445,-1.19669426638507
"Unfiltered OFDM",0.010986328125,0.00240921936187242,-1.18768986213636
"Unfiltered OFDM",0.01123046875,0.0024241653236303,-1.1608309637482
"Unfiltered OFDM",0.011474609375,0.00244754394314512,-1.11914833108578
"Unfiltered OFDM",0.01171875,0.00247695245645397,-1.06727660310296
"Unfiltered OFDM",0.011962890625,0.0025092670358334,-1.01098449636752
"Unfiltered OFDM",0.01220703125,0.00254096716597105,-0.956462777734961
"Unfiltered OFDM",0.012451171875,0.00256858469770049,-0.909514400427455
"Unfiltered OFDM",0.0126953125,0.00258919701133574,-0.874802339186863
"Unfiltered OFDM",0.012939453125,0.00260086432722364,-0.855276329323909
"Unfiltered OFDM",0.01318359375,0.00260291734490514,-0.851849535685119
"Unfiltered OFDM",0.013427734375,0.00259603161314532,-0.863353541898132
"Unfiltered OFDM",0.013671875,0.00258207142451118,-0.886770795418273
"Unfiltered OFDM",0.013916015625,0.00256373664222277,-0.91771920378531
"Unfiltered OFDM",0.01416015625,0.00254408801914945,-0.951131982158354
"Unfiltered OFDM",0.014404296875,0.00252605012147825,-0.982033674607167
"Unfiltered OFDM",0.0146484375,0.00251199077788682,-1.00627290296272
"Unfiltered OFDM",0.014892578125,0.00250345296183995,-1.02105895249592
"Unfiltered OFDM",0.01513671875,0.00250107570657984,-1.02518493113487
"Unfiltered OFDM",0.015380859375,0.00250469536765902,-1.01890418403829
"Unfiltered OFDM",0.015625,0.00251357871217242,-1.00352841351859
"Unfiltered OFDM",0.015869140625,0.00252671455810419,-0.980891483429923
"Unfiltered OFDM",0.01611328125,0.0025430864242578,-0.952842114747689
"Unfiltered OFDM",0.016357421875,0.00256186473159354,-0.920891360313863
"Unfiltered OFDM",0.0166015625,0.00258248790951189,-0.886070340156561
"Unfiltered OFDM",0.016845703125,0.00260463780419831,-0.848979912673349
"Unfiltered OFDM",0.01708984375,0.00262814534909945,-0.809959508373445
"Unfiltered OFDM",0.017333984375,0.0026528787133645,-0.769279359862244
"Unfiltered OFDM",0.017578125,0.00267866378637399,-0.727271245944169
"Unfiltered OFDM",0.017822265625,0.0027052674613031,-0.684351220688288
"Unfiltered OFDM",0.01806640625,0.00273244480054801,-0.640939336510282
"Unfiltered OFDM",0.018310546875,0.00276002217595374,-0.597327594607686
"Unfiltered OFDM",0.0185546875,0.0027879702569756,-0.553571947184705
"Unfiltered OFDM",0.018798828125,0.0028164201855196,-0.509478826841043
"Unfiltered OFDM",0.01904296875,0.00284559439964689,-0.464723335134992
"Unfiltered OFDM",0.019287109375,0.00287565478492938,-0.419085820785899
"Unfiltered OFDM",0.01953125,0.00290650464606494,-0.372743094511679
"Unfiltered OFDM",0.019775390625,0.00293760536231059,-0.326518786825681
"Unfiltered OFDM",0.02001953125,0.00296787403967316,-0.281998659752583
"Unfiltered OFDM",0.020263671875,0.00299571152624525,-0.241453405610886
"Unfiltered OFDM",0.0205078125,0.00301917489011996,-0.207570600718176
"Unfiltered OFDM",0.020751953125,0.00303626550214767,-0.183055857864333
"Unfiltered OFDM",0.02099609375,0.00304526707871961,-0.17019943446593
"Unfiltered OFDM",0.021240234375,0.00304504990051578,-0.170509169725601
"Unfiltered OFDM",0.021484375,0.00303526467387957,-0.184487635968044
"Unfiltered OFDM",0.021728515625,0.00301638058840598,-0.211591936968598
"Unfiltered OFDM",0.02197265625,0.00298956740530939,-0.250369811300225
"Unfiltered OFDM",0.022216796875,0.00295646617748381,-0.298724160115498
"Unfiltered OFDM",0.0224609375,0.00291892257483276,-0.354227555977634
"Unfiltered OFDM",0.022705078125,0.00287876085228405,-0.414397427980783
"Unfiltered OFDM",0.02294921875,0.00283765388993421,-0.476859077302017
"Unfiltered OFDM",0.023193359375,0.00279710337622414,-0.53936813506581
"Unfiltered OFDM",0.0234375,0.0027584988181363,-0.599725287437309
"Unfiltered OFDM",0.023681640625,0.00272319122246658,-0.655671924005438
"Unfiltered OFDM",0.02392578125,0.00269250965069687,-0.704880623624793
"Unfiltered OFDM",0.024169921875,0.00266767050673829,-0.745131436313099
"Unfiltered OFDM",0.0244140625,0.00264957408766227,-0.774692631594775
"Unfiltered OFDM",0.024658203125,0.00263853564167415,-0.79282365908721
"Unfiltered OFDM",0.02490234375,0.00263404005064509,-0.800229568319715
"Unfiltered OFDM",0.025146484375,0.00263462381923981,-0.799267170692181
"Unfiltered OFDM",0.025390625,0.00263796705613172,-0.793759633457604
"Unfiltered OFDM",0.025634765625,0.00264122483066663,-0.788399594596624
"Unfiltered OFDM",0.02587890625,0.00264155605185267,-0.787855004401524
"Unfiltered OFDM",0.026123046875,0.00263674026102313,-0.795779803767189
"Unfiltered OFDM",0.0263671875,0.00262573038098461,-0.81395201772843
"Unfiltered OFDM",0.026611328125,0.0026089880039139,-0.841732487408728
"Unfiltered OFDM",0.02685546875,0.00258849109239336,-0.875986561554471
"Unfiltered OFDM",0.027099609375,0.00256738254062415,-0.911547474899866
"Unfiltered OFDM",0.02734375,0.00254932141264287,-0.942207371851313
"Unfiltered OFDM",0.027587890625,0.00253768106023432,-0.962082925947683
"Unfiltered OFDM",0.02783203125,0.0025347860516016,-0.967040223385179
"Unfiltered OFDM",0.028076171875,0.00254137824351426,-0.955760233162891
"Unfiltered OFDM",0.0283203125,0.00255645010115038,-0.93008010730223
"Unfiltered OFDM",0.028564453125,0.00257749314665231,-0.894478117635677
"Unfiltered OFDM",0.02880859375,0.00260110442757304,-0.854875426274177
"Unfiltered OFDM",0.029052734375,0.00262380168465829,-0.817143243913936
"Unfiltered OFDM",0.029296875,0.00264284290579729,-0.785739821264547
"Unfiltered OFDM",0.029541015625,0.00265684299578064,-0.762794401168573
"Unfiltered OFDM",0.02978515625,0.00266603066804733,-0.747801900569711
"Unfiltered OFDM",0.030029296875,0.00267207985250945,-0.737958985004926
"Unfiltered OFDM",0.0302734375,0.00267755884421174,-0.729063069487714
"Unfiltered OFDM",0.030517578125,0.0026851393991293,-0.716784939285803
"Unfiltered OFDM",0.03076171875,0.00269677171673555,-0.698011462332973
"Unfiltered OFDM",0.031005859375,0.00271304317415132,-0.671886259824007
"Unfiltered OFDM",0.03125,0.0027328951127527,-0.640223669747831
"Unfiltered OFDM",0.031494140625,0.00275378309202696,-0.60715601888559
"Unfiltered OFDM",0.03173828125,0.00277225343200975,-0.578124011694056
"Unfiltered OFDM",0.031982421875,0.00278480044271998,-0.558512516472491
"Unfiltered OFDM",0.0322265625,0.00278879187735117,-0.552292261269057
"Unfiltered OFDM",0.032470703125,0.0027832250129102,-0.560970121944038
"Unfiltered OFDM",0.03271484375,0.00276911017466662,-0.583050955899951
"Unfiltered OFDM",0.032958984375,0.0027493656869161,-0.614128227535887
"Unfiltered OFDM",0.033203125,0.00272822798605242,-0.647646713795939
"Unfiltered OFDM",0.033447265625,0.00271030398805932,-0.676273268327199
"Unfiltered OFDM",0.03369140625,0.00269948885333437,-0.693637924339943
"Unfiltered OFDM",0.033935546875,0.00269801584441419,-0.696008351778305
"Unfiltered OFDM",0.0341796875,0.00270588306677658,-0.683363060924757
"Unfiltered OFDM",0.034423828125,0.00272081750771294,-0.65945917467141
"Unfiltered OFDM",0.03466796875,0.00273880872993745,-0.630836274577281
"Unfiltered OFDM",0.034912109375,0.00275510327423008,-0.605074480735113
"Unfiltered OFDM",0.03515625,0.0027654311175788,-0.588824856004141
"Unfiltered OFDM",0.035400390625,0.00276716803031427,-0.586097994284426
"Unfiltered OFDM",0.03564453125,0.00276014091861927,-0.597140754894692
"Unfiltered OFDM",0.035888671875,0.00274685868368691,-0.618090139097876
"Unfiltered OFDM",0.0361328125,0.00273208232917236,-0.64151548633911
"Unfiltered OFDM",0.036376953125,0.002721804355074,-0.657884263244934
"Unfiltered OFDM",0.03662109375,0.00272185140695767,-0.657809187324139
"Unfiltered OFDM",0.036865234375,0.00273642061242849,-0.634624778244234
"Unfiltered OFDM",0.037109375,0.00276688507350109,-0.586542104886119
"Unfiltered OFDM",0.037353515625,0.00281115079681573,-0.517611881450522
"Unfiltered OFDM",0.03759765625,0.00286372805105537,-0.437135573912689
"Unfiltered OFDM",0.037841796875,0.00291652278977626,-0.357799566000604
"Unfiltered OFDM",0.0380859375,0.00296019537909116,-0.293249546166548
"Unfiltered OFDM",0.038330078125,0.00298581123656374,-0.255829828721606
"Unfiltered OFDM",0.03857421875,0.00298644873020057,-0.254902675612679
"Unfiltered OFDM",0.038818359375,0.00295844565941079,-0.295817343805418
"Unfiltered OFDM",0.0390625,0.00290205048786406,-0.379403672444498
"Unfiltered OFDM",0.039306640625,0.00282137585021649,-0.501843863203878
"Unfiltered OFDM",0.03955078125,0.00272369748928404,-0.654864604827599
"Unfiltered OFDM",0.039794921875,0.00261826804174403,-0.826312261498931
"Unfiltered OFDM",0.0400390625,0.00251489527006098,-1.00125426895229
"Unfiltered OFDM",0.040283203125,0.00242255480429859,-1.16371720296168
"Unfiltered OFDM",0.04052734375,0.00234827000292154,-1.29897300555526
"Unfiltered OFDM",0.040771484375,0.00229641152325004,-1.39595613502721
"Unfiltered OFDM",0.041015625,0.00226847023326971,-1.44912246113148
"Unfiltered OFDM",0.041259765625,0.00226326407064131,-1.45910101920423
"Unfiltered OFDM",0.04150390625,0.00227747186830839,-1.43192309762189
"Unfiltered OFDM",0.041748046875,0.00230635480696511,-1.37719211505629
"Unfiltered OFDM",0.0419921875,0.00234452806247496,-1.30589895638175
"Unfiltered OFDM",0.042236328125,0.00238667192654436,-1.22852606255338
"Unfiltered OFDM",0.04248046875,0.00242810966745125,-1.1537703287404
"Unfiltered OFDM",0.042724609375,0.00246521603947134,-1.0879034624204
"Unfiltered OFDM",0.04296875,0.00249564769418715,-1.03462054150616
"Unfiltered OFDM",0.043212890625,0.00251840298151641,-0.995201061295283
"Unfiltered OFDM",0.04345703125,0.00253372702738726,-0.968855068772841
"Unfiltered OFDM",0.043701171875,0.00254288406164149,-0.953187712379051
"Unfiltered OFDM",0.0439453125,0.00254782721748549,-0.944753582595447
"Unfiltered OFDM",0.044189453125,0.00255080748447228,-0.939676483607085
"Unfiltered OFDM",0.04443359375,0.0025539752657219,-0.934286439953881
"Unfiltered OFDM",0.044677734375,0.00255903461394398,-0.925691706973851
"Unfiltered OFDM",0.044921875,0.00256700635350601,-0.912183873868584
"Unfiltered OFDM",0.045166015625,0.00257813941390531,-0.893389326687195
"Unfiltered OFDM",0.04541015625,0.00259198170944825,-0.870133983950919
"Unfiltered OFDM",0.045654296875,0.00260758895020431,-0.8440619894016
"Unfiltered OFDM",0.0458984375,0.00262382034504267,-0.81711235715448
"Unfiltered OFDM",0.046142578125,0.00263965221605061,-0.7909862023288
"Unfiltered OFDM",0.04638671875,0.00265443882998523,-0.766726092402775
"Unfiltered OFDM",0.046630859375,0.00266806431513209,-0.744490366925753
"Unfiltered OFDM",0.046875,0.00268095594217409,-0.723556539577851
"Unfiltered OFDM",0.047119140625,0.00269396012714156,-0.702541674527263
"Unfiltered OFDM",0.04736328125,0.00270811079780017,-0.679789021612877
"Unfiltered OFDM",0.047607421875,0.00272433969712711,-0.653840722962524
"Unfiltered OFDM",0.0478515625,0.00274318727647027,-0.623898732119749
"Unfiltered OFDM",0.048095703125,0.00276457142788921,-0.590175157340446
"Unfiltered OFDM",0.04833984375,0.0027876615000305,-0.554052938195188
"Unfiltered OFDM",0.048583984375,0.00281088920759458,-0.518016029251899
"Unfiltered OFDM",0.048828125,0.00283210794513515,-0.485355286001479
"Unfiltered OFDM",0.049072265625,0.00284888884142675,-0.459698267942768
"Unfiltered OFDM",0.04931640625,0.00285891710504805,-0.444437678932099
"Unfiltered OFDM",0.049560546875,0.00286042861284969,-0.442142173308673
"Unfiltered OFDM",0.0498046875,0.00285260889742544,-0.454030985078287
"Unfiltered OFDM",0.050048828125,0.00283587048110079,-0.479589389503708
"Unfiltered OFDM",0.05029296875,0.00281193501562644,-0.516400511339281
"Unfiltered OFDM",0.050537109375,0.00278367601277949,-0.560266438677178
"Unfiltered OFDM",0.05078125,0.00275472319021156,-0.605673658924234
"Unfiltered OFDM",0.051025390625,0.00272888219201894,-0.646605437247077
"Unfiltered OFDM",0.05126953125,0.00270947120298878,-0.677607913956746
"Unfiltered OFDM",0.051513671875,0.0026987054743356,-0.694898409450869
"Unfiltered OFDM",0.0517578125,0.00269726199187733,-0.697221983435434
"Unfiltered OFDM",0.052001953125,0.00270412620452621,-0.68618374225582
"Unfiltered OFDM",0.05224609375,0.00271676610838227,-0.665930801861388
"Unfiltered OFDM",0.052490234375,0.00273160882120123,-0.642268244479556
"Unfiltered OFDM",0.052734375,0.00274472808974837,-0.621460040276849
"Unfiltered OFDM",0.052978515625,0.00275260445729781,-0.609015221719686
"Unfiltered OFDM",0.05322265625,0.00275280445349526,-0.608699687500875
"Unfiltered OFDM",0.053466796875,0.00274444431741469,-0.621909072479154
"Unfiltered OFDM",0.0537109375,0.00272835179008422,-0.647449640134185
"Unfiltered OFDM",0.053955078125,0.00270690394062806,-0.681724866460168
"Unfiltered OFDM",0.05419921875,0.00268358426219826,-0.719300946624791
"Unfiltered OFDM",0.054443359375,0.00266235401451618,-0.753795276382413
"Unfiltered OFDM",0.0546875,0.00264696126861293,-0.778977443876994
"Unfiltered OFDM",0.054931640625,0.00264031299197688,-0.789899182514298
"Unfiltered OFDM",0.05517578125,0.00264401366064734,-0.783816363069834
"Unfiltered OFDM",0.055419921875,0.00265813561793402,-0.760681961137228
"Unfiltered OFDM",0.0556640625,0.00268124103185268,-0.723094740524309
"Unfiltered OFDM",0.055908203125,0.00271063181932966,-0.675747988866471
"Unfiltered OFDM",0.05615234375,0.00274276935793146,-0.624560420600845
"Unfiltered OFDM",0.056396484375,0.00277378460933507,-0.575725968712245
"Unfiltered OFDM",0.056640625,0.00279999319384354,-0.534883552955718
"Unfiltered OFDM",0.056884765625,0.00281833840538369,-0.506521921693134
"Unfiltered OFDM",0.05712890625,0.00282670557728055,-0.493647551692739
"Unfiltered OFDM",0.057373046875,0.00282407935619319,-0.497684348074277
"Unfiltered OFDM",0.0576171875,0.00281054579761171,-0.518546644871003
"Unfiltered OFDM",0.057861328125,0.00278716769768168,-0.554822309338945
"Unfiltered OFDM",0.05810546875,0.00275577875732751,-0.604009828718895
"Unfiltered OFDM",0.058349609375,0.0027187465641438,-0.662766055134573
"Unfiltered OFDM",0.05859375,0.00267874571068236,-0.727138423261574
"Unfiltered OFDM",0.058837890625,0.00263856406958451,-0.792776867912983
"Unfiltered OFDM",0.05908203125,0.00260094377764985,-0.855143664369751
"Unfiltered OFDM",0.059326171875,0.00256844152283194,-0.909756486228471
"Unfiltered OFDM",0.0595703125,0.00254328665371379,-0.952500187222666
"Unfiltered OFDM",0.059814453125,0.00252722310568549,-0.9800174741968
"Unfiltered OFDM",0.06005859375,0.00252133977442213,-0.990139560502166
"Unfiltered OFDM",0.060302734375,0.00252591669453368,-0.982263076691089
"Unfiltered OFDM",0.060546875,0.00254033161100478,-0.957549185082187
"Unfiltered OFDM",0.060791015625,0.00256307451934863,-0.918840978327487
"Unfiltered OFDM",0.06103515625,0.00259190202965834,-0.870267491933816
"Unfiltered OFDM",0.061279296875,0.00262413101514431,-0.816598166752429
"Unfiltered OFDM",0.0615234375,0.00265703054439106,-0.762487840141046
"Unfiltered OFDM",0.061767578125,0.00268823541784326,-0.711780322865275
"Unfiltered OFDM",0.06201171875,0.00271608671590237,-0.66701699512356
"Unfiltered OFDM",0.062255859375,0.00273981316683066,-0.629243825186741
"Unfiltered OFDM",0.0625,0.0027595025329485,-0.598145339258917
"Unfiltered OFDM",0.062744140625,0.0027758663909687,-0.572467723037442
"Unfiltered OFDM",0.06298828125,0.00278985952674272,-0.550629944657276
"Unfiltered OFDM",0.063232421875,0.00280225909252089,-0.531370439673835
"Unfiltered OFDM",0.0634765625,0.00281332422218681,-0.514255455511099
"Unfiltered OFDM",0.063720703125,0.00282263751163791,-0.499902221441719
"Unfiltered OFDM",0.06396484375,0.0028291797208329,-0.489847945073698
"Unfiltered OFDM",0.064208984375,0.00283162204872704,-0.486100456161648
"Unfiltered OFDM",0.064453125,0.00282875593867631,-0.490498522469964
"Unfiltered OFDM",0.064697265625,0.00281993795399715,-0.504057781552712
"Unfiltered OFDM",0.06494140625,0.00280541992420767,-0.526474539244871
"Unfiltered OFDM",0.065185546875,0.00278646494828366,-0.555917466507434
"Unfiltered OFDM",0.0654296875,0.00276520919330991,-0.589173388832206
"Unfiltered OFDM",0.065673828125,0.00274430022176725,-0.622137102565522
"Unfiltered OFDM",0.06591796875,0.00272640393440554,-0.650551311598416
"Unfiltered OFDM",0.066162109375,0.00271370632707307,-0.670824837490272
"Unfiltered OFDM",0.06640625,0.00270753383351022,-0.680714386644698
"Unfiltered OFDM",0.066650390625,0.00270817895609212,-0.679679718856064
"Unfiltered OFDM",0.06689453125,0.00271495838550653,-0.668821537942026
"Unfiltered OFDM",0.067138671875,0.00272646732826729,-0.650450331388111
"Unfiltered OFDM",0.0673828125,0.00274094507045086,-0.627449987611695
"Unfiltered OFDM",0.067626953125,0.00275664619623794,-0.602643011253
"Unfiltered OFDM",0.06787109375,0.00277212331455393,-0.578327855320341
"Unfiltered OFDM",0.068115234375,0.00278636455019937,-0.556073948359317
"Unfiltered OFDM",0.068359375,0.00279877882706543,-0.536767511784686
"Unfiltered OFDM",0.068603515625,0.00280906777240002,-0.520831137213247
"Unfiltered OFDM",0.06884765625,0.00281705121396956,-0.508505884385296
"Unfiltered OFDM",0.069091796875,0.00282251687547932,-0.50008783768675
"Unfiltered OFDM",0.0693359375,0.00282514565754385,-0.496044870811439
"Unfiltered OFDM",0.069580078125,0.00282453072875671,-0.49699027073105
"Unfiltered OFDM",0.06982421875,0.00282027410805456,-0.503540106505142
"Unfiltered OFDM",0.070068359375,0.00281212015490222,-0.516114578988181
"Unfiltered OFDM",0.0703125,0.00280007824687011,-0.534751632995405
"Unfiltered OFDM",0.070556640625,0.00278449701973592,-0.558985735684353
"Unfiltered OFDM",0.07080078125,0.00276607382927938,-0.587815632839895
"Unfiltered OFDM",0.071044921875,0.0027458061339519,-0.619754600930571
"Unfiltered OFDM",0.0712890625,0.00272490727804142,-0.652936020859162
"Unfiltered OFDM",0.071533203125,0.00270471248136757,-0.685242258093112
"Unfiltered OFDM",0.07177734375,0.00268659210307027,-0.71443597109733
"Unfiltered OFDM",0.072021484375,0.00267187394507891,-0.738293660282068
"Unfiltered OFDM",0.072265625,0.00266176265626365,-0.754760032201404
"Unfiltered OFDM",0.072509765625,0.00265723956022928,-0.762146214956679
"Unfiltered OFDM",0.07275390625,0.00265893392262578,-0.759377861868002
"Unfiltered OFDM",0.072998046875,0.00266697477563301,-0.74626422833818
"Unfiltered OFDM",0.0732421875,0.00268085398130844,-0.723721711569978
"Unfiltered OFDM",0.073486328125,0.00269934688853791,-0.693866323686362
"Unfiltered OFDM",0.07373046875,0.0027205385197891,-0.659904515558268
"Unfiltered OFDM",0.073974609375,0.00274198695991921,-0.625799458844243
"Unfiltered OFDM",0.07421875,0.00276102400755028,-0.595751480500008
"Unfiltered OFDM",0.074462890625,0.00277515455241023,-0.573581563402287
"Unfiltered OFDM",0.07470703125,0.00278248228163496,-0.562129234628975
"Unfiltered OFDM",0.074951171875,0.00278207147611276,-0.562770474086866
"Unfiltered OFDM",0.0751953125,0.0027741598679039,-0.575138462018022
"Unfiltered OFDM",0.075439453125,0.00276016606321854,-0.597101191295249
"Unfiltered OFDM",0.07568359375,0.00274248005357528,-0.625018533901341
"Unfiltered OFDM",0.075927734375,0.00272407484847971,-0.654262945997258
"Unfiltered OFDM",0.076171875,0.00270801775296361,-0.679938238377999
"Unfiltered OFDM",0.076416015625,0.00269698037119672,-0.697675453262922
"Unfiltered OFDM",0.07666015625,0.00269284201237289,-0.704344566367599
"Unfiltered OFDM",0.076904296875,0.00269645405039315,-0.698523069841004
"Unfiltered OFDM",0.0771484375,0.00270759156053207,-0.68062179219777
"Unfiltered OFDM",0.077392578125,0.00272507536149977,-0.652668138470126
"Unfiltered OFDM",0.07763671875,0.00274701425258224,-0.617844182507324
"Unfiltered OFDM",0.077880859375,0.00277110169604198,-0.579928668155909
"Unfiltered OFDM",0.078125,0.00279490535255735,-0.542782255626206
"Unfiltered OFDM",0.078369140625,0.00281610745210672,-0.509961091303448
"Unfiltered OFDM",0.07861328125,0.00283268036838152,-0.484477582389973
"Unfiltered OFDM",0.078857421875,0.00284300517250479,-0.468676811288824
"Unfiltered OFDM",0.0791015625,0.00284595374327016,-0.464174939693255
"Unfiltered OFDM",0.079345703125,0.00284095416882412,-0.471811033636483
"Unfiltered OFDM",0.07958984375,0.00282804698688664,-0.491587101498982
"Unfiltered OFDM",0.079833984375,0.00280792278727169,-0.522601696464494
"Unfiltered OFDM",0.080078125,0.00278191801883933,-0.563010034737124
"Unfiltered OFDM",0.080322265625,0.00275194229477441,-0.610060079886481
"Unfiltered OFDM",0.08056640625,0.0027203199817478,-0.66025339382976
"Unfiltered OFDM",0.080810546875,0.00268954931501449,-0.709658191426571
"Unfiltered OFDM",0.0810546875,0.00266200731124062,-0.754360870302252
"Unfiltered OFDM",0.081298828125,0.00263964982615244,-0.790990134362171
"Unfiltered OFDM",0.08154296875,0.00262376549948741,-0.817203138411673
"Unfiltered OFDM",0.081787109375,0.00261483581141918,-0.832009067624937
"Unfiltered OFDM",0.08203125,0.00261253182850957,-0.835837407997232
"Unfiltered OFDM",0.082275390625,0.00261584710331183,-0.83032975155396
"Unfiltered OFDM",0.08251953125,0.00262333438152963,-0.817916797975161
"Unfiltered OFDM",0.082763671875,0.00263339036616513,-0.801300885313887
"Unfiltered OFDM",0.0830078125,0.00264452435377987,-0.782977601168211
"Unfiltered OFDM",0.083251953125,0.00265555510994225,-0.764900123340583
"Unfiltered OFDM",0.08349609375,0.0026657028431918,-0.748335957741411
"Unfiltered OFDM",0.083740234375,0.00267457257013066,-0.733909447085889
"Unfiltered OFDM",0.083984375,0.00268205289994167,-0.721779914828534
"Unfiltered OFDM",0.084228515625,0.00268817274377413,-0.711881576347391
"Unfiltered OFDM",0.08447265625,0.00269296340798553,-0.70414878712721
"Unfiltered OFDM",0.084716796875,0.00269636501987058,-0.69866646595415
"Unfiltered OFDM",0.0849609375,0.00269819823034109,-0.695714778541361
"Unfiltered OFDM",0.085205078125,0.00269820091000776,-0.69571046542657
"Unfiltered OFDM",0.08544921875,0.00269611149893297,-0.699074822834139
"Unfiltered OFDM",0.085693359375,0.00269177034187538,-0.706073272387693
"Unfiltered OFDM",0.0859375,0.00268520932997864,-0.716671834593655
"Unfiltered OFDM",0.086181640625,0.00267670708952488,-0.730444817679283
"Unfiltered OFDM",0.08642578125,0.00266679840318605,-0.746551445577952
"Unfiltered OFDM",0.086669921875,0.00265623854891109,-0.763782558188079
"Unfiltered OFDM",0.0869140625,0.002645932617418,-0.780665509245402
"Unfiltered OFDM",0.087158203125,0.00263684502192564,-0.795607256706909
"Unfiltered OFDM",0.08740234375,0.0026299053630317,-0.807052102533372
"Unfiltered OFDM",0.087646484375,0.00262592463627533,-0.813630732340862
"Unfiltered OFDM",0.087890625,0.00262553182283512,-0.814280444325139
"Unfiltered OFDM",0.088134765625,0.00262913621249263,-0.808322439846564
"Unfiltered OFDM",0.08837890625,0.0026369159127175,-0.795490499500405
"Unfiltered OFDM",0.088623046875,0.0026488282152583,-0.775915371027797
"Unfiltered OFDM",0.0888671875,0.00266463335076203,-0.750078717109751
"Unfiltered OFDM",0.089111328125,0.00268392065867527,-0.718756577738144
"Unfiltered OFDM",0.08935546875,0.00270612661456701,-0.682972184086906
"Unfiltered OFDM",0.089599609375,0.00273053842527571,-0.643970384787682
"Unfiltered OFDM",0.08984375,0.00275628480928728,-0.603212393886571
"Unfiltered OFDM",0.090087890625,0.00278232522875115,-0.562374372311431
"Unfiltered OFDM",0.09033203125,0.00280745680181361,-0.523322484473024
"Unfiltered OFDM",0.090576171875,0.00283036042315927,-0.488035880844079
"Unfiltered OFDM",0.0908203125,0.00284970131752292,-0.458459877822431
"Unfiltered OFDM",0.091064453125,0.00286428404601338,-0.436292469747076
"Unfiltered OFDM",0.09130859375,0.00287324111572996,-0.422732584596393
"Unfiltered OFDM",0.091552734375,0.00287621421180577,-0.418241031009409
"Unfiltered OFDM",0.091796875,0.00287347548032162,-0.422378353628961
"Unfiltered OFDM",0.092041015625,0.00286593972631759,-0.433782784720821
"Unfiltered OFDM",0.09228515625,0.00285503926515375,-0.450332455221052
"Unfiltered OFDM",0.092529296875,0.00284246809701516,-0.469497319665694
"Unfiltered OFDM",0.0927734375,0.00282984204642875,-0.48883135823363
"Unfiltered OFDM",0.093017578125,0.00281835412978802,-0.506497691093401
"Unfiltered OFDM",0.09326171875,0.00280851774716598,-0.52168158416766
"Unfiltered OFDM",0.093505859375,0.00280007706350443,-0.534753468405878
"Unfiltered OFDM",0.09375,0.00279212464850907,-0.547105284224439
"Unfiltered OFDM",0.093994140625,0.00278341016061212,-0.560681227045032
"Unfiltered OFDM",0.09423828125,0.00277276620486174,-0.577320788494487
"Unfiltered OFDM",0.094482421875,0.00275953618474598,-0.598092377898435
"Unfiltered OFDM",0.0947265625,0.00274387828005849,-0.62280489045216
"Unfiltered OFDM",0.094970703125,0.00272684558383379,-0.649847856128795
"Unfiltered OFDM",0.09521484375,0.00271020004454044,-0.67643982884043
"Unfiltered OFDM",0.095458984375,0.00269599224118061,-0.699266929612042
"Unfiltered OFDM",0.095703125,0.00268600917267758,-0.715378395226266
"Unfiltered OFDM",0.095947265625,0.00268123724124977,-0.723100880364296
"Unfiltered OFDM",0.09619140625,0.00268149296200144,-0.722686695397933
"Unfiltered OFDM",0.096435546875,0.00268533621095877,-0.716466627472264
"Unfiltered OFDM",0.0966796875,0.00269030906661854,-0.708431557162083
"Unfiltered OFDM",0.096923828125,0.00269345667630212,-0.703353365658997
"Unfiltered OFDM",0.09716796875,0.00269200899567235,-0.70568824164746
"Unfiltered OFDM",0.097412109375,0.00268405548493033,-0.718538416192595
"Unfiltered OFDM",0.09765625,0.00266904225923266,-0.742898808933333
"Unfiltered OFDM",0.097900390625,0.00264796388556505,-0.777332733131166
"Unfiltered OFDM",0.09814453125,0.0026231985499106,-0.818141673806094
"Unfiltered OFDM",0.098388671875,0.00259802500729102,-0.860020039075559
"Unfiltered OFDM",0.0986328125,0.00257593854486445,-0.897098332820118
"Unfiltered OFDM",0.098876953125,0.00255993047759906,-0.924171600315759
"Unfiltered OFDM",0.09912109375,0.00255189978512417,-0.937817156281886
"Unfiltered OFDM",0.099365234375,0.00255232665031762,-0.937090757479608
"Unfiltered OFDM",0.099609375,0.00256026761601478,-0.923599679655184
"Unfiltered OFDM",0.099853515625,0.00257365044241053,-0.900957710093208
"Unfiltered OFDM",0.10009765625,0.00258977536078251,-0.873832363074468
"Unfiltered OFDM",0.100341796875,0.00260588633810521,-0.846898619575746
"Unfiltered OFDM",0.1005859375,0.00261967077381006,-0.823986160214121
"Unfiltered OFDM",0.100830078125,0.00262957769330838,-0.807593239947005
"Unfiltered OFDM",0.10107421875,0.00263490215582243,-0.79880838163743
"Unfiltered OFDM",0.101318359375,0.00263565013314122,-0.797575712245258
"Unfiltered OFDM",0.1015625,0.00263225512839166,-0.803173504763163
"Unfiltered OFDM",0.101806640625,0.00262525066191547,-0.814745543141942
"Unfiltered OFDM",0.10205078125,0.00261500435312524,-0.831729148045619
"Unfiltered OFDM",0.102294921875,0.00260159155091799,-0.854062174905233
"Unfiltered OFDM",0.1025390625,0.00258483906749281,-0.882118219409399
"Unfiltered OFDM",0.102783203125,0.00256451698684454,-0.916397508758705
"Unfiltered OFDM",0.10302734375,0.00254061358148247,-0.957067155782489
"Unfiltered OFDM",0.103271484375,0.00251360619890233,-1.00348092238652
"Unfiltered OFDM",0.103515625,0.00248464418270267,-1.05381127254466
"Unfiltered OFDM",0.103759765625,0.00245558578056422,-1.10490221097883
"Unfiltered OFDM",0.10400390625,0.00242887087416042,-1.15240903905329
"Unfiltered OFDM",0.104248046875,0.00240725344517414,-1.19123514041597
"Unfiltered OFDM",0.1044921875,0.00239345059361231,-1.21620863904269
"Unfiltered OFDM",0.104736328125,0.00238978083232722,-1.22287257497553
"Unfiltered OFDM",0.10498046875,0.0023978608896205,-1.20821346791859
"Unfiltered OFDM",0.105224609375,0.00241841051067054,-1.17115309302345
"Unfiltered OFDM",0.10546875,0.00245118599479938,-1.11269064410276
"Unfiltered OFDM",0.105712890625,0.002495034244686,-1.03568820215005
"Unfiltered OFDM",0.10595703125,0.00254803758459701,-0.944395012345624
"Unfiltered OFDM",0.106201171875,0.00260770992427563,-0.843860511507809
"Unfiltered OFDM",0.1064453125,0.00267120726121132,-0.739377443646731
"Unfiltered OFDM",0.106689453125,0.00273552662881497,-0.636043842195695
"Unfiltered OFDM",0.10693359375,0.00279768192871925,-0.538469933818344
"Unfiltered OFDM",0.107177734375,0.00285485711694375,-0.450609538927049
"Unfiltered OFDM",0.107421875,0.00290454322154032,-0.375674875145637
"Unfiltered OFDM",0.107666015625,0.00294466473328812,-0.316094759083663
"Unfiltered OFDM",0.10791015625,0.00297369485648562,-0.273489293035648
"Unfiltered OFDM",0.108154296875,0.00299075149630332,-0.248650022774175
"Unfiltered OFDM",0.1083984375,0.00299566047361504,-0.241527418293086
"Unfiltered OFDM",0.108642578125,0.00298897185651372,-0.251235051270023
"Unfiltered OFDM",0.10888671875,0.00297191996917663,-0.276082208351536
"Unfiltered OFDM",0.109130859375,0.00294632601372234,-0.313645307113416
"Unfiltered OFDM",0.109375,0.00291445148589325,-0.360885005387042
"Unfiltered OFDM",0.109619140625,0.00287881779782832,-0.41431151986854
"Unfiltered OFDM",0.10986328125,0.00284201093308689,-0.47019586660641
"Unfiltered OFDM",0.110107421875,0.0028064894063634,-0.524819237361004
"Unfiltered OFDM",0.1103515625,0.00277441064290554,-0.574745891718067
"Unfiltered OFDM",0.110595703125,0.00274748719027411,-0.617096546957462
"Unfiltered OFDM",0.11083984375,0.00272688161201431,-0.649790475774283
"Unfiltered OFDM",0.111083984375,0.00271314793877482,-0.671718559509201
"Unfiltered OFDM",0.111328125,0.00270622713811856,-0.682810861210602
"Unfiltered OFDM",0.111572265625,0.00270550220921256,-0.683974380689589
"Unfiltered OFDM",0.11181640625,0.00270991331057155,-0.676899328383791
"Unfiltered OFDM",0.112060546875,0.0027181241625393,-0.663760397641986
"Unfiltered OFDM",0.1123046875,0.0027287192327959,-0.64686479034326
"Unfiltered OFDM",0.112548828125,0.00274040026579203,-0.628313299967735
"Unfiltered OFDM",0.11279296875,0.00275214487612618,-0.609740390315746
"Unfiltered OFDM",0.113037109375,0.00276329288100748,-0.592184128018667
"Unfiltered OFDM",0.11328125,0.00277353922145866,-0.576110192182766
"Unfiltered OFDM",0.113525390625,0.00278283385407711,-0.561580529153513
"Unfiltered OFDM",0.11376953125,0.00279121381004951,-0.548522257683381
"Unfiltered OFDM",0.114013671875,0.00279861368931482,-0.537023768295751
"Unfiltered OFDM",0.1142578125,0.00280471131940251,-0.527571637137974
"Unfiltered OFDM",0.114501953125,0.00280886074018183,-0.521151230107893
"Unfiltered OFDM",0.11474609375,0.00281014477800862,-0.519166357337677
"Unfiltered OFDM",0.114990234375,0.00280754852232544,-0.52318060139413
"Unfiltered OFDM",0.115234375,0.00280022088804488,-0.534530400973264
"Unfiltered OFDM",0.115478515625,0.00278776345553356,-0.553894102903755
"Unfiltered OFDM",0.11572265625,0.00277047201748346,-0.580915629400696
"Unfiltered OFDM",0.115966796875,0.00274946122770423,-0.613977312303484
"Unfiltered OFDM",0.1162109375,0.00272662600917517,-0.650197578543319
"Unfiltered OFDM",0.116455078125,0.00270442964375627,-0.685696432936868
"Unfiltered OFDM",0.11669921875,0.00268554899614069,-0.716122507548551
"Unfiltered OFDM",0.116943359375,0.00267244225011625,-0.737370018290577
"Unfiltered OFDM",0.1171875,0.00266692537676829,-0.746344670992701
"Unfiltered OFDM",0.117431640625,0.00266984527370278,-0.741592376633567
"Unfiltered OFDM",0.11767578125,0.00268091960599736,-0.723615401820753
"Unfiltered OFDM",0.117919921875,0.00269877982204763,-0.694778765582268
"Unfiltered OFDM",0.1181640625,0.00272121201048536,-0.658829518485666
"Unfiltered OFDM",0.118408203125,0.00274554929135306,-0.620160858820796
"Unfiltered OFDM",0.11865234375,0.00276913808234566,-0.583007187002479
"Unfiltered OFDM",0.118896484375,0.00278978552255908,-0.550745147715214
"Unfiltered OFDM",0.119140625,0.00280609979589367,-0.525422187875537
"Unfiltered OFDM",0.119384765625,0.00281765819795552,-0.50757022017459
"Unfiltered OFDM",0.11962890625,0.00282497469160921,-0.496307695521145
"Unfiltered OFDM",0.119873046875,0.00282928150589918,-0.489691702268961
"Unfiltered OFDM",0.1201171875,0.00283217869666763,-0.485246792197794
"Unfiltered OFDM",0.120361328125,0.00283523269434378,-0.480566226855453
"Unfiltered OFDM",0.12060546875,0.00283961349048319,-0.47386100205937
"Unfiltered OFDM",0.120849609375,0.00284584822379832,-0.464335966112039
"Unfiltered OFDM",0.12109375,0.00285373937452615,-0.452310234960052
"Unfiltered OFDM",0.121337890625,0.00286245581423896,-0.439065394718761
"Unfiltered OFDM",0.12158203125,0.00287076453299785,-0.426477588856334
"Unfiltered OFDM",0.121826171875,0.00287734007074948,-0.416541370907552
"Unfiltered OFDM",0.1220703125,0.00288107502443522,-0.41090763323309
"Unfiltered OFDM",0.122314453125,0.00288132129435666,-0.41053642076491
"Unfiltered OFDM",0.12255859375,0.00287801525901871,-0.415522387633308
"Unfiltered OFDM",0.122802734375,0.00287167339077995,-0.425102869867168
"Unfiltered OFDM",0.123046875,0.002863278027558,-0.437818104084139
"Unfiltered OFDM",0.123291015625,0.00285409672210499,-0.451766441903684
"Unfiltered OFDM",0.12353515625,0.00284548682195458,-0.464887523261399
"Unfiltered OFDM",0.123779296875,0.00283872887524327,-0.475214155834432
"Unfiltered OFDM",0.1240234375,0.00283491254144962,-0.481056657451732
"Unfiltered OFDM",0.124267578125,0.00283487495120121,-0.481114244221873
"Unfiltered OFDM",0.12451171875,0.00283917273565209,-0.47453515101931
"Unfiltered OFDM",0.124755859375,0.00284806180196476,-0.460959218579925
"Unfiltered OFDM",0.125,0.00286146542128182,-0.440568288217105
"Unfiltered OFDM",0.125244140625,0.00287892817384026,-0.414145011331472
"Unfiltered OFDM",0.12548828125,0.00289957353900442,-0.383112031628317
"Unfiltered OFDM",0.125732421875,0.00292209767932155,-0.349506016127506
"Unfiltered OFDM",0.1259765625,0.00294483410716384,-0.315844964859682
"Unfiltered OFDM",0.126220703125,0.00296591055515752,-0.284872813702522
"Unfiltered OFDM",0.12646484375,0.00298349313515179,-0.259202880721034
"Unfiltered OFDM",0.126708984375,0.00299608136392745,-0.240917277384403
"Unfiltered OFDM",0.126953125,0.00300279117333372,-0.231202003732941
"Unfiltered OFDM",0.127197265625,0.00300355140329624,-0.230102620288694
"Unfiltered OFDM",0.12744140625,0.00299914854764669,-0.236473540946888
"Unfiltered OFDM",0.127685546875,0.0029910847859781,-0.248166071492492
"Unfiltered OFDM",0.1279296875,0.00298125926355609,-0.262455851130535
"Unfiltered OFDM",0.128173828125,0.00297153085677369,-0.276650865768324
"Unfiltered OFDM",0.12841796875,0.00296325894714509,-0.288757265999908
"Unfiltered OFDM",0.128662109375,0.00295693536529526,-0.298034994407939
"Unfiltered OFDM",0.12890625,0.00295200907075858,-0.305276433390311
"Unfiltered OFDM",0.129150390625,0.00294696591864501,-0.312702176580807
"Unfiltered OFDM",0.12939453125,0.00293966710261225,-0.323471786782034
"Unfiltered OFDM",0.129638671875,0.00292788534088307,-0.340912656828163
"Unfiltered OFDM",0.1298828125,0.00290992375033633,-0.367637217887904
"Unfiltered OFDM",0.130126953125,0.00288517307022342,-0.404734610696329
"Unfiltered OFDM",0.13037109375,0.00285446734472684,-0.451202519495601
"Unfiltered OFDM",0.130615234375,0.00282013716130408,-0.503750996155623
"Unfiltered OFDM",0.130859375,0.00278572523175404,-0.557070531275482
"Unfiltered OFDM",0.131103515625,0.00275540663646086,-0.604596308859502
"Unfiltered OFDM",0.13134765625,0.00273322702196908,-0.639696252548602
"Unfiltered OFDM",0.131591796875,0.00272231898487938,-0.657063191158915
"Unfiltered OFDM",0.1318359375,0.00272426767066646,-0.653955543841695
"Unfiltered OFDM",0.132080078125,0.00273876766407967,-0.630901393433311
"Unfiltered OFDM",0.13232421875,0.00276365057801771,-0.591621987880616
"Unfiltered OFDM",0.132568359375,0.00279528072655738,-0.542199009005072
"Unfiltered OFDM",0.1328125,0.00282923417884091,-0.489764349872665
"Unfiltered OFDM",0.133056640625,0.0028611138239306,-0.441101952437849
"Unfiltered OFDM",0.13330078125,0.00288732471122412,-0.40149703177539
"Unfiltered OFDM",0.133544921875,0.00290564643734118,-0.374025632802277
"Unfiltered OFDM",0.1337890625,0.00291548936583815,-0.359338692828564
"Unfiltered OFDM",0.134033203125,0.00291779655901783,-0.355903231814737
"Unfiltered OFDM",0.13427734375,0.00291463510263739,-0.36061139909356
"Unfiltered OFDM",0.134521484375,0.00290858930292208,-0.369629284085072
"Unfiltered OFDM",0.134765625,0.00290210786059695,-0.379317814479183
"Unfiltered OFDM",0.135009765625,0.00289695888827627,-0.387029989388763
"Unfiltered OFDM",0.13525390625,0.0028939113405772,-0.391601092587146
"Unfiltered OFDM",0.135498046875,0.00289269898618469,-0.39342087584799
"Unfiltered OFDM",0.1357421875,0.00289224984226497,-0.39409524906058
"Unfiltered OFDM",0.135986328125,0.00289109862960165,-0.395824231210677
"Unfiltered OFDM",0.13623046875,0.0028878584418629,-0.400694299582287
"Unfiltered OFDM",0.136474609375,0.00288162012802005,-0.410086019479807
"Unfiltered OFDM",0.13671875,0.00287217473733349,-0.424344729897518
"Unfiltered OFDM",0.136962890625,0.00286000777638495,-0.442781169854796
"Unfiltered OFDM",0.13720703125,0.00284607929407158,-0.463983352540101
"Unfiltered OFDM",0.137451171875,0.00283146344009639,-0.48634372585351
"Unfiltered OFDM",0.1376953125,0.00281695937907954,-0.508647465184005
"Unfiltered OFDM",0.137939453125,0.00280279237181408,-0.530544041356111
"Unfiltered OFDM",0.13818359375,0.00278849794832251,-0.552750016771563
"Unfiltered OFDM",0.138427734375,0.00277303064374566,-0.576906621328575
"Unfiltered OFDM",0.138671875,0.00275507578986276,-0.60511780531288
"Unfiltered OFDM",0.138916015625,0.00273348540465448,-0.639285716322017
"Unfiltered OFDM",0.13916015625,0.00270772276467862,-0.680411347398297
"Unfiltered OFDM",0.139404296875,0.00267819448734372,-0.728032191891646
"Unfiltered OFDM",0.1396484375,0.00264637524944954,-0.779939048676239
"Unfiltered OFDM",0.139892578125,0.00261468134672255,-0.832265623491902
"Unfiltered OFDM",0.14013671875,0.00258611135530813,-0.879981097435458
"Unfiltered OFDM",0.140380859375,0.00256372877578896,-0.917732529467757
"Unfiltered OFDM",0.140625,0.00255009827752065,-0.940884130570094
"Unfiltered OFDM",0.140869140625,0.00254679546200863,-0.946512636188187
"Unfiltered OFDM",0.14111328125,0.00255408939406243,-0.934092373074045
"Unfiltered OFDM",0.141357421875,0.00257085473295454,-0.90567793591815
"Unfiltered OFDM",0.1416015625,0.0025947186096748,-0.865550643086405
"Unfiltered OFDM",0.141845703125,0.00262240025005109,-0.819463533291695
"Unfiltered OFDM",0.14208984375,0.0026501698041564,-0.773716296162158
"Unfiltered OFDM",0.142333984375,0.00267434228091107,-0.734283404571308
"Unfiltered OFDM",0.142578125,0.00269173162053459,-0.706135746460348
"Unfiltered OFDM",0.142822265625,0.00270001206212382,-0.692796266214836
"Unfiltered OFDM",0.14306640625,0.0026979598296502,-0.696098518615127
"Unfiltered OFDM",0.143310546875,0.00268556941571909,-0.716089486082473
"Unfiltered OFDM",0.1435546875,0.00266405071726963,-0.751028424423979
"Unfiltered OFDM",0.143798828125,0.00263571615789447,-0.797466920010291
"Unfiltered OFDM",0.14404296875,0.00260376500704468,-0.85043544906302
"Unfiltered OFDM",0.144287109375,0.00257197146687122,-0.903791846960256
"Unfiltered OFDM",0.14453125,0.0025442887299796,-0.950789367566967
"Unfiltered OFDM",0.144775390625,0.00252439463981175,-0.984880816244726
"Unfiltered OFDM",0.14501953125,0.00251522296404594,-1.00068841469997
"Unfiltered OFDM",0.145263671875,0.00251854129579613,-0.994962547128126
"Unfiltered OFDM",0.1455078125,0.00253464476497888,-0.967282301846647
"Unfiltered OFDM",0.145751953125,0.00256222836779259,-0.920274957793961
"Unfiltered OFDM",0.14599609375,0.00259847820890534,-0.859262518286678
"Unfiltered OFDM",0.146240234375,0.00263938673245886,-0.791423016908715
"Unfiltered OFDM",0.146484375,0.00268025671241809,-0.724689386364205
"Unfiltered OFDM",0.146728515625,0.00271632288754691,-0.66663937984946
"Unfiltered OFDM",0.14697265625,0.00274339715865287,-0.623566464659443
"Unfiltered OFDM",0.147216796875,0.00275843823318404,-0.599820672649097
"Unfiltered OFDM",0.1474609375,0.00275995983188382,-0.597425695237394
"Unfiltered OFDM",0.147705078125,0.00274821907080667,-0.615939819638062
"Unfiltered OFDM",0.14794921875,0.00272516175599204,-0.652530453997128
"Unfiltered OFDM",0.148193359375,0.00269413701544444,-0.702256521487703
"Unfiltered OFDM",0.1484375,0.00265942438064577,-0.758576850728297
"Unfiltered OFDM",0.148681640625,0.00262563899971495,-0.814103164518106
"Unfiltered OFDM",0.14892578125,0.00259709423390106,-0.861576229540965
"Unfiltered OFDM",0.149169921875,0.00257720577520325,-0.894962350901703
"Unfiltered OFDM",0.1494140625,0.0025680179500092,-0.910472759143661
"Unfiltered OFDM",0.149658203125,0.00256992071755469,-0.907256054793538
"Unfiltered OFDM",0.14990234375,0.0025816043312248,-0.887556499428192
"Unfiltered OFDM",0.150146484375,0.00260026772950921,-0.856272647408536
"Unfiltered OFDM",0.150390625,0.00262205859171427,-0.82002938893118
"Unfiltered OFDM",0.150634765625,0.00264268274518786,-0.786003018810101
"Unfiltered OFDM",0.15087890625,0.00265808606606774,-0.760762921275349
"Unfiltered OFDM",0.151123046875,0.0026650920518479,-0.749331168837076
"Unfiltered OFDM",0.1513671875,0.00266188014483435,-0.754568341511937
"Unfiltered OFDM",0.151611328125,0.00264821655274583,-0.776918351620811
"Unfiltered OFDM",0.15185546875,0.00262539740303236,-0.814502796507379
"Unfiltered OFDM",0.152099609375,0.00259592390624373,-0.863533730317913
"Unfiltered OFDM",0.15234375,0.00256298677290462,-0.918989660890059
"Unfiltered OFDM",0.152587890625,0.00252987770869185,-0.975458025668818
"Unfiltered OFDM",0.15283203125,0.0024994582400949,-1.02799445828162
"Unfiltered OFDM",0.153076171875,0.00247379632283911,-1.07281391335593
"Unfiltered OFDM",0.1533203125,0.00245403380161362,-1.10764790605945
"Unfiltered OFDM",0.153564453125,0.0024404852749566,-1.13169139348571
"Unfiltered OFDM",0.15380859375,0.00243290824655539,-1.14519600484484
"Unfiltered OFDM",0.154052734375,0.00243084234897067,-1.14888537154881
"Unfiltered OFDM",0.154296875,0.00243390357297,-1.14341962724236
"Unfiltered OFDM",0.154541015625,0.00244194096001865,-1.12910171377261
"Unfiltered OFDM",0.15478515625,0.00245501168777561,-1.10591766921151
"Unfiltered OFDM",0.155029296875,0.00247319163918771,-1.0738756130262
"Unfiltered OFDM",0.1552734375,0.00249629433307797,-1.03349540142197
"Unfiltered OFDM",0.155517578125,0.00252360481984662,-0.986239827702988
"Unfiltered OFDM",0.15576171875,0.0025537363379879,-0.934692747140259
"Unfiltered OFDM",0.156005859375,0.00258468504664146,-0.882377006889173
"Unfiltered OFDM",0.15625,0.00261410067607055,-0.833230215474908
"Unfiltered OFDM",0.156494140625,0.00263972465703109,-0.790867018876507
"Unfiltered OFDM",0.15673828125,0.00265989139967985,-0.757814257198064
"Unfiltered OFDM",0.156982421875,0.00267395966958116,-0.734904783061582
"Unfiltered OFDM",0.1572265625,0.00268254894933938,-0.720976755440954
"Unfiltered OFDM",0.157470703125,0.00268749959758799,-0.712969230717372
"Unfiltered OFDM",0.15771484375,0.00269154458383784,-0.706437529249343
"Unfiltered OFDM",0.157958984375,0.0026977562227888,-0.696426279881904
"Unfiltered OFDM",0.158203125,0.00270889287076404,-0.678535007416849
"Unfiltered OFDM",0.158447265625,0.00272680059204193,-0.649919513461539
"Unfiltered OFDM",0.15869140625,0.00275201434823067,-0.609946371074856
"Unfiltered OFDM",0.158935546875,0.00278365439460645,-0.560300166344028
"Unfiltered OFDM",0.1591796875,0.00281963906160331,-0.504518125713586
"Unfiltered OFDM",0.159423828125,0.00285715497292362,-0.447115336847637
"Unfiltered OFDM",0.15966796875,0.00289326168663856,-0.392576149391426
"Unfiltered OFDM",0.159912109375,0.0029254769897509,-0.344486444361305
"Unfiltered OFDM",0.16015625,0.00295219957698168,-0.304996172964473
"Unfiltered OFDM",0.160400390625,0.00297287404574998,-0.27468821490571
"Unfiltered OFDM",0.16064453125,0.00298787509629028,-0.2528289248362
"Unfiltered OFDM",0.160888671875,0.00299816329615232,-0.237900477888921
"Unfiltered OFDM",0.1611328125,0.00300482306153097,-0.2282642722773
"Unfiltered OFDM",0.161376953125,0.0030086193498893,-0.222780866294629
"Unfiltered OFDM",0.16162109375,0.00300969724517712,-0.221225202104541
"Unfiltered OFDM",0.161865234375,0.00300750327668688,-0.224392217887188
"Unfiltered OFDM",0.162109375,0.00300094299178854,-0.233875856538227
"Unfiltered OFDM",0.162353515625,0.00298872455793325,-0.251594388384183
"Unfiltered OFDM",0.16259765625,0.00296979057125323,-0.27919506886942
"Unfiltered OFDM",0.162841796875,0.00294372147744298,-0.317486144761886
"Unfiltered OFDM",0.1630859375,0.00291100695729499,-0.366020875643121
"Unfiltered OFDM",0.163330078125,0.0028731202471915,-0.422915282954478
"Unfiltered OFDM",0.16357421875,0.00283238212380458,-0.484934862338147
"Unfiltered OFDM",0.163818359375,0.00279165131208948,-0.547841586673015
"Unfiltered OFDM",0.1640625,0.00275391362733295,-0.606950158737569
"Unfiltered OFDM",0.164306640625,0.00272185602015955,-0.657801826575428
"Unfiltered OFDM",0.16455078125,0.00269750359998172,-0.696832980188483
"Unfiltered OFDM",0.164794921875,0.00268197354834413,-0.721908407710804
"Unfiltered OFDM",0.1650390625,0.00267536902058062,-0.732616371143972
"Unfiltered OFDM",0.165283203125,0.0026768082367134,-0.730280709936388
"Unfiltered OFDM",0.16552734375,0.00268456564423309,-0.717713029690484
"Unfiltered OFDM",0.165771484375,0.00269629532009813,-0.698778730493942
"Unfiltered OFDM",0.166015625,0.00270930907780512,-0.677867788205245
"Unfiltered OFDM",0.166259765625,0.00272088750284477,-0.659347450498738
"Unfiltered OFDM",0.16650390625,0.00272860543105889,-0.64704591743196
"Unfiltered OFDM",0.166748046875,0.0027306504984211,-0.643792135145344
"Unfiltered OFDM",0.1669921875,0.0027261044802477,-0.65102834447421
"Unfiltered OFDM",0.167236328125,0.00271514634284912,-0.668520885041813
"Unfiltered OFDM",0.16748046875,0.00269912991022603,-0.69421543135915
"Unfiltered OFDM",0.167724609375,0.00268049440022674,-0.724304266810564
"Unfiltered OFDM",0.16796875,0.00266248652887132,-0.753579118723778
"Unfiltered OFDM",0.168212890625,0.00264870720514424,-0.776113780365837
"Unfiltered OFDM",0.16845703125,0.00264253738935883,-0.786241900948859
"Unfiltered OFDM",0.168701171875,0.00264653573661137,-0.779675682490773
"Unfiltered OFDM",0.1689453125,0.00266192332664285,-0.754497889545598
"Unfiltered OFDM",0.169189453125,0.00268826877658077,-0.711726430912063
"Unfiltered OFDM",0.16943359375,0.00272345686867984,-0.655248292139679
"Unfiltered OFDM",0.169677734375,0.00276396966383596,-0.591120588709874
"Unfiltered OFDM",0.169921875,0.00280544231732441,-0.526439873603067
"Unfiltered OFDM",0.170166015625,0.00284339247755662,-0.468085208458933
"Unfiltered OFDM",0.17041015625,0.00287397863753168,-0.42161795295091
"Unfiltered OFDM",0.170654296875,0.00289463131937244,-0.390520741839687
"Unfiltered OFDM",0.1708984375,0.002904425869973,-0.375850345654549
"Unfiltered OFDM",0.171142578125,0.00290412193996846,-0.376304831451324
"Unfiltered OFDM",0.17138671875,0.00289586915310248,-0.388663961517449
"Unfiltered OFDM",0.171630859375,0.00288265296061707,-0.408529696607805
"Unfiltered OFDM",0.171875,0.00286761109357879,-0.431250791468704
"Unfiltered OFDM",0.172119140625,0.00285337599680568,-0.452863274205957
"Unfiltered OFDM",0.17236328125,0.00284158691270407,-0.470843870627138
"Unfiltered OFDM",0.172607421875,0.00283267087851309,-0.484492131876193
"Unfiltered OFDM",0.1728515625,0.00282592662245313,-0.494844501267338
"Unfiltered OFDM",0.173095703125,0.00281987543176682,-0.504154072184229
"Unfiltered OFDM",0.17333984375,0.00281278486614518,-0.515088142363418
"Unfiltered OFDM",0.173583984375,0.00280323717059592,-0.529854877464075
"Unfiltered OFDM",0.173828125,0.00279061035300323,-0.549461298608466
"Unfiltered OFDM",0.174072265625,0.00277536481902279,-0.573252521655043
"Unfiltered OFDM",0.17431640625,0.00275907470392882,-0.598818714931091
"Unfiltered OFDM",0.174560546875,0.00274419929966015,-0.622296818036203
"Unfiltered OFDM",0.1748046875,0.00273364399629207,-0.639033754211564
"Unfiltered OFDM",0.175048828125,0.00273020136022907,-0.644506522731379
"Unfiltered OFDM",0.17529296875,0.00273598427824267,-0.635317334929484
"Unfiltered OFDM",0.175537109375,0.00275196179030114,-0.610029313363129
"Unfiltered OFDM",0.17578125,0.00277768592480459,-0.569621928173515
"Unfiltered OFDM",0.176025390625,0.0028112597703574,-0.517443531568344
"Unfiltered OFDM",0.17626953125,0.00284955089426781,-0.458689128914436
"Unfiltered OFDM",0.176513671875,0.00288860889270834,-0.399565870582096
"Unfiltered OFDM",0.1767578125,0.00292420979889787,-0.346368028875081
"Unfiltered OFDM",0.177001953125,0.00295242989844365,-0.304657363085002
"Unfiltered OFDM",0.17724609375,0.00297015069888902,-0.278668459470156
"Unfiltered OFDM",0.177490234375,0.002975414957493,-0.270977890758672
"Unfiltered OFDM",0.177734375,0.00296758642240835,-0.282419555795617
"Unfiltered OFDM",0.177978515625,0.00294730583750771,-0.31220126690905
"Unfiltered OFDM",0.17822265625,0.00291627394734402,-0.358170128871625
"Unfiltered OFDM",0.178466796875,0.00287692059825518,-0.417174552476427
"Unfiltered OFDM",0.1787109375,0.00283203219764181,-0.485471443856141
"Unfiltered OFDM",0.178955078125,0.002784406433336,-0.559127024445982
"Unfiltered OFDM",0.17919921875,0.00273658609543103,-0.634362149825486
"Unfiltered OFDM",0.179443359375,0.00269069897778851,-0.707802172227334
"Unfiltered OFDM",0.1796875,0.00264840517594962,-0.776609029865188
"Unfiltered OFDM",0.179931640625,0.00261093262805787,-0.838496654400091
"Unfiltered OFDM",0.18017578125,0.00257916983342997,-0.891653904209703
"Unfiltered OFDM",0.180419921875,0.00255378156040559,-0.93461584150095
"Unfiltered OFDM",0.1806640625,0.00253531677679728,-0.966131007014106
"Unfiltered OFDM",0.180908203125,0.00252428476672603,-0.985069844982746
"Unfiltered OFDM",0.18115234375,0.00252118283300197,-0.990409896594174
"Unfiltered OFDM",0.181396484375,0.00252646619609002,-0.981318391777765
"Unfiltered OFDM",0.181640625,0.00254045844707482,-0.957332351854654
"Unfiltered OFDM",0.181884765625,0.0025632106355116,-0.918610345435622
"Unfiltered OFDM",0.18212890625,0.00259432938520241,-0.866202161596404
"Unfiltered OFDM",0.182373046875,0.00263280785837654,-0.802261654006955
"Unfiltered OFDM",0.1826171875,0.00267690409684419,-0.730125185981247
"Unfiltered OFDM",0.182861328125,0.00272411408641081,-0.654200390101489
"Unfiltered OFDM",0.18310546875,0.00277127738185566,-0.579653337369682
"Unfiltered OFDM",0.183349609375,0.002814829928744,-0.511931709404577
"Unfiltered OFDM",0.18359375,0.00285118511109512,-0.456199164919929
"Unfiltered OFDM",0.183837890625,0.00287718795657984,-0.416770972168318
"Unfiltered OFDM",0.18408203125,0.00289055948137028,-0.396634203360524
"Unfiltered OFDM",0.184326171875,0.00289023837656402,-0.397116676711233
"Unfiltered OFDM",0.1845703125,0.00287654136358005,-0.417747075691453
"Unfiltered OFDM",0.184814453125,0.00285110039494694,-0.456328207058028
"Unfiltered OFDM",0.18505859375,0.00281658587126593,-0.509223345470506
"Unfiltered OFDM",0.185302734375,0.00277627630240854,-0.571826448896821
"Unfiltered OFDM",0.185546875,0.0027335713236035,-0.639149210968927
"Unfiltered OFDM",0.185791015625,0.00269155538129681,-0.706420107032105
"Unfiltered OFDM",0.18603515625,0.00265270010375301,-0.769571765917777
"Unfiltered OFDM",0.186279296875,0.00261874996778145,-0.825512959992042
"Unfiltered OFDM",0.1865234375,0.00259078167652799,-0.872145141497077
"Unfiltered OFDM",0.186767578125,0.00256937951082594,-0.908170743900184
"Unfiltered OFDM",0.18701171875,0.00255484167948244,-0.932813383773205
"Unfiltered OFDM",0.187255859375,0.00254733434721089,-0.945593794779108
"Unfiltered OFDM",0.1875,0.00254693898918786,-0.946267892130339
"Unfiltered OFDM",0.187744140625,0.00255358445911657,-0.934951043645915
"Unfiltered OFDM",0.18798828125,0.00256690176108881,-0.912360830326058
"Unfiltered OFDM",0.188232421875,0.00258607115447403,-0.880048608589139
"Unfiltered OFDM",0.1884765625,0.00260973748168339,-0.840485079156518
"Unfiltered OFDM",0.188720703125,0.00263604890733919,-0.796918673849468
"Unfiltered OFDM",0.18896484375,0.00266283416768232,-0.753012100787661
"Unfiltered OFDM",0.189208984375,0.00268788786204176,-0.712341848556168
"Unfiltered OFDM",0.189453125,0.00270929760288348,-0.677886182214783
"Unfiltered OFDM",0.189697265625,0.00272573246836203,-0.651621035381586
"Unfiltered OFDM",0.18994140625,0.00273662307147815,-0.634303469469094
"Unfiltered OFDM",0.190185546875,0.00274219499110839,-0.62546997744346
"Unfiltered OFDM",0.1904296875,0.00274335805529622,-0.62362836781115
"Unfiltered OFDM",0.190673828125,0.00274149041212817,-0.626585996114699
"Unfiltered OFDM",0.19091796875,0.00273817729795895,-0.631837655350501
"Unfiltered OFDM",0.191162109375,0.00273496488877368,-0.636935756935981
"Unfiltered OFDM",0.19140625,0.00273317203973129,-0.639783617127033
"Unfiltered OFDM",0.191650390625,0.00273377558805841,-0.638824699182539
"Unfiltered OFDM",0.19189453125,0.00273735928842772,-0.63313527074433
"Unfiltered OFDM",0.192138671875,0.00274410176764056,-0.622451174065147
"Unfiltered OFDM",0.1923828125,0.0027537794449904,-0.607161770569177
"Unfiltered OFDM",0.192626953125,0.00276577402843463,-0.58828636831933
"Unfiltered OFDM",0.19287109375,0.00277909345659742,-0.567421792944651
"Unfiltered OFDM",0.193115234375,0.00279243020368487,-0.546630041593966
"Unfiltered OFDM",0.193359375,0.0028042834705313,-0.528234188668761
"Unfiltered OFDM",0.193603515625,0.00281315857120856,-0.514511179409811
"Unfiltered OFDM",0.19384765625,0.00281783074610969,-0.507304274443932
"Unfiltered OFDM",0.194091796875,0.00281763016613102,-0.507613426718462
"Unfiltered OFDM",0.1943359375,0.00281268122179321,-0.515248172374953
"Unfiltered OFDM",0.194580078125,0.00280402236120842,-0.528638582942493
"Unfiltered OFDM",0.19482421875,0.0027935480888826,-0.544891791447512
"Unfiltered OFDM",0.195068359375,0.00278375078490241,-0.560149784712728
"Unfiltered OFDM",0.1953125,0.00277728850477572,-0.570243343548214
"Unfiltered OFDM",0.195556640625,0.00277645305743759,-0.571549958800452
"Unfiltered OFDM",0.19580078125,0.00278264671636303,-0.561872589742287
"Unfiltered OFDM",0.196044921875,0.0027959853098527,-0.541104456762969
"Unfiltered OFDM",0.1962890625,0.00281512589226982,-0.511475097202598
"Unfiltered OFDM",0.196533203125,0.00283737218078301,-0.477290246175763
"Unfiltered OFDM",0.19677734375,0.00285905088395706,-0.444234461837849
"Unfiltered OFDM",0.197021484375,0.00287609163380772,-0.41842612182201
"Unfiltered OFDM",0.197265625,0.00288469749210758,-0.405450539934801
"Unfiltered OFDM",0.197509765625,0.0028819732991487,-0.409553781130693
"Unfiltered OFDM",0.19775390625,0.00286639015128029,-0.433100280118358
"Unfiltered OFDM",0.197998046875,0.00283800283343548,-0.476325062492194
"Unfiltered OFDM",0.1982421875,0.00279839295051685,-0.537366328696772
"Unfiltered OFDM",0.198486328125,0.00275036951230186,-0.612542857277573
"Unfiltered OFDM",0.19873046875,0.00269750629454555,-0.696828641978821
"Unfiltered OFDM",0.198974609375,0.00264362052403397,-0.784462160627579
"Unfiltered OFDM",0.19921875,0.00259229584871495,-0.869607665872021
"Unfiltered OFDM",0.199462890625,0.00254652704306544,-0.946970384017258
"Unfiltered OFDM",0.19970703125,0.00250852352314546,-1.01227153079499
"Unfiltered OFDM",0.199951171875,0.00247966582872041,-1.06252173737566
"Unfiltered OFDM",0.2001953125,0.00246057562511657,-1.09608613469497
"Unfiltered OFDM",0.200439453125,0.00245124345567122,-1.11258883768281
"Unfiltered OFDM",0.20068359375,0.00245116146470172,-1.11273410608149
"Unfiltered OFDM",0.200927734375,0.00245942658319565,-1.09811468083652
"Unfiltered OFDM",0.201171875,0.00247480493295221,-1.07104357951841
"Unfiltered OFDM",0.201416015625,0.00249577093766126,-1.0344060775844
"Unfiltered OFDM",0.20166015625,0.00252054730194798,-0.991504789116793
"Unfiltered OFDM",0.201904296875,0.0025471714213106,-0.945871575677577
"Unfiltered OFDM",0.2021484375,0.00257360171594405,-0.901039935074091
"Unfiltered OFDM",0.202392578125,0.00259785955812713,-0.860296618195173
"Unfiltered OFDM",0.20263671875,0.00261818614381325,-0.826448108460093
"Unfiltered OFDM",0.202880859375,0.00263318489749429,-0.801639754144291
"Unfiltered OFDM",0.203125,0.00264192155147926,-0.787254133221069
"Unfiltered OFDM",0.203369140625,0.00264396464788609,-0.783896870101119
"Unfiltered OFDM",0.20361328125,0.00263936443131536,-0.791459712192355
"Unfiltered OFDM",0.203857421875,0.00262858226476292,-0.809237576114157
"Unfiltered OFDM",0.2041015625,0.00261239117736882,-0.836071225851563
"Unfiltered OFDM",0.204345703125,0.00259176900280613,-0.870490395075269
"Unfiltered OFDM",0.20458984375,0.00256780000421265,-0.910841357320999
"Unfiltered OFDM",0.204833984375,0.0025415924191551,-0.955394245219225
"Unfiltered OFDM",0.205078125,0.0025142120955965,-1.00243419564843
"Unfiltered OFDM",0.205322265625,0.00248662919980654,-1.05034301821954
"Unfiltered OFDM",0.20556640625,0.00245967636484931,-1.09767362971356
"Unfiltered OFDM",0.205810546875,0.00243402073353472,-1.14321057638799
"Unfiltered OFDM",0.2060546875,0.00241015592415203,-1.18600190960736
"Unfiltered OFDM",0.206298828125,0.0023884200972113,-1.22534614097609
"Unfiltered OFDM",0.20654296875,0.0023690418550761,-1.26072597272795
"Unfiltered OFDM",0.206787109375,0.00235220785773654,-1.29169634531993
"Unfiltered OFDM",0.20703125,0.00233813787194332,-1.31775214534636
"Unfiltered OFDM",0.207275390625,0.00232714810418316,-1.33821307463681
"Unfiltered OFDM",0.20751953125,0.00231968461147755,-1.35216389526393
"Unfiltered OFDM",0.207763671875,0.00231631555868273,-1.35847606628161
"Unfiltered OFDM",0.2080078125,0.00231768183304151,-1.35591514368362
"Unfiltered OFDM",0.208251953125,0.00232441618679495,-1.34331439844494
"Unfiltered OFDM",0.20849609375,0.00233704783781068,-1.31977728764811
"Unfiltered OFDM",0.208740234375,0.00235591016180805,-1.28486605536826
"Unfiltered OFDM",0.208984375,0.00238106419900721,-1.238742258183
"Unfiltered OFDM",0.209228515625,0.00241224301237432,-1.18224273925787
"Unfiltered OFDM",0.20947265625,0.00244881544402831,-1.11689275388627
"Unfiltered OFDM",0.209716796875,0.00248976581181575,-1.04486831830252
"Unfiltered OFDM",0.2099609375,0.00253368961187554,-0.968919201452004
"Unfiltered OFDM",0.210205078125,0.00257881251152033,-0.89225562373292
"Unfiltered OFDM",0.21044921875,0.00262304675498438,-0.818392991443852
"Unfiltered OFDM",0.210693359375,0.00266410093147022,-0.750946565829589
"Unfiltered OFDM",0.2109375,0.0026996527499106,-0.693374255098019
"Unfiltered OFDM",0.211181640625,0.0027275800075082,-0.648678324541042
"Unfiltered OFDM",0.21142578125,0.00274622582767958,-0.619090836875117
"Unfiltered OFDM",0.211669921875,0.00275465650480353,-0.605778792737235
"Unfiltered OFDM",0.2119140625,0.00275286041527802,-0.608611400639866
"Unfiltered OFDM",0.212158203125,0.00274183900784434,-0.626033801692084
"Unfiltered OFDM",0.21240234375,0.00272355675537075,-0.655089011323897
"Unfiltered OFDM",0.212646484375,0.00270074285538012,-0.691620950965738
"Unfiltered OFDM",0.212890625,0.00267656696603967,-0.73067217333415
"Unfiltered OFDM",0.213134765625,0.00265423685348138,-0.767056560061251
"Unfiltered OFDM",0.21337890625,0.0026365813326041,-0.796041580843362
"Unfiltered OFDM",0.213623046875,0.0026256842686906,-0.81402828790008
"Unfiltered OFDM",0.2138671875,0.00262262535274728,-0.819090757765769
"Unfiltered OFDM",0.214111328125,0.00262736452171948,-0.81124999791022
"Unfiltered OFDM",0.21435546875,0.00263878422328821,-0.792414521016628
"Unfiltered OFDM",0.214599609375,0.00265488166364418,-0.766001629770838
"Unfiltered OFDM",0.21484375,0.00267308443314533,-0.736326541889577
"Unfiltered OFDM",0.215087890625,0.00269064829303597,-0.707883981139631
"Unfiltered OFDM",0.21533203125,0.00270508517302084,-0.684643869986714
"Unfiltered OFDM",0.215576171875,0.00271456253342687,-0.669454803295343
"Unfiltered OFDM",0.2158203125,0.00271821333662519,-0.663617920051367
"Unfiltered OFDM",0.216064453125,0.00271630134702491,-0.666673819668734
"Unfiltered OFDM",0.21630859375,0.00271020193522912,-0.676436799118049
"Unfiltered OFDM",0.216552734375,0.00270218503102818,-0.689302471230565
"Unfiltered OFDM",0.216796875,0.0026950221366818,-0.700829941712253
"Unfiltered OFDM",0.217041015625,0.00269147723010663,-0.706546209298623
"Unfiltered OFDM",0.21728515625,0.00269377278247957,-0.702843704172445
"Unfiltered OFDM",0.217529296875,0.00270313724581043,-0.687772343668809
"Unfiltered OFDM",0.2177734375,0.0027195322317187,-0.661511205548631
"Unfiltered OFDM",0.218017578125,0.00274162490280823,-0.626372947302567
"Unfiltered OFDM",0.21826171875,0.00276701963923615,-0.586330893601389
"Unfiltered OFDM",0.218505859375,0.00279270483572833,-0.546202939365339
"Unfiltered OFDM",0.21875,0.00281562078959648,-0.510711677390721
"Unfiltered OFDM",0.218994140625,0.00283322668420576,-0.483640075009852
"Unfiltered OFDM",0.21923828125,0.00284394651621449,-0.467239062544652
"Unfiltered OFDM",0.219482421875,0.00284740491497419,-0.461961006179368
"Unfiltered OFDM",0.2197265625,0.00284441525497009,-0.466523318139997
"Unfiltered OFDM",0.219970703125,0.00283673979632358,-0.478258295743401
"Unfiltered OFDM",0.22021484375,0.00282668937632634,-0.493672442877854
"Unfiltered OFDM",0.220458984375,0.00281665685529588,-0.509113895286979
"Unfiltered OFDM",0.220703125,0.0028086797461149,-0.52143108469815
"Unfiltered OFDM",0.220947265625,0.0028041068293075,-0.528507758462224
"Unfiltered OFDM",0.22119140625,0.00280341057879983,-0.529586231280233
"Unfiltered OFDM",0.221435546875,0.00280615336574416,-0.525339279675223
"Unfiltered OFDM",0.2216796875,0.00281108983873718,-0.517706056562746
"Unfiltered OFDM",0.221923828125,0.00281637453495591,-0.509549220984237
"Unfiltered OFDM",0.22216796875,0.00281984082621956,-0.50420736918547
"Unfiltered OFDM",0.222412109375,0.00281931908245127,-0.505011001087568
"Unfiltered OFDM",0.22265625,0.00281296240184442,-0.514814035579473
"Unfiltered OFDM",0.222900390625,0.0027995443921409,-0.535579725096189
"Unfiltered OFDM",0.22314453125,0.00277868708064102,-0.568056891198623
"Unfiltered OFDM",0.223388671875,0.00275097400407646,-0.611588445169543
"Unfiltered OFDM",0.2236328125,0.00271791100743284,-0.664100984425103
"Unfiltered OFDM",0.223876953125,0.00268171963950895,-0.722319584123195
"Unfiltered OFDM",0.22412109375,0.00264498369835153,-0.782223312446837
"Unfiltered OFDM",0.224365234375,0.00261021004015354,-0.839698751188031
"Unfiltered OFDM",0.224609375,0.00257939708605103,-0.891271260886753
"Unfiltered OFDM",0.224853515625,0.00255371525243279,-0.934728605885356
"Unfiltered OFDM",0.22509765625,0.00253338472708943,-0.969441829586219
"Unfiltered OFDM",0.225341796875,0.00251778883582245,-0.996260274673038
"Unfiltered OFDM",0.2255859375,0.00250579714441745,-1.01699420982704
"Unfiltered OFDM",0.225830078125,0.00249621023802125,-1.0336417088257
"Unfiltered OFDM",0.22607421875,0.00248819806212699,-1.04760383458422
"Unfiltered OFDM",0.226318359375,0.00248160045345616,-1.05913471139443
"Unfiltered OFDM",0.2265625,0.00247699553412027,-1.06720107387736
"Unfiltered OFDM",0.226806640625,0.00247550936249979,-1.06980757772455
"Unfiltered OFDM",0.22705078125,0.00247841843046321,-1.06470700960157
"Unfiltered OFDM",0.227294921875,0.00248666086732515,-1.05028771065291
"Unfiltered OFDM",0.2275390625,0.00250040201709141,-1.02635490387203
"Unfiltered OFDM",0.227783203125,0.0025187856771485,-0.994541159064702
"Unfiltered OFDM",0.22802734375,0.00253994819996956,-0.958204713137374
"Unfiltered OFDM",0.228271484375,0.00256129610078249,-0.921855426180904
"Unfiltered OFDM",0.228515625,0.00257997299783373,-0.890301703338981
"Unfiltered OFDM",0.228759765625,0.00259339171624242,-0.867772116694779
"Unfiltered OFDM",0.22900390625,0.00259969654156056,-0.85722674540726
"Unfiltered OFDM",0.229248046875,0.00259805002167106,-0.859978224409073
"Unfiltered OFDM",0.2294921875,0.00258869642337814,-0.875642072916848
"Unfiltered OFDM",0.229736328125,0.00257281953678707,-0.902360060565846
"Unfiltered OFDM",0.22998046875,0.00255226444865255,-0.937196598826671
"Unfiltered OFDM",0.230224609375,0.00252921590780498,-0.976594262697491
"Unfiltered OFDM",0.23046875,0.00250591583543723,-1.01678850429219
"Unfiltered OFDM",0.230712890625,0.00248446706632677,-1.05412086780581
"Unfiltered OFDM",0.23095703125,0.0024667255198386,-1.08524504075571
"Unfiltered OFDM",0.231201171875,0.00245424666594332,-1.1072712128185
"Unfiltered OFDM",0.2314453125,0.00244823764944992,-1.11791758654968
"Unfiltered OFDM",0.231689453125,0.00244947769647314,-1.11571841590396
"Unfiltered OFDM",0.23193359375,0.00245820003284966,-1.10028110826046
"Unfiltered OFDM",0.232177734375,0.00247396459364921,-1.0725185107059
"Unfiltered OFDM",0.232421875,0.00249557645425001,-1.03474451554808
"Unfiltered OFDM",0.232666015625,0.00252110848068716,-0.99053797646118
"Unfiltered OFDM",0.23291015625,0.00254806505077504,-0.944348198494282
"Unfiltered OFDM",0.233154296875,0.00257368341110952,-0.900902076926772
"Unfiltered OFDM",0.2333984375,0.00259532414609846,-0.864537236681261
"Unfiltered OFDM",0.233642578125,0.0026108683974391,-0.838603494944828
"Unfiltered OFDM",0.23388671875,0.0026190293782137,-0.825049609396258
"Unfiltered OFDM",0.234130859375,0.00261950387801957,-0.824262852348685
"Unfiltered OFDM",0.234375,0.00261293081953136,-0.835174195527431
"Unfiltered OFDM",0.234619140625,0.00260067571891214,-0.855591280466205
"Unfiltered OFDM",0.23486328125,0.00258450598669051,-0.882677884717661
"Unfiltered OFDM",0.235107421875,0.0025662482923798,-0.913466575737722
"Unfiltered OFDM",0.2353515625,0.00254751818287253,-0.94528038506611
"Unfiltered OFDM",0.235595703125,0.00252958499917415,-0.975960538033552
"Unfiltered OFDM",0.23583984375,0.00251339102698575,-1.00385270686099
"Unfiltered OFDM",0.236083984375,0.00249969653767591,-1.027580422993
"Unfiltered OFDM",0.236328125,0.00248928582185869,-1.04570565442875
"Unfiltered OFDM",0.236572265625,0.00248315327023694,-1.05641804177162
"Unfiltered OFDM",0.23681640625,0.00248259613378021,-1.05739256251424
"Unfiltered OFDM",0.237060546875,0.00248916801101722,-1.04591119855987
"Unfiltered OFDM",0.2373046875,0.00250448555292234,-1.01926800153204
"Unfiltered OFDM",0.237548828125,0.00252991963927311,-0.975386045631641
"Unfiltered OFDM",0.23779296875,0.00256623197071296,-0.9134941975092
"Unfiltered OFDM",0.238037109375,0.00261323281853077,-0.834672272862116
"Unfiltered OFDM",0.23828125,0.00266953411465887,-0.742098557768455
"Unfiltered OFDM",0.238525390625,0.00273245640804403,-0.640920887607808
"Unfiltered OFDM",0.23876953125,0.00279812295614451,-0.537785364640199
"Unfiltered OFDM",0.239013671875,0.00286174447925423,-0.440144772952949
"Unfiltered OFDM",0.2392578125,0.00291806848000837,-0.355498514484909
"Unfiltered OFDM",0.239501953125,0.0029619411762229,-0.290689017290811
"Unfiltered OFDM",0.23974609375,0.00298891085856777,-0.251323681551333
"Unfiltered OFDM",0.239990234375,0.00299579119804928,-0.241337905288344
"Unfiltered OFDM",0.240234375,0.00298110356226571,-0.262682674667542
"Unfiltered OFDM",0.240478515625,0.00294532978481666,-0.315114017219252
"Unfiltered OFDM",0.24072265625,0.0028909305852751,-0.396076671041204
"Unfiltered OFDM",0.240966796875,0.00282211736496876,-0.500702599257112
"Unfiltered OFDM",0.2412109375,0.0027444016213311,-0.621976637405222
"Unfiltered OFDM",0.241455078125,0.00266398043220086,-0.751143004900977
"Unfiltered OFDM",0.24169921875,0.00258704191191081,-0.878418663147794
"Unfiltered OFDM",0.241943359375,0.00251908627368138,-0.994022894936756
"Unfiltered OFDM",0.2421875,0.00246435401977111,-1.08942233890828
"Unfiltered OFDM",0.242431640625,0.00242543406923834,-1.15855857304353
"Unfiltered OFDM",0.24267578125,0.00240309548658433,-1.19874303203417
"Unfiltered OFDM",0.242919921875,0.00239635269877871,-1.21094592432579
"Unfiltered OFDM",0.2431640625,0.00240274154122377,-1.199382739608
"Unfiltered OFDM",0.243408203125,0.00241875675238991,-1.17053136191427
"Unfiltered OFDM",0.24365234375,0.00244038336943173,-1.13187274238221
"Unfiltered OFDM",0.243896484375,0.00246364589208649,-1.0906704556028
"Unfiltered OFDM",0.244140625,0.00248510007321763,-1.05301448814144
"Unfiltered OFDM",0.244384765625,0.00250220237412154,-1.02322899146221
"Unfiltered OFDM",0.24462890625,0.00251351092102254,-1.00364554420239
"Unfiltered OFDM",0.244873046875,0.0025186980527526,-0.994692245574005
"Unfiltered OFDM",0.2451171875,0.00251838572841616,-0.995230814086847
"Unfiltered OFDM",0.245361328125,0.00251384668074956,-1.00306544384567
"Unfiltered OFDM",0.24560546875,0.00250663998768828,-1.01553367406197
"Unfiltered OFDM",0.245849609375,0.0024982628873251,-1.03007194563441
"Unfiltered OFDM",0.24609375,0.00248989595790915,-1.04464130798401
"Unfiltered OFDM",0.246337890625,0.00248229487395634,-1.05791960521904
"Unfiltered OFDM",0.24658203125,0.00247584284536854,-1.06922256674634
"Unfiltered OFDM",0.246826171875,0.00247073278735748,-1.07819552481127
"Unfiltered OFDM",0.2470703125,0.00246720963987871,-1.08439277717353
"Unfiltered OFDM",0.247314453125,0.00246578300660342,-1.08690475730743
"Unfiltered OFDM",0.24755859375,0.00246732595626586,-1.08418803423827
"Unfiltered OFDM",0.247802734375,0.00247300759848991,-1.07419880202727
"Unfiltered OFDM",0.248046875,0.00248405696990417,-1.05483779143338
"Unfiltered OFDM",0.248291015625,0.00250140971919171,-1.02460498008218
"Unfiltered OFDM",0.24853515625,0.0025253308996514,-0.983270382238076
"Unfiltered OFDM",0.248779296875,0.00255512371860621,-0.932333975300881
"Unfiltered OFDM",0.2490234375,0.00258901948444282,-0.875100121058581
"Unfiltered OFDM",0.249267578125,0.00262430163134437,-0.816315805601099
"Unfiltered OFDM",0.24951171875,0.00265765826597884,-0.76146194367659
"Unfiltered OFDM",0.249755859375,0.00268569948769274,-0.715879146434858
"Unfiltered OFDM",0.25,0.00270553369913586,-0.683923832513021
"Unfiltered OFDM",0.250244140625,0.00271528201747496,-0.668303875489577
"Unfiltered OFDM",0.25048828125,0.00271442444841113,-0.66967572686941
"Unfiltered OFDM",0.250732421875,0.00270391018174723,-0.686530698134902
"Unfiltered OFDM",0.2509765625,0.0026860157944629,-0.715367688631108
"Unfiltered OFDM",0.251220703125,0.00266398588998929,-0.751134107369516
"Unfiltered OFDM",0.25146484375,0.00264152935164906,-0.787898902049233
"Unfiltered OFDM",0.251708984375,0.00262226433291788,-0.819688630855229
"Unfiltered OFDM",0.251953125,0.00260920537455703,-0.841370665360194
"Unfiltered OFDM",0.252197265625,0.00260437024593519,-0.849426059334081
"Unfiltered OFDM",0.25244140625,0.00260855826355183,-0.84244789598876
"Unfiltered OFDM",0.252685546875,0.00262132203724326,-0.821249523676773
"Unfiltered OFDM",0.2529296875,0.00264112548556198,-0.788562950028115
"Unfiltered OFDM",0.253173828125,0.0026656554008807,-0.748413251117609
"Unfiltered OFDM",0.25341796875,0.00269223349957717,-0.705326070711923
"Unfiltered OFDM",0.253662109375,0.00271826219215739,-0.663539863273826
"Unfiltered OFDM",0.25390625,0.00274163202130769,-0.62636167106628
"Unfiltered OFDM",0.254150390625,0.00276102373062266,-0.595751916092531
"Unfiltered OFDM",0.25439453125,0.00277605428107917,-0.572173772013882
"Unfiltered OFDM",0.254638671875,0.0027872427982292,-0.554705289778218
"Unfiltered OFDM",0.2548828125,0.00279580555846584,-0.541383669763935
"Unfiltered OFDM",0.255126953125,0.00280332229308645,-0.52972300254803
"Unfiltered OFDM",0.25537109375,0.00281134174355603,-0.51731689798869
"Unfiltered OFDM",0.255615234375,0.00282100601467207,-0.50241318850029
"Unfiltered OFDM",0.255859375,0.00283276752345446,-0.484343962002053
"Unfiltered OFDM",0.256103515625,0.00284625042346104,-0.463722227295266
"Unfiltered OFDM",0.25634765625,0.00286027588315988,-0.442374066641286
"Unfiltered OFDM",0.256591796875,0.00287303590281049,-0.423042777920845
"Unfiltered OFDM",0.2568359375,0.00288237212134127,-0.408952823814169
"Unfiltered OFDM",0.257080078125,0.00288610060962606,-0.403338644155381
"Unfiltered OFDM",0.25732421875,0.00288232319343727,-0.409026545381594
"Unfiltered OFDM",0.257568359375,0.00286967820741864,-0.428121312978562
"Unfiltered OFDM",0.2578125,0.00284750329962302,-0.461810949642957
"Unfiltered OFDM",0.258056640625,0.0028159034066388,-0.510275777560405
"Unfiltered OFDM",0.25830078125,0.00277573287923788,-0.57267661206258
"Unfiltered OFDM",0.258544921875,0.00272850928688986,-0.647198946584676
"Unfiltered OFDM",0.2587890625,0.00267627814028838,-0.731140841594275
"Unfiltered OFDM",0.259033203125,0.00262144542703633,-0.82104509917528
"Unfiltered OFDM",0.25927734375,0.00256659193284827,-0.912885060814642
"Unfiltered OFDM",0.259521484375,0.00251428231157763,-1.00231290919296
"Unfiltered OFDM",0.259765625,0.00246688323421958,-1.08496737591111
"Unfiltered OFDM",0.260009765625,0.0024264070956111,-1.15681663642301
"Unfiltered OFDM",0.26025390625,0.00239439798408201,-1.21448992780156
"Unfiltered OFDM",0.260498046875,0.00237187258174282,-1.25553976178231
"Unfiltered OFDM",0.2607421875,0.00235931972439934,-1.27858532457501
"Unfiltered OFDM",0.260986328125,0.00235675020455151,-1.2833177751887
"Unfiltered OFDM",0.26123046875,0.00236377669181137,-1.27038885024103
"Unfiltered OFDM",0.261474609375,0.0023796966906568,-1.24123724316813
"Unfiltered OFDM",0.26171875,0.00240355256030628,-1.19791707351202
"Unfiltered OFDM",0.261962890625,0.00243415262372775,-1.14297525533896
"Unfiltered OFDM",0.26220703125,0.00247005402454676,-1.07938878797479
"Unfiltered OFDM",0.262451171875,0.00250952633990112,-1.01053572584674
"Unfiltered OFDM",0.2626953125,0.00255052892216427,-0.940150783138455
"Unfiltered OFDM",0.262939453125,0.00259073921023257,-0.872216328618269
"Unfiltered OFDM",0.26318359375,0.00262766114043868,-0.810759724859633
"Unfiltered OFDM",0.263427734375,0.00265882332603872,-0.759558507524565
"Unfiltered OFDM",0.263671875,0.00268205053367159,-0.7217837464401
"Unfiltered OFDM",0.263916015625,0.00269576626193175,-0.699630972403664
"Unfiltered OFDM",0.26416015625,0.00269926643756945,-0.693995762153452
"Unfiltered OFDM",0.264404296875,0.00269290013977686,-0.70425082103008
"Unfiltered OFDM",0.2646484375,0.00267810512238594,-0.72817710801237
"Unfiltered OFDM",0.264892578125,0.002657271810773,-0.7620935055646
"Unfiltered OFDM",0.26513671875,0.0026334437418339,-0.801212859915919
"Unfiltered OFDM",0.265380859375,0.00260989715451497,-0.84021937078987
"Unfiltered OFDM",0.265625,0.00258966946691945,-0.874009946278577
"Unfiltered OFDM",0.265869140625,0.00257511936722246,-0.898479658127219
"Unfiltered OFDM",0.26611328125,0.00256759721104834,-0.911184356892712
"Unfiltered OFDM",0.266357421875,0.00256728431035583,-0.911713642889839
"Unfiltered OFDM",0.2666015625,0.00257322802198089,-0.901670588251554
"Unfiltered OFDM",0.266845703125,0.00258356314514249,-0.884262503172684
"Unfiltered OFDM",0.26708984375,0.0025958765469314,-0.863612962515675
"Unfiltered OFDM",0.267333984375,0.00260764768714458,-0.843964164007216
"Unfiltered OFDM",0.267578125,0.00261668703270898,-0.828935487528075
"Unfiltered OFDM",0.267822265625,0.00262149845424234,-0.820957249968878
"Unfiltered OFDM",0.26806640625,0.00262150879406484,-0.820940120380296
"Unfiltered OFDM",0.268310546875,0.0026171337137886,-0.828194189199705
"Unfiltered OFDM",0.2685546875,0.00260967816632294,-0.840583788803249
"Unfiltered OFDM",0.268798828125,0.00260109678451755,-0.854888187552288
"Unfiltered OFDM",0.26904296875,0.00259365957030762,-0.867323586166937
"Unfiltered OFDM",0.269287109375,0.00258957880889852,-0.87416198486076
"Unfiltered OFDM",0.26953125,0.00259065365413557,-0.872359751600459
"Unfiltered OFDM",0.269775390625,0.00259798091103299,-0.860093752469418
"Unfiltered OFDM",0.27001953125,0.00261176713908152,-0.837108776283783
"Unfiltered OFDM",0.270263671875,0.00263126169276113,-0.804812878711218
"Unfiltered OFDM",0.2705078125,0.00265481550885599,-0.766109849349211
"Unfiltered OFDM",0.270751953125,0.00268005786901051,-0.725011593553358
"Unfiltered OFDM",0.27099609375,0.00270417307486382,-0.686108467098365
"Unfiltered OFDM",0.271240234375,0.00272425000622688,-0.653983704046335
"Unfiltered OFDM",0.271484375,0.00273766880165421,-0.632644241714816
"Unfiltered OFDM",0.271728515625,0.00274248023564715,-0.625018245575421
"Unfiltered OFDM",0.27197265625,0.00273772623797814,-0.632553127636788
"Unfiltered OFDM",0.272216796875,0.0027236475198689,-0.654944281959213
"Unfiltered OFDM",0.2724609375,0.00270173030173571,-0.690033372478213
"Unfiltered OFDM",0.272705078125,0.00267456168636245,-0.733927120078372
"Unfiltered OFDM",0.27294921875,0.00264549264321846,-0.781387728148892
"Unfiltered OFDM",0.273193359375,0.00261814528653143,-0.82651588145069
"Unfiltered OFDM",0.2734375,0.00259583954528602,-0.863674867327585
"Unfiltered OFDM",0.273681640625,0.00258104325508457,-0.88850048124572
"Unfiltered OFDM",0.27392578125,0.00257495913792567,-0.89874989361737
"Unfiltered OFDM",0.274169921875,0.00257734557467394,-0.894726776029747
"Unfiltered OFDM",0.2744140625,0.00258662535241421,-0.879118010368647
"Unfiltered OFDM",0.274658203125,0.00260027508407482,-0.856260363893612
"Unfiltered OFDM",0.27490234375,0.00261542165310205,-0.831036160218638
"Unfiltered OFDM",0.275146484375,0.00262951792393614,-0.807691954670758
"Unfiltered OFDM",0.275390625,0.0026409436144316,-0.788862020816005
"Unfiltered OFDM",0.275634765625,0.00264938784886816,-0.774997908294632
"Unfiltered OFDM",0.27587890625,0.00265591710808663,-0.76430814510799
"Unfiltered OFDM",0.276123046875,0.00266270552123688,-0.753221921555673
"Unfiltered OFDM",0.2763671875,0.00267248549673531,-0.737299739443376
"Unfiltered OFDM",0.276611328125,0.0026878446317694,-0.712411698269704
"Unfiltered OFDM",0.27685546875,0.00271053191823218,-0.675908052267883
"Unfiltered OFDM",0.277099609375,0.00274093300075201,-0.627469111727707
"Unfiltered OFDM",0.27734375,0.0027778321105317,-0.569393371073243
"Unfiltered OFDM",0.277587890625,0.00281850914570169,-0.506258825778978
"Unfiltered OFDM",0.27783203125,0.0028591428121322,-0.444094823688746
"Unfiltered OFDM",0.278076171875,0.00289542468771151,-0.389330578934486
"Unfiltered OFDM",0.2783203125,0.00292325011990391,-0.347793547992796
"Unfiltered OFDM",0.278564453125,0.0029393472548275,-0.323944342621012
"Unfiltered OFDM",0.27880859375,0.00294173280294672,-0.320421076720403
"Unfiltered OFDM",0.279052734375,0.00292993188209939,-0.337878073946645
"Unfiltered OFDM",0.279296875,0.00290495467809753,-0.375059698702772
"Unfiltered OFDM",0.279541015625,0.00286907030658663,-0.429041402009228
"Unfiltered OFDM",0.27978515625,0.00282544802481635,-0.49558008270079
"Unfiltered OFDM",0.280029296875,0.00277774416259482,-0.569530873653748
"Unfiltered OFDM",0.2802734375,0.00272970255125482,-0.645300053127351
"Unfiltered OFDM",0.280517578125,0.00268481402677946,-0.717311228454675
"Unfiltered OFDM",0.28076171875,0.00264605551553433,-0.780463793094777
"Unfiltered OFDM",0.281005859375,0.00261570874279416,-0.830559469867661
"Unfiltered OFDM",0.28125,0.00259524703146389,-0.864666280129959
"Unfiltered OFDM",0.281494140625,0.00258527656229396,-0.881383220070656
"Unfiltered OFDM",0.28173828125,0.00258552338678773,-0.880968605245941
"Unfiltered OFDM",0.281982421875,0.00259486532165225,-0.865305088902887
"Unfiltered OFDM",0.2822265625,0.00261141440606349,-0.837695353649406
"Unfiltered OFDM",0.282470703125,0.0026326577470009,-0.802509277092979
"Unfiltered OFDM",0.28271484375,0.00265566089059746,-0.764727131111129
"Unfiltered OFDM",0.282958984375,0.0026773287111599,-0.729436356558803
"Unfiltered OFDM",0.283203125,0.00269470611767532,-0.701339226427062
"Unfiltered OFDM",0.283447265625,0.0027052876628976,-0.684318789853324
"Unfiltered OFDM",0.28369140625,0.00270729499770018,-0.681097501523054
"Unfiltered OFDM",0.283935546875,0.00269987754964581,-0.693012633700691
"Unfiltered OFDM",0.2841796875,0.00268319742611508,-0.719927023057086
"Unfiltered OFDM",0.284423828125,0.002658375173661,-0.760290585159696
"Unfiltered OFDM",0.28466796875,0.00262729699356708,-0.811361621099946
"Unfiltered OFDM",0.284912109375,0.00259231193989537,-0.869580707956785
"Unfiltered OFDM",0.28515625,0.00255587302360474,-0.93106056799944
"Unfiltered OFDM",0.285400390625,0.00252019189555085,-0.992117203412842
"Unfiltered OFDM",0.28564453125,0.00248697720804483,-1.04973525779221
"Unfiltered OFDM",0.285888671875,0.00245730969870796,-1.10185436202308
"Unfiltered OFDM",0.2861328125,0.00243167515592999,-1.14739773280985
"Unfiltered OFDM",0.286376953125,0.00241013708856259,-1.18603585025179
"Unfiltered OFDM",0.28662109375,0.00239259453774028,-1.21776224054534
"Unfiltered OFDM",0.286865234375,0.00237904753655434,-1.24242211057387
"Unfiltered OFDM",0.287109375,0.00236979054580549,-1.25935368425001
"Unfiltered OFDM",0.287353515625,0.00236547432589387,-1.26727092250479
"Unfiltered OFDM",0.28759765625,0.00236701409793638,-1.26444486371643
"Unfiltered OFDM",0.287841796875,0.00237536610349238,-1.24914776174721
"Unfiltered OFDM",0.2880859375,0.00239123309543569,-1.22023418118206
"Unfiltered OFDM",0.288330078125,0.00241478077606,-1.17767621166276
"Unfiltered OFDM",0.28857421875,0.00244544566294903,-1.12287313591829
"Unfiltered OFDM",0.288818359375,0.00248189108547296,-1.05862611827881
"Unfiltered OFDM",0.2890625,0.00252212924650157,-0.988779927404004
"Unfiltered OFDM",0.289306640625,0.00256378482474846,-0.917637583824609
"Unfiltered OFDM",0.28955078125,0.0026044411903278,-0.849307756882125
"Unfiltered OFDM",0.289794921875,0.00264199262399181,-0.787137301648897
"Unfiltered OFDM",0.2900390625,0.00267492824943577,-0.733331936903258
"Unfiltered OFDM",0.290283203125,0.00270249319305119,-0.688807222260234
"Unfiltered OFDM",0.29052734375,0.00272470289919439,-0.653261771151889
"Unfiltered OFDM",0.290771484375,0.00274221890393776,-0.625432105721741
"Unfiltered OFDM",0.291015625,0.00275612102259719,-0.603470472329647
"Unfiltered OFDM",0.291259765625,0.00276762704978662,-0.585377643769195
"Unfiltered OFDM",0.29150390625,0.00277781543216918,-0.569419446596421
"Unfiltered OFDM",0.291748046875,0.00278740054505952,-0.55445950337092
"Unfiltered OFDM",0.2919921875,0.0027965972604721,-0.540154030819594
"Unfiltered OFDM",0.292236328125,0.00280509461159144,-0.526978170323199
"Unfiltered OFDM",0.29248046875,0.00281214001087085,-0.516083914199014
"Unfiltered OFDM",0.292724609375,0.00281671742487796,-0.509020505308039
"Unfiltered OFDM",0.29296875,0.00281778673672506,-0.507372103862637
"Unfiltered OFDM",0.293212890625,0.00281453924585227,-0.512380221385448
"Unfiltered OFDM",0.29345703125,0.00280661842256358,-0.524619593863925
"Unfiltered OFDM",0.293701171875,0.00279425817337031,-0.543788010242937
"Unfiltered OFDM",0.2939453125,0.00277830433743328,-0.568655140326127
"Unfiltered OFDM",0.294189453125,0.00276010793770157,-0.597192649042718
"Unfiltered OFDM",0.29443359375,0.00274130693978166,-0.626876654414046
"Unfiltered OFDM",0.294677734375,0.00272354054338737,-0.655114862798676
"Unfiltered OFDM",0.294921875,0.00270815903334188,-0.679711667898048
"Unfiltered OFDM",0.295166015625,0.0026959969150777,-0.699259400488166
"Unfiltered OFDM",0.29541015625,0.00268726481234055,-0.713348655487216
"Unfiltered OFDM",0.295654296875,0.00268158839219868,-0.722532139442735
"Unfiltered OFDM",0.2958984375,0.00267818681833282,-0.728044627933544
"Unfiltered OFDM",0.296142578125,0.0026761481269679,-0.731351826537748
"Unfiltered OFDM",0.29638671875,0.00267473386565299,-0.733647544889164
"Unfiltered OFDM",0.296630859375,0.00267363716669319,-0.735428611723701
"Unfiltered OFDM",0.296875,0.00267312941500798,-0.736253460732381
"Unfiltered OFDM",0.297119140625,0.00267405789455356,-0.734745252682366
"Unfiltered OFDM",0.29736328125,0.00267769305423132,-0.728845389079632
"Unfiltered OFDM",0.297607421875,0.00268545994130887,-0.716266525264764
"Unfiltered OFDM",0.2978515625,0.00269861496368726,-0.695044067933008
"Unfiltered OFDM",0.298095703125,0.00271794029109214,-0.664054192373794
"Unfiltered OFDM",0.29833984375,0.00274352191367261,-0.623368975263461
"Unfiltered OFDM",0.298583984375,0.00277465607267976,-0.574361723344639
"Unfiltered OFDM",0.298828125,0.00280989836778413,-0.519547189292432
"Unfiltered OFDM",0.299072265625,0.002847238022483,-0.462215562922655
"Unfiltered OFDM",0.29931640625,0.00288435408530943,-0.405967573543045
"Unfiltered OFDM",0.299560546875,0.0029188964055491,-0.354266492352765
"Unfiltered OFDM",0.2998046875,0.00294873464594738,-0.310096384369886
"Unfiltered OFDM",0.300048828125,0.00297213250580412,-0.275771634092817
"Unfiltered OFDM",0.30029296875,0.00298782769632142,-0.252897822322018
"Unfiltered OFDM",0.300537109375,0.00299502481680185,-0.242449056583211
"Unfiltered OFDM",0.30078125,0.00299333114286709,-0.244905668276228
"Unfiltered OFDM",0.301025390625,0.00298267834976876,-0.260389091338278
"Unfiltered OFDM",0.30126953125,0.00296327266386137,-0.288737162861745
"Unfiltered OFDM",0.301513671875,0.00293560167695374,-0.32948203849344
"Unfiltered OFDM",0.3017578125,0.00290050170461048,-0.381722059300333
"Unfiltered OFDM",0.302001953125,0.00285926191238508,-0.443913918051176
"Unfiltered OFDM",0.30224609375,0.00281371881448505,-0.513646363819815
"Unfiltered OFDM",0.302490234375,0.00276628481130255,-0.587484387761844
"Unfiltered OFDM",0.302734375,0.00271986180566609,-0.660984925797901
"Unfiltered OFDM",0.302978515625,0.00267761554077584,-0.728971109812223
"Unfiltered OFDM",0.30322265625,0.00264262286369393,-0.786101428265712
"Unfiltered OFDM",0.303466796875,0.00261744321455013,-0.827680625353477
"Unfiltered OFDM",0.3037109375,0.00260369610700492,-0.850550372271923
"Unfiltered OFDM",0.303955078125,0.00260173845720028,-0.853816945070974
"Unfiltered OFDM",0.30419921875,0.0026105240331755,-0.83917635171301
"Unfiltered OFDM",0.304443359375,0.00262769308868926,-0.810706921762724
"Unfiltered OFDM",0.3046875,0.00264989097125084,-0.774173255421695
"Unfiltered OFDM",0.304931640625,0.00267326242232778,-0.736037373521369
"Unfiltered OFDM",0.30517578125,0.0026940271049661,-0.702433700627708
"Unfiltered OFDM",0.305419921875,0.00270902283365215,-0.678326653620866
"Unfiltered OFDM",0.3056640625,0.00271611151665581,-0.666977339610608
"Unfiltered OFDM",0.305908203125,0.00271437694005944,-0.669751738546798
"Unfiltered OFDM",0.30615234375,0.00270409414561363,-0.686235230575176
"Unfiltered OFDM",0.306396484375,0.0026865036260892,-0.714578998754364
"Unfiltered OFDM",0.306640625,0.00266346551687239,-0.751982524958566
"Unfiltered OFDM",0.306884765625,0.00263708844377826,-0.795206353782631
"Unfiltered OFDM",0.30712890625,0.00260942029829743,-0.841012945913011
"Unfiltered OFDM",0.307373046875,0.00258225736540609,-0.886458061245296
"Unfiltered OFDM",0.3076171875,0.00255708410237594,-0.929003187801017
"Unfiltered OFDM",0.307861328125,0.00253511235307711,-0.966481194705974
"Unfiltered OFDM",0.30810546875,0.002517359326315,-0.997001200673447
"Unfiltered OFDM",0.308349609375,0.00250469720915557,-1.01890099102926
"Unfiltered OFDM",0.30859375,0.00249782552188788,-1.03083232207649
"Unfiltered OFDM",0.308837890625,0.00249715411081433,-1.03199985486953
"Unfiltered OFDM",0.30908203125,0.00250262781940598,-1.02249063058807
"Unfiltered OFDM",0.309326171875,0.00251355877253341,-1.00356286523277
"Unfiltered OFDM",0.3095703125,0.00252854632143905,-0.977744169128027
"Unfiltered OFDM",0.309814453125,0.00254555155425167,-0.948634338750333
"Unfiltered OFDM",0.31005859375,0.00256215473425229,-0.920399767510953
"Unfiltered OFDM",0.310302734375,0.00257597010124319,-0.897045130164182
"Unfiltered OFDM",0.310546875,0.00258513868655048,-0.881614840440451
"Unfiltered OFDM",0.310791015625,0.00258878276587416,-0.875497222234854
"Unfiltered OFDM",0.31103515625,0.00258729807575775,-0.877988654506892
"Unfiltered OFDM",0.311279296875,0.00258238686733165,-0.886240265133328
"Unfiltered OFDM",0.3115234375,0.00257679148137318,-0.89566054888558
"Unfiltered OFDM",0.311767578125,0.00257376083463287,-0.900771431086401
"Unfiltered OFDM",0.31201171875,0.00257635216403243,-0.89640104094434
"Unfiltered OFDM",0.312255859375,0.00258671859961503,-0.87896145110969
"Unfiltered OFDM",0.3125,0.00260554582643898,-0.847466150086398
"Unfiltered OFDM",0.312744140625,0.00263177359235001,-0.803968061394222
"Unfiltered OFDM",0.31298828125,0.00266267606129329,-0.753269971787341
"Unfiltered OFDM",0.313232421875,0.00269429403744508,-0.70200340963469
"Unfiltered OFDM",0.3134765625,0.00272213200330264,-0.657361495128237
"Unfiltered OFDM",0.313720703125,0.00274197350567618,-0.625820768638671
"Unfiltered OFDM",0.31396484375,0.00275064390334986,-0.612109604314436
"Unfiltered OFDM",0.314208984375,0.00274656490732468,-0.618554641610872
"Unfiltered OFDM",0.314453125,0.00272999557243881,-0.644833882725514
"Unfiltered OFDM",0.314697265625,0.00270292591188105,-0.688111892640914
"Unfiltered OFDM",0.31494140625,0.00266866411671486,-0.743514148922315
"Unfiltered OFDM",0.315185546875,0.00263121891251253,-0.804883488856099
"Unfiltered OFDM",0.3154296875,0.00259461216918809,-0.865728802922437
"Unfiltered OFDM",0.315673828125,0.00256225841668991,-0.920224025590042
"Unfiltered OFDM",0.31591796875,0.00253652044539591,-0.964069637071266
"Unfiltered OFDM",0.316162109375,0.00251850314814569,-0.995028329013782
"Unfiltered OFDM",0.31640625,0.00250809391155634,-1.01301537042559
"Unfiltered OFDM",0.316650390625,0.00250420959065036,-1.01974656486489
"Unfiltered OFDM",0.31689453125,0.00250517655558195,-1.01806992215083
"Unfiltered OFDM",0.317138671875,0.00250915581127516,-1.01117700390775
"Unfiltered OFDM",0.3173828125,0.00251452924756537,-1.0018863951521
"Unfiltered OFDM",0.317626953125,0.00252018155039998,-0.992135030829748
"Unfiltered OFDM",0.31787109375,0.00252563927608624,-0.982740083386546
"Unfiltered OFDM",0.318115234375,0.00253105808436145,-0.973432192225622
"Unfiltered OFDM",0.318359375,0.00253707624483773,-0.963118120242752
"Unfiltered OFDM",0.318603515625,0.00254457384905514,-0.950302714058847
"Unfiltered OFDM",0.31884765625,0.00255439055650944,-0.933580310032545
"Unfiltered OFDM",0.319091796875,0.00256705901625686,-0.912094778228195
"Unfiltered OFDM",0.3193359375,0.00258260596280784,-0.88587181561363
"Unfiltered OFDM",0.319580078125,0.00260045895955316,-0.855953268376074
"Unfiltered OFDM",0.31982421875,0.00261947574352148,-0.82430949752829
"Unfiltered OFDM",0.320068359375,0.00263808856718459,-0.793559591670595
"Unfiltered OFDM",0.3203125,0.00265453263715277,-0.766572616591182
"Unfiltered OFDM",0.320556640625,0.002667110985668,-0.746042427380207
"Unfiltered OFDM",0.32080078125,0.00267444221290802,-0.734121125029492
"Unfiltered OFDM",0.321044921875,0.00267564440900705,-0.732169354235273
"Unfiltered OFDM",0.3212890625,0.00267042668482394,-0.740646718267867
"Unfiltered OFDM",0.321533203125,0.00265908419188298,-0.759132427919438
"Unfiltered OFDM",0.32177734375,0.00264241620066122,-0.78644107614219
"Unfiltered OFDM",0.322021484375,0.002621602611445,-0.820784699801317
"Unfiltered OFDM",0.322265625,0.00259807744076765,-0.859932390420456
"Unfiltered OFDM",0.322509765625,0.0025734277547307,-0.901333503997616
"Unfiltered OFDM",0.32275390625,0.00254932719356006,-0.942197523671417
"Unfiltered OFDM",0.322998046875,0.00252749204233425,-0.979555340528612
"Unfiltered OFDM",0.3232421875,0.00250963305079208,-1.01035105766826
"Unfiltered OFDM",0.323486328125,0.00249737410436524,-1.03161726824209
"Unfiltered OFDM",0.32373046875,0.00249212111248838,-1.04076186555842
"Unfiltered OFDM",0.323974609375,0.00249488741296509,-1.03594379015546
"Unfiltered OFDM",0.32421875,0.00250610750986376,-1.01645633047707
"Unfiltered OFDM",0.324462890625,0.00252548928636407,-0.982998004791219
"Unfiltered OFDM",0.32470703125,0.0025519579500872,-0.937718169500523
"Unfiltered OFDM",0.324951171875,0.00258372965642901,-0.883982608319776
"Unfiltered OFDM",0.3251953125,0.00261852206296331,-0.825890934649077
"Unfiltered OFDM",0.325439453125,0.00265387164184103,-0.767654171811353
"Unfiltered OFDM",0.32568359375,0.0026874950027509,-0.712976655887213
"Unfiltered OFDM",0.325927734375,0.00271761449324545,-0.664574809726815
"Unfiltered OFDM",0.326171875,0.00274317320262255,-0.623921013537187
"Unfiltered OFDM",0.326416015625,0.00276389075405834,-0.591244579109063
"Unfiltered OFDM",0.32666015625,0.00278015174842201,-0.565768293995544
"Unfiltered OFDM",0.326904296875,0.00279276170752456,-0.546114498741499
"Unfiltered OFDM",0.3271484375,0.00280263830307541,-0.530782778419987
"Unfiltered OFDM",0.327392578125,0.00281051912949997,-0.518587853481551
"Unfiltered OFDM",0.32763671875,0.00281675791444162,-0.5089580770803
"Unfiltered OFDM",0.327880859375,0.00282125246906089,-0.502033788012047
"Unfiltered OFDM",0.328125,0.00282350911715707,-0.498561365472988
"Unfiltered OFDM",0.328369140625,0.00282281161353803,-0.499634354376198
"Unfiltered OFDM",0.32861328125,0.00281843822474283,-0.506368106845703
"Unfiltered OFDM",0.328857421875,0.00280986477009901,-0.519599117777296
"Unfiltered OFDM",0.3291015625,0.00279690395294965,-0.539677782238638
"Unfiltered OFDM",0.329345703125,0.00277975649336745,-0.56638577573073
"Unfiltered OFDM",0.32958984375,0.00275897819905963,-0.598970621891426
"Unfiltered OFDM",0.329833984375,0.00273538977703023,-0.636261114661799
"Unfiltered OFDM",0.330078125,0.00270996641052098,-0.676814230498914
"Unfiltered OFDM",0.330322265625,0.00268374028183332,-0.719048461551298
"Unfiltered OFDM",0.33056640625,0.00265773472001103,-0.761337010056867
"Unfiltered OFDM",0.330810546875,0.00263293034717278,-0.802059607470507
"Unfiltered OFDM",0.3310546875,0.00261024907583961,-0.839633802942371
"Unfiltered OFDM",0.331298828125,0.00259053654597049,-0.872556074946731
"Unfiltered OFDM",0.33154296875,0.00257452898299574,-0.899475456657724
"Unfiltered OFDM",0.331787109375,0.00256280343933983,-0.919300328132674
"Unfiltered OFDM",0.33203125,0.00255572472186596,-0.931312569937134
"Unfiltered OFDM",0.332275390625,0.00255341112539466,-0.935245846638136
"Unfiltered OFDM",0.33251953125,0.00255573964827448,-0.931287205554699
"Unfiltered OFDM",0.332763671875,0.00256239909195418,-0.919985592130139
"Unfiltered OFDM",0.3330078125,0.00257298042572919,-0.902088486931839
"Unfiltered OFDM",0.333251953125,0.00258707544834123,-0.878362364901503
"Unfiltered OFDM",0.33349609375,0.00260434514891962,-0.849467910326305
"Unfiltered OFDM",0.333740234375,0.00262452378873706,-0.815948173904119
"Unfiltered OFDM",0.333984375,0.00264734415514159,-0.778349276464755
"Unfiltered OFDM",0.334228515625,0.00267239850683903,-0.737441105399739
"Unfiltered OFDM",0.33447265625,0.00269897884356958,-0.694458506918789
"Unfiltered OFDM",0.334716796875,0.00272595836676628,-0.651261123444322
"Unfiltered OFDM",0.3349609375,0.00275177495861625,-0.610324167472345
"Unfiltered OFDM",0.335205078125,0.00277455465383314,-0.574520468966766
"Unfiltered OFDM",0.33544921875,0.00279237325489388,-0.546718612466207
"Unfiltered OFDM",0.335693359375,0.00280360874150028,-0.529279255461369
"Unfiltered OFDM",0.3359375,0.00280730043040418,-0.523564387150026
"Unfiltered OFDM",0.336181640625,0.00280341599365713,-0.529577842782334
"Unfiltered OFDM",0.33642578125,0.00279294154486242,-0.545834847782709
"Unfiltered OFDM",0.336669921875,0.00277775139250227,-0.569519569859586
"Unfiltered OFDM",0.3369140625,0.00276027220996834,-0.596934179382651
"Unfiltered OFDM",0.337158203125,0.00274301470292958,-0.624171954785449
"Unfiltered OFDM",0.33740234375,0.00272808667325766,-0.647871669176378
"Unfiltered OFDM",0.337646484375,0.00271681142656514,-0.665858358110938
"Unfiltered OFDM",0.337890625,0.00270955029470003,-0.677481141646368
"Unfiltered OFDM",0.338134765625,0.00270577373973701,-0.683538534469046
"Unfiltered OFDM",0.33837890625,0.00270435718805353,-0.685812788463022
"Unfiltered OFDM",0.338623046875,0.00270401515875618,-0.6863620902757
"Unfiltered OFDM",0.3388671875,0.00270374885059114,-0.686789831451008
"Unfiltered OFDM",0.339111328125,0.00270317966224609,-0.687704196631702
"Unfiltered OFDM",0.33935546875,0.00270267517508175,-0.688514784406965
"Unfiltered OFDM",0.339599609375,0.00270323506986607,-0.687615179326125
"Unfiltered OFDM",0.33984375,0.00270617445095488,-0.682895414228621
"Unfiltered OFDM",0.340087890625,0.00271270063246854,-0.672434623212156
"Unfiltered OFDM",0.34033203125,0.00272350957000714,-0.65516425308458
"Unfiltered OFDM",0.340576171875,0.00273852123842613,-0.631292175455259
"Unfiltered OFDM",0.3408203125,0.00275683171830734,-0.602350741247433
"Unfiltered OFDM",0.341064453125,0.00277689600969317,-0.570857145442508
"Unfiltered OFDM",0.34130859375,0.0027968883898583,-0.539701948186462
"Unfiltered OFDM",0.341552734375,0.00281513594868874,-0.511459583013845
"Unfiltered OFDM",0.341796875,0.00283050030853582,-0.487821244059938
"Unfiltered OFDM",0.342041015625,0.00284259796981634,-0.469298894387093
"Unfiltered OFDM",0.34228515625,0.00285179631738352,-0.455268271061342
"Unfiltered OFDM",0.342529296875,0.00285898642944688,-0.444332370391334
"Unfiltered OFDM",0.3427734375,0.00286519717157171,-0.43490817200854
"Unfiltered OFDM",0.343017578125,0.00287116000991861,-0.425879345381022
"Unfiltered OFDM",0.34326171875,0.00287694847857238,-0.417132465081844
"Unfiltered OFDM",0.343505859375,0.00288179692963582,-0.409819566556567
"Unfiltered OFDM",0.34375,0.0028841560107711,-0.406265822753335
"Unfiltered OFDM",0.343994140625,0.00288198045107582,-0.409543003658768
"Unfiltered OFDM",0.34423828125,0.00287318475785696,-0.422817771158597
"Unfiltered OFDM",0.344482421875,0.00285615967701632,-0.448628474321272
"Unfiltered OFDM",0.3447265625,0.0028302269016429,-0.488240762968352
"Unfiltered OFDM",0.344970703125,0.00279592418387857,-0.541199403483027
"Unfiltered OFDM",0.34521484375,0.00275505272151867,-0.605154169091056
"Unfiltered OFDM",0.345458984375,0.0027104726647425,-0.676002992101302
"Unfiltered OFDM",0.345703125,0.00266568741176091,-0.748361098595723
"Unfiltered OFDM",0.345947265625,0.00262430053087909,-0.816317626756476
"Unfiltered OFDM",0.34619140625,0.00258945197335346,-0.874374704111361
"Unfiltered OFDM",0.346435546875,0.0025633394834288,-0.918392039018404
"Unfiltered OFDM",0.3466796875,0.002546909069823,-0.946318909808571
"Unfiltered OFDM",0.346923828125,0.00253976169023191,-0.958523629578141
"Unfiltered OFDM",0.34716796875,0.00254028079390391,-0.957636062744711
"Unfiltered OFDM",0.347412109375,0.0025459459719909,-0.94796147797737
"Unfiltered OFDM",0.34765625,0.00255376875461995,-0.934637618993878
"Unfiltered OFDM",0.347900390625,0.00256077167704355,-0.922744732401256
"Unfiltered OFDM",0.34814453125,0.00256443195484518,-0.916541510691777
"Unfiltered OFDM",0.348388671875,0.00256302443339944,-0.918925846183346
"Unfiltered OFDM",0.3486328125,0.00255582088272924,-0.931149166788525
"Unfiltered OFDM",0.348876953125,0.00254312922337299,-0.952769025359259
"Unfiltered OFDM",0.34912109375,0.00252618198686287,-0.981806969231477
"Unfiltered OFDM",0.349365234375,0.00250690421308908,-1.01507590754368
"Unfiltered OFDM",0.349609375,0.00248760446120271,-1.0486400397225
"Unfiltered OFDM",0.349853515625,0.00247063770102191,-1.07836266658274
"Unfiltered OFDM",0.35009765625,0.00245808616851227,-1.10048227902798
"Unfiltered OFDM",0.350341796875,0.00245149565022413,-1.11214203967694
"Unfiltered OFDM",0.3505859375,0.00245169263553434,-1.1117930845551
"Unfiltered OFDM",0.350830078125,0.00245869493474105,-1.0994068444714
"Unfiltered OFDM",0.35107421875,0.00247171679131258,-1.07646623051411
"Unfiltered OFDM",0.351318359375,0.00248926041935812,-1.04574997325313
"Unfiltered OFDM",0.3515625,0.00250927950406373,-1.01096291687797
"Unfiltered OFDM",0.351806640625,0.00252939599698597,-0.97628504056675
"Unfiltered OFDM",0.35205078125,0.00254714870256388,-0.945910311469981
"Unfiltered OFDM",0.352294921875,0.00256025007648985,-0.923629431798815
"Unfiltered OFDM",0.3525390625,0.00256682631002173,-0.912488487972257
"Unfiltered OFDM",0.352783203125,0.002565615790658,-0.914537110750034
"Unfiltered OFDM",0.35302734375,0.00255610345035831,-0.930669044023797
"Unfiltered OFDM",0.353271484375,0.00253857426821106,-0.960554573749474
"Unfiltered OFDM",0.353515625,0.00251407851575867,-1.00266494200324
"Unfiltered OFDM",0.353759765625,0.00248431333332217,-1.05438960737663
"Unfiltered OFDM",0.35400390625,0.00245143785717111,-1.11224442411264
"Unfiltered OFDM",0.354248046875,0.0024178495847296,-1.17216051213322
"Unfiltered OFDM",0.3544921875,0.0023859552091763,-1.22983044436038
"Unfiltered OFDM",0.354736328125,0.00235796797339018,-1.28107428881829
"Unfiltered OFDM",0.35498046875,0.00233575557794148,-1.32217936321069
"Unfiltered OFDM",0.355224609375,0.00232074967785148,-1.35017032126486
"Unfiltered OFDM",0.35546875,0.00231391345810537,-1.36298218947997
"Unfiltered OFDM",0.355712890625,0.00231575177447165,-1.35953325459712
"Unfiltered OFDM",0.35595703125,0.00232634235607134,-1.33971702942194
"Unfiltered OFDM",0.356201171875,0.00234536827383347,-1.30434284880763
"Unfiltered OFDM",0.3564453125,0.00237214050756649,-1.2550492120949
"Unfiltered OFDM",0.356689453125,0.00240561185994209,-1.19419774747145
"Unfiltered OFDM",0.35693359375,0.00244439509285118,-1.12473927768509
"Unfiltered OFDM",0.357177734375,0.00248680446334105,-1.05003692793624
"Unfiltered OFDM",0.357421875,0.00253093789313698,-0.973638428602737
"Unfiltered OFDM",0.357666015625,0.00257480665564647,-0.89900707895401
"Unfiltered OFDM",0.35791015625,0.00261650357572713,-0.829239983812951
"Unfiltered OFDM",0.358154296875,0.0026543844544622,-0.766815057464657
"Unfiltered OFDM",0.3583984375,0.00268722657614911,-0.713410450234856
"Unfiltered OFDM",0.358642578125,0.00271432727696728,-0.669831199154762
"Unfiltered OFDM",0.35888671875,0.00273551626791321,-0.636060291280634
"Unfiltered OFDM",0.359130859375,0.00275107559637309,-0.611428065031091
"Unfiltered OFDM",0.359375,0.00276158536635041,-0.594868582530585
"Unfiltered OFDM",0.359619140625,0.00276773439059129,-0.585209208447812
"Unfiltered OFDM",0.35986328125,0.00277014601437987,-0.581426696391131
"Unfiltered OFDM",0.360107421875,0.00276926625407353,-0.582806175047481
"Unfiltered OFDM",0.3603515625,0.00276534407010222,-0.588961561031774
"Unfiltered OFDM",0.360595703125,0.00275850635738582,-0.599713417756712
"Unfiltered OFDM",0.36083984375,0.00274890069260649,-0.614862802579435
"Unfiltered OFDM",0.361083984375,0.00273685579237692,-0.633934163567915
"Unfiltered OFDM",0.361328125,0.00272300036642061,-0.655976311856223
"Unfiltered OFDM",0.361572265625,0.00270828930456991,-0.679502763199018
"Unfiltered OFDM",0.36181640625,0.00269391072157016,-0.702621322193807
"Unfiltered OFDM",0.362060546875,0.00268108230738592,-0.723351842365107
"Unfiltered OFDM",0.3623046875,0.00267078135963666,-0.740069944950004
"Unfiltered OFDM",0.362548828125,0.00266347956344181,-0.751959621221074
"Unfiltered OFDM",0.36279296875,0.00265896264187264,-0.759330953808455
"Unfiltered OFDM",0.363037109375,0.0026563022774931,-0.763678363331377
"Unfiltered OFDM",0.36328125,0.00265401467028475,-0.767420118328572
"Unfiltered OFDM",0.363525390625,0.00265039381880604,-0.773349209440142
"Unfiltered OFDM",0.36376953125,0.00264395928933288,-0.783905672005684
"Unfiltered OFDM",0.364013671875,0.00263392056492306,-0.800426578106012
"Unfiltered OFDM",0.3642578125,0.00262054401045112,-0.822538731535217
"Unfiltered OFDM",0.364501953125,0.00260532026338396,-0.847842136682438
"Unfiltered OFDM",0.36474609375,0.00259086887603684,-0.871998970831431
"Unfiltered OFDM",0.364990234375,0.00258057547398229,-0.889287655822845
"Unfiltered OFDM",0.365234375,0.00257802096709436,-0.893588858092752
"Unfiltered OFDM",0.365478515625,0.00258631625143894,-0.879637022019473
"Unfiltered OFDM",0.36572265625,0.00260748472079247,-0.844235587173283
"Unfiltered OFDM",0.365966796875,0.00264202977741595,-0.787076228754563
"Unfiltered OFDM",0.3662109375,0.00268878494970533,-0.710892624326501
"Unfiltered OFDM",0.366455078125,0.00274507899901914,-0.620904836942058
"Unfiltered OFDM",0.36669921875,0.00280717372096802,-0.523760413376016
"Unfiltered OFDM",0.366943359375,0.00287086747767205,-0.4263218550724
"Unfiltered OFDM",0.3671875,0.00293212025526654,-0.3346355288013
"Unfiltered OFDM",0.367431640625,0.00298755659420195,-0.253291899585923
"Unfiltered OFDM",0.36767578125,0.00303474121563865,-0.185236679808339
"Unfiltered OFDM",0.367919921875,0.00307218812012659,-0.131975255211903
"Unfiltered OFDM",0.3681640625,0.00309913909618416,-0.0940426219744415
"Unfiltered OFDM",0.368408203125,0.00311521095830858,-0.071578690797174
"Unfiltered OFDM",0.36865234375,0.00312004471257536,-0.0648451313850587
"Unfiltered OFDM",0.368896484375,0.00311308484911472,-0.0745437314928353
"Unfiltered OFDM",0.369140625,0.00309357472304836,-0.101847204162552
"Unfiltered OFDM",0.369384765625,0.00306078661593697,-0.148122773414475
"Unfiltered OFDM",0.36962890625,0.00301443158866305,-0.214398987953446
"Unfiltered OFDM",0.369873046875,0.00295513511666674,-0.300679881920604
"Unfiltered OFDM",0.3701171875,0.00288483594516224,-0.40524210229143
"Unfiltered OFDM",0.370361328125,0.00280697523639973,-0.524067497329216
"Unfiltered OFDM",0.37060546875,0.00272638819007702,-0.650576391135082
"Unfiltered OFDM",0.370849609375,0.00264887901880546,-0.775832075748474
"Unfiltered OFDM",0.37109375,0.0025805349592624,-0.889355840061534
"Unfiltered OFDM",0.371337890625,0.00252689758558055,-0.980576905180574
"Unfiltered OFDM",0.37158203125,0.0024921455697017,-1.04071924491442
"Unfiltered OFDM",0.371826171875,0.00247844479162045,-1.0646608170616
"Unfiltered OFDM",0.3720703125,0.00248559021930817,-1.0521579964648
"Unfiltered OFDM",0.372314453125,0.00251100751435261,-1.00797318597208
"Unfiltered OFDM",0.37255859375,0.00255011398678946,-0.940857376982579
"Unfiltered OFDM",0.372802734375,0.00259697295317028,-0.861779043829846
"Unfiltered OFDM",0.373046875,0.0026451256421793,-0.781990253289881
"Unfiltered OFDM",0.373291015625,0.00268845922315459,-0.71141877206769
"Unfiltered OFDM",0.37353515625,0.00272197146200935,-0.657617633529189
"Unfiltered OFDM",0.373779296875,0.0027423195103444,-0.625272774875818
"Unfiltered OFDM",0.3740234375,0.0027480854090121,-0.616151047309485
"Unfiltered OFDM",0.374267578125,0.002739744215379,-0.629353123193453
"Unfiltered OFDM",0.37451171875,0.00271937168834973,-0.661767592130527
"Unfiltered OFDM",0.374755859375,0.00269016793721438,-0.708659387227821
"Unfiltered OFDM",0.375,0.00265589506374737,-0.764344192071206
"Unfiltered OFDM",0.375244140625,0.00262032825221133,-0.822896315572083
"Unfiltered OFDM",0.37548828125,0.0025868027707465,-0.878820135145881
"Unfiltered OFDM",0.375732421875,0.00255790921844177,-0.927602038923782
"Unfiltered OFDM",0.3759765625,0.00253535354990985,-0.966068015895205
"Unfiltered OFDM",0.376220703125,0.00251996488377833,-0.992508421244011
"Unfiltered OFDM",0.37646484375,0.0025118095720712,-1.0065861983979
"Unfiltered OFDM",0.376708984375,0.00251035860656109,-1.00909565769752
"Unfiltered OFDM",0.376953125,0.00251465800884705,-1.00166401204611
"Unfiltered OFDM",0.377197265625,0.0025234660222766,-0.986478695040752
"Unfiltered OFDM",0.37744140625,0.00253534190147901,-0.966087969170978
"Unfiltered OFDM",0.377685546875,0.00254869293619505,-0.943278156811892
"Unfiltered OFDM",0.3779296875,0.00256180339118631,-0.920995347534503
"Unfiltered OFDM",0.378173828125,0.00257287717434748,-0.902262768883715
"Unfiltered OFDM",0.37841796875,0.00258012350221012,-0.890048362262169
"Unfiltered OFDM",0.378662109375,0.00258190246754211,-0.887054983839459
"Unfiltered OFDM",0.37890625,0.00257692837111543,-0.895429839955313
"Unfiltered OFDM",0.379150390625,0.0025645076232693,-0.916413365766099
"Unfiltered OFDM",0.37939453125,0.00254477010098419,-0.949967774503853
"Unfiltered OFDM",0.379638671875,0.00251884261385648,-0.994442988669154
"Unfiltered OFDM",0.3798828125,0.00248891360428088,-1.04635509422245
"Unfiltered OFDM",0.380126953125,0.00245815024062938,-1.10036907793434
"Unfiltered OFDM",0.38037109375,0.00243045114226904,-1.1495843579913
"Unfiltered OFDM",0.380615234375,0.00241004644701307,-1.18619918479911
"Unfiltered OFDM",0.380859375,0.00240098663924146,-1.20255587619055
"Unfiltered OFDM",0.381103515625,0.0024065867814895,-1.19243804017061
"Unfiltered OFDM",0.38134765625,0.00242890832583808,-1.15234207406259
"Unfiltered OFDM",0.381591796875,0.00246836284519983,-1.08236330351839
"Unfiltered OFDM",0.3818359375,0.00252350944183178,-0.98640396960032
"Unfiltered OFDM",0.382080078125,0.00259109156194207,-0.871625709549107
"Unfiltered OFDM",0.38232421875,0.00266632334223628,-0.74732516258442
"Unfiltered OFDM",0.382568359375,0.00274339628559265,-0.623567846760816
"Unfiltered OFDM",0.3828125,0.00281614084139994,-0.509909599305792
"Unfiltered OFDM",0.383056640625,0.00287875093192198,-0.414412394023983
"Unfiltered OFDM",0.38330078125,0.00292646768485393,-0.343015981311734
"Unfiltered OFDM",0.383544921875,0.00295612410420007,-0.299226682809014
"Unfiltered OFDM",0.3837890625,0.00296647445952185,-0.284047174254372
"Unfiltered OFDM",0.384033203125,0.00295826693521451,-0.296079715624267
"Unfiltered OFDM",0.38427734375,0.00293405916717595,-0.331764635454274
"Unfiltered OFDM",0.384521484375,0.00289781603032448,-0.38574520414795
"Unfiltered OFDM",0.384765625,0.00285436006797503,-0.451365739358399
"Unfiltered OFDM",0.385009765625,0.00280876183402752,-0.521304157423609
"Unfiltered OFDM",0.38525390625,0.00276575784775932,-0.588311776029737
"Unfiltered OFDM",0.385498046875,0.0027292691602151,-0.645989631118954
"Unfiltered OFDM",0.3857421875,0.0027020682394835,-0.689490182356799
"Unfiltered OFDM",0.385986328125,0.00268561251941948,-0.716019781874134
"Unfiltered OFDM",0.38623046875,0.00268003627378847,-0.725046588034869
"Unfiltered OFDM",0.386474609375,0.00268427368097228,-0.718185377717811
"Unfiltered OFDM",0.38671875,0.00269627740838168,-0.69880758113725
"Unfiltered OFDM",0.386962890625,0.00271329790905139,-0.671478508229201
"Unfiltered OFDM",0.38720703125,0.00273219538190221,-0.641335780330956
"Unfiltered OFDM",0.387451171875,0.00274976425569364,-0.613498687143651
"Unfiltered OFDM",0.3876953125,0.0027630548716023,-0.592558212951444
"Unfiltered OFDM",0.387939453125,0.00276967653425471,-0.582162794439107
"Unfiltered OFDM",0.38818359375,0.0027680608432849,-0.584696990789418
"Unfiltered OFDM",0.388427734375,0.00275765734610545,-0.601050292211016
"Unfiltered OFDM",0.388671875,0.00273902962744042,-0.630486010256226
"Unfiltered OFDM",0.388916015625,0.00271382325414897,-0.670637714479343
"Unfiltered OFDM",0.38916015625,0.00268458984662022,-0.717673876556639
"Unfiltered OFDM",0.389404296875,0.00265447320852326,-0.76666984581495
"Unfiltered OFDM",0.3896484375,0.00262678996265706,-0.81219982849505
"Unfiltered OFDM",0.389892578125,0.00260456223611513,-0.849105915903334
"Unfiltered OFDM",0.39013671875,0.00259007668996778,-0.873327076045939
"Unfiltered OFDM",0.390380859375,0.00258454701201322,-0.882608947249724
"Unfiltered OFDM",0.390625,0.00258794335985989,-0.876905639038887
"Unfiltered OFDM",0.390869140625,0.00259902365021171,-0.858350995186348
"Unfiltered OFDM",0.39111328125,0.00261556346825928,-0.83080068051903
"Unfiltered OFDM",0.391357421875,0.00263474194238934,-0.799072459471298
"Unfiltered OFDM",0.3916015625,0.00265360928162676,-0.768083534045778
"Unfiltered OFDM",0.391845703125,0.00266954550560123,-0.742080026396895
"Unfiltered OFDM",0.39208984375,0.00268062350576487,-0.724095094679728
"Unfiltered OFDM",0.392333984375,0.00268581259888684,-0.7156962423786
"Unfiltered OFDM",0.392578125,0.00268499600773391,-0.717016866740388
"Unfiltered OFDM",0.392822265625,0.002678818353028,-0.727020652687144
"Unfiltered OFDM",0.39306640625,0.00266841678674358,-0.743916668740753
"Unfiltered OFDM",0.393310546875,0.00265511242171185,-0.765624164357898
"Unfiltered OFDM",0.3935546875,0.00264014140269286,-0.790181432008986
"Unfiltered OFDM",0.393798828125,0.00262448682847125,-0.816009334532899
"Unfiltered OFDM",0.39404296875,0.00260883894929371,-0.841980612153567
"Unfiltered OFDM",0.394287109375,0.00259367123366969,-0.867304056532224
"Unfiltered OFDM",0.39453125,0.00257938546994733,-0.891290819027381
"Unfiltered OFDM",0.394775390625,0.00256646006273245,-0.913108204720802
"Unfiltered OFDM",0.39501953125,0.00255553768861937,-0.931630407294875
"Unfiltered OFDM",0.395263671875,0.00254741082961787,-0.945463402046354
"Unfiltered OFDM",0.3955078125,0.00254289952389932,-0.953161304754184
"Unfiltered OFDM",0.395751953125,0.00254265381560833,-0.953580963138998
"Unfiltered OFDM",0.39599609375,0.00254694180500675,-0.946263090704247
"Unfiltered OFDM",0.396240234375,0.0025554937169881,-0.931705134430371
"Unfiltered OFDM",0.396484375,0.00256745965653124,-0.91141702877656
"Unfiltered OFDM",0.396728515625,0.00258150731507902,-0.8877197094444
"Unfiltered OFDM",0.39697265625,0.00259604535210437,-0.863330557823952
"Unfiltered OFDM",0.397216796875,0.00260952094324957,-0.840845442408643
"Unfiltered OFDM",0.3974609375,0.00262071747254945,-0.822251267792395
"Unfiltered OFDM",0.397705078125,0.00262897731507791,-0.808584922845682
"Unfiltered OFDM",0.39794921875,0.00263429513638567,-0.799809009165062
"Unfiltered OFDM",0.398193359375,0.0026372625469421,-0.7949196377734
"Unfiltered OFDM",0.3984375,0.00263888437349349,-0.792249695655882
"Unfiltered OFDM",0.398681640625,0.00264031858870346,-0.789889976693245
"Unfiltered OFDM",0.39892578125,0.00264260738135132,-0.786126872364269
"Unfiltered OFDM",0.399169921875,0.00264646277039522,-0.779795421141737
"Unfiltered OFDM",0.3994140625,0.00265214950357062,-0.770473290520769
"Unfiltered OFDM",0.399658203125,0.0026594783563896,-0.758488707105977
"Unfiltered OFDM",0.39990234375,0.00266789382151178,-0.744767896983623
"Unfiltered OFDM",0.400146484375,0.00267661967283335,-0.730586653171294
"Unfiltered OFDM",0.400390625,0.00268481839313038,-0.717304165468009
"Unfiltered OFDM",0.400634765625,0.00269172577291641,-0.706145181245916
"Unfiltered OFDM",0.40087890625,0.00269673615065091,-0.698068739172758
"Unfiltered OFDM",0.401123046875,0.00269943100288285,-0.693730995296889
"Unfiltered OFDM",0.4013671875,0.00269955860449715,-0.693525709934204
"Unfiltered OFDM",0.401611328125,0.00269698207852644,-0.697672703952442
"Unfiltered OFDM",0.40185546875,0.0026916167704406,-0.706321054036416
"Unfiltered OFDM",0.402099609375,0.00268337688959087,-0.719636558441546
"Unfiltered OFDM",0.40234375,0.00267214774787066,-0.737848635734933
"Unfiltered OFDM",0.402587890625,0.00265779502390118,-0.761238469937665
"Unfiltered OFDM",0.40283203125,0.00264021640697525,-0.790058054210965
"Unfiltered OFDM",0.403076171875,0.00261943302849106,-0.824380317245968
"Unfiltered OFDM",0.4033203125,0.00259570785056115,-0.863895203531631
"Unfiltered OFDM",0.403564453125,0.00256966667546745,-0.907685385275981
"Unfiltered OFDM",0.40380859375,0.0025423876402512,-0.954035624088883
"Unfiltered OFDM",0.404052734375,0.00251542130053933,-1.00034596772835
"Unfiltered OFDM",0.404296875,0.00249070974700136,-1.04322210664078
"Unfiltered OFDM",0.404541015625,0.00247039135622771,-1.07879571882192
"Unfiltered OFDM",0.40478515625,0.00245650554048318,-1.10327582972472
"Unfiltered OFDM",0.405029296875,0.00245064280349753,-1.11365316236149
"Unfiltered OFDM",0.4052734375,0.00245361033070441,-1.10839739430518
"Unfiltered OFDM",0.405517578125,0.00246519310930714,-1.08794385843412
"Unfiltered OFDM",0.40576171875,0.00248407945294112,-1.05479848390214
"Unfiltered OFDM",0.406005859375,0.00250798803241298,-1.01319871163982
"Unfiltered OFDM",0.40625,0.00253398800981121,-0.96840775385531
"Unfiltered OFDM",0.406494140625,0.0025589566391415,-0.925824040245917
"Unfiltered OFDM",0.40673828125,0.00258008325388124,-0.890116110040378
"Unfiltered OFDM",0.406982421875,0.00259531558850188,-0.864551556754184
"Unfiltered OFDM",0.4072265625,0.00260365806986366,-0.850613818390604
"Unfiltered OFDM",0.407470703125,0.00260526819910978,-0.847928926215492
"Unfiltered OFDM",0.40771484375,0.00260134563976576,-0.854472704006837
"Unfiltered OFDM",0.407958984375,0.00259385495375771,-0.866996439307403
"Unfiltered OFDM",0.408203125,0.00258515420768239,-0.881588765546514
"Unfiltered OFDM",0.408447265625,0.00257761053423876,-0.894280330028665
"Unfiltered OFDM",0.40869140625,0.00257327050653422,-0.901598885881581
"Unfiltered OFDM",0.408935546875,0.00257362531229934,-0.901000116481127
"Unfiltered OFDM",0.4091796875,0.00257947965628699,-0.891132239159189
"Unfiltered OFDM",0.409423828125,0.00259091009885225,-0.871929871623032
"Unfiltered OFDM",0.40966796875,0.00260728967760648,-0.844560457140712
"Unfiltered OFDM",0.409912109375,0.00262736099599273,-0.811255825821374
"Unfiltered OFDM",0.41015625,0.00264935317989295,-0.775054738943818
"Unfiltered OFDM",0.410400390625,0.00267114970451179,-0.739471022406686
"Unfiltered OFDM",0.41064453125,0.00269051563227796,-0.708098112639725
"Unfiltered OFDM",0.410888671875,0.00270538066965191,-0.684169483639379
"Unfiltered OFDM",0.4111328125,0.00271415169821291,-0.670112135617951
"Unfiltered OFDM",0.411376953125,0.00271600386958909,-0.667149466024554
"Unfiltered OFDM",0.41162109375,0.00271108420286084,-0.675023245368469
"Unfiltered OFDM",0.411865234375,0.00270056503436071,-0.691906906475404
"Unfiltered OFDM",0.412109375,0.00268650977359042,-0.714569060845569
"Unfiltered OFDM",0.412353515625,0.00267155550934369,-0.738811286214959
"Unfiltered OFDM",0.41259765625,0.00265846461280217,-0.760144472329363
"Unfiltered OFDM",0.412841796875,0.00264963600202875,-0.774591148289696
"Unfiltered OFDM",0.4130859375,0.00264668338838578,-0.779433393821553
"Unfiltered OFDM",0.413330078125,0.00265017613448739,-0.773705922394677
"Unfiltered OFDM",0.41357421875,0.00265960050924011,-0.758289235316689
"Unfiltered OFDM",0.413818359375,0.00267354545320103,-0.735577589854422
"Unfiltered OFDM",0.4140625,0.00269006263916501,-0.708829381287202
"Unfiltered OFDM",0.414306640625,0.00270711079540344,-0.681393002245068
"Unfiltered OFDM",0.41455078125,0.00272297937990236,-0.656009783626216
"Unfiltered OFDM",0.414794921875,0.00273659941915217,-0.63434100521582
"Unfiltered OFDM",0.4150390625,0.00274768418227132,-0.616785173456606
"Unfiltered OFDM",0.415283203125,0.00275668798700219,-0.602577172696133
"Unfiltered OFDM",0.41552734375,0.00276461452265136,-0.590107459065979
"Unfiltered OFDM",0.415771484375,0.0027727355889276,-0.577368742067482
"Unfiltered OFDM",0.416015625,0.00278229137425778,-0.562427216274306
"Unfiltered OFDM",0.416259765625,0.00279423494208499,-0.54382411736095
"Unfiltered OFDM",0.41650390625,0.00280906223751403,-0.520839694403766
"Unfiltered OFDM",0.416748046875,0.00282674296129473,-0.493590115347618
"Unfiltered OFDM",0.4169921875,0.00284674483818138,-0.462967891219136
"Unfiltered OFDM",0.417236328125,0.00286812901676627,-0.430466477051874
"Unfiltered OFDM",0.41748046875,0.00288968868848858,-0.397942730382726
"Unfiltered OFDM",0.417724609375,0.00291010445910145,-0.367367525657138
"Unfiltered OFDM",0.41796875,0.00292809499501913,-0.340601687087095
"Unfiltered OFDM",0.418212890625,0.00294254680645998,-0.319219511669865
"Unfiltered OFDM",0.41845703125,0.00295261117029705,-0.304390725258895
"Unfiltered OFDM",0.418701171875,0.00295775948766918,-0.296824748366103
"Unfiltered OFDM",0.4189453125,0.00295779231763698,-0.29677654365309
"Unfiltered OFDM",0.419189453125,0.00295280330085674,-0.304108132928369
"Unfiltered OFDM",0.41943359375,0.00294310726719848,-0.318392398816335
"Unfiltered OFDM",0.419677734375,0.00292915032880605,-0.339036700067271
"Unfiltered OFDM",0.419921875,0.00291142571761827,-0.365396170101266
"Unfiltered OFDM",0.420166015625,0.00289041947107167,-0.396844568077668
"Unfiltered OFDM",0.42041015625,0.00286660310224197,-0.432777644372858
"Unfiltered OFDM",0.420654296875,0.00284047682958292,-0.47254079977814
"Unfiltered OFDM",0.4208984375,0.00281265009905384,-0.515296227976295
"Unfiltered OFDM",0.421142578125,0.00278393106875824,-0.559868531990867
"Unfiltered OFDM",0.42138671875,0.00275538864393253,-0.60462466794516
"Unfiltered OFDM",0.421630859375,0.00272835307642289,-0.647447592562248
"Unfiltered OFDM",0.421875,0.00270433457004507,-0.685849111021989
"Unfiltered OFDM",0.422119140625,0.00268486080667722,-0.717235558131651
"Unfiltered OFDM",0.42236328125,0.00267125813994755,-0.739294723955602
"Unfiltered OFDM",0.422607421875,0.00266442060043719,-0.750425481443526
"Unfiltered OFDM",0.4228515625,0.00266461994102309,-0.750100572988263
"Unfiltered OFDM",0.423095703125,0.0026714055391799,-0.739055088159274
"Unfiltered OFDM",0.42333984375,0.00268362555896361,-0.719234115038498
"Unfiltered OFDM",0.423583984375,0.00269957444089531,-0.693500233027908
"Unfiltered OFDM",0.423828125,0.00271724308883434,-0.665168381440948
"Unfiltered OFDM",0.424072265625,0.00273462430291963,-0.637476618605964
"Unfiltered OFDM",0.42431640625,0.00275001306316542,-0.613105741372
"Unfiltered OFDM",0.424560546875,0.00276224239522401,-0.593835443816217
"Unfiltered OFDM",0.4248046875,0.00277081036636482,-0.580385271833122
"Unfiltered OFDM",0.425048828125,0.00277587847125288,-0.572448823030728
"Unfiltered OFDM",0.42529296875,0.00277815009268117,-0.568896256835083
"Unfiltered OFDM",0.425537109375,0.002778662897889,-0.568094687759217
"Unfiltered OFDM",0.42578125,0.00277854498118743,-0.568278991006228
"Unfiltered OFDM",0.426025390625,0.00277878780718775,-0.56789946364631
"Unfiltered OFDM",0.42626953125,0.00278007942646557,-0.56588127140824
"Unfiltered OFDM",0.426513671875,0.00278272226970453,-0.561754673394278
"Unfiltered OFDM",0.4267578125,0.0027866367862938,-0.555649650475496
"Unfiltered OFDM",0.427001953125,0.00279143185687301,-0.548183004440596
"Unfiltered OFDM",0.42724609375,0.00279651082384336,-0.540288263701681
"Unfiltered OFDM",0.427490234375,0.00280118099347852,-0.533041600473755
"Unfiltered OFDM",0.427734375,0.00280474378689309,-0.527521363263827
"Unfiltered OFDM",0.427978515625,0.00280655813600323,-0.524712881934304
"Unfiltered OFDM",0.42822265625,0.00280608492107542,-0.525445209396773
"Unfiltered OFDM",0.428466796875,0.0028029289811573,-0.530332369458006
"Unfiltered OFDM",0.4287109375,0.00279689362915894,-0.539693812726947
"Unfiltered OFDM",0.428955078125,0.00278805083127808,-0.553446434836755
"Unfiltered OFDM",0.42919921875,0.00277681276442469,-0.570987339380351
"Unfiltered OFDM",0.429443359375,0.00276397486506163,-0.591112416183553
"Unfiltered OFDM",0.4296875,0.0027506946253302,-0.612029520981779
"Unfiltered OFDM",0.429931640625,0.00273837941831111,-0.631517089863062
"Unfiltered OFDM",0.43017578125,0.00272848044649408,-0.647244851837778
"Unfiltered OFDM",0.430419921875,0.00272222238301873,-0.657217303882799
"Unfiltered OFDM",0.4306640625,0.00272032870206619,-0.660239472011327
"Unfiltered OFDM",0.430908203125,0.00272281917646602,-0.656265303428068
"Unfiltered OFDM",0.43115234375,0.00272894980452622,-0.646497835038588
"Unfiltered OFDM",0.431396484375,0.00273733463263266,-0.633174388459024
"Unfiltered OFDM",0.431640625,0.00274624020312655,-0.619068103271468
"Unfiltered OFDM",0.431884765625,0.00275399054668366,-0.606828857972286
"Unfiltered OFDM",0.43212890625,0.00275938077947114,-0.598336960862009
"Unfiltered OFDM",0.432373046875,0.00276198498708171,-0.594240173484794
"Unfiltered OFDM",0.4326171875,0.00276226589417091,-0.593798497675729
"Unfiltered OFDM",0.432861328125,0.00276144570059118,-0.595088230284952
"Unfiltered OFDM",0.43310546875,0.0027611649770004,-0.595529748666886
"Unfiltered OFDM",0.433349609375,0.00276301910432895,-0.592614431994168
"Unfiltered OFDM",0.43359375,0.0027680993395956,-0.584636592481721
"Unfiltered OFDM",0.433837890625,0.00277666541524308,-0.571217800127407
"Unfiltered OFDM",0.43408203125,0.00278803778240783,-0.55346676110032
"Unfiltered OFDM",0.434326171875,0.00280073200196875,-0.533737771712726
"Unfiltered OFDM",0.4345703125,0.0028127862353404,-0.515086028324091
"Unfiltered OFDM",0.434814453125,0.00282217836862773,-0.500608721991576
"Unfiltered OFDM",0.43505859375,0.00282720952993543,-0.492873348848919
"Unfiltered OFDM",0.435302734375,0.00282675154038742,-0.493576934641005
"Unfiltered OFDM",0.435546875,0.00282030934664782,-0.503485842875403
"Unfiltered OFDM",0.435791015625,0.00280791673151739,-0.522611062760191
"Unfiltered OFDM",0.43603515625,0.00278994092712162,-0.550503231396908
"Unfiltered OFDM",0.436279296875,0.00276689899835352,-0.586520248281333
"Unfiltered OFDM",0.4365234375,0.00273937640494287,-0.629936202319121
"Unfiltered OFDM",0.436767578125,0.00270809037581608,-0.679821772076587
"Unfiltered OFDM",0.43701171875,0.00267407466598932,-0.734718014232609
"Unfiltered OFDM",0.437255859375,0.00263890182225171,-0.792220979451277
"Unfiltered OFDM",0.4375,0.00260482684624229,-0.848664717458136
"Unfiltered OFDM",0.437744140625,0.00257474552518805,-0.899110189359873
"Unfiltered OFDM",0.43798828125,0.00255191111673669,-0.937797871645828
"Unfiltered OFDM",0.438232421875,0.00253942979659209,-0.959091198558096
"Unfiltered OFDM",0.4384765625,0.00253963403469307,-0.958741923639547
"Unfiltered OFDM",0.438720703125,0.00255348786973691,-0.935115318721341
"Unfiltered OFDM",0.43896484375,0.00258018966976117,-0.889936988392609
"Unfiltered OFDM",0.439208984375,0.00261710026371049,-0.828249697548796
"Unfiltered OFDM",0.439453125,0.00266004644071099,-0.757561120915906
"Unfiltered OFDM",0.439697265625,0.00270395347515318,-0.686461162035246
"Unfiltered OFDM",0.43994140625,0.00274367326344657,-0.623129397958245
"Unfiltered OFDM",0.440185546875,0.00277482211388333,-0.574101840249058
"Unfiltered OFDM",0.4404296875,0.00279443941581558,-0.543506325314945
"Unfiltered OFDM",0.440673828125,0.00280132602121734,-0.532816755608627
"Unfiltered OFDM",0.44091796875,0.00279600537506237,-0.541073290009195
"Unfiltered OFDM",0.441162109375,0.00278034719877902,-0.565462986819419
"Unfiltered OFDM",0.44140625,0.00275697583695414,-0.602123711441143
"Unfiltered OFDM",0.441650390625,0.00272863107367789,-0.647005103925258
"Unfiltered OFDM",0.44189453125,0.00269764723231161,-0.696601740209287
"Unfiltered OFDM",0.442138671875,0.00266566944385546,-0.748390372052375
"Unfiltered OFDM",0.4423828125,0.00263364936781424,-0.80087376498525
"Unfiltered OFDM",0.442626953125,0.00260207930557005,-0.853248022125872
"Unfiltered OFDM",0.44287109375,0.00257135734218674,-0.90482896114385
"Unfiltered OFDM",0.443115234375,0.00254214477403999,-0.954450511621727
"Unfiltered OFDM",0.443359375,0.00251558784089758,-1.00005844068718
"Unfiltered OFDM",0.443603515625,0.0024933236713351,-1.03866670773772
"Unfiltered OFDM",0.44384765625,0.00247726007685352,-1.06673727282063
"Unfiltered OFDM",0.444091796875,0.00246918954244392,-1.08090901999294
"Unfiltered OFDM",0.4443359375,0.00247034911269907,-1.07886998352577
"Unfiltered OFDM",0.444580078125,0.00248105568182714,-1.06008819802288
"Unfiltered OFDM",0.44482421875,0.0025005261768281,-1.02613925635045
"Unfiltered OFDM",0.445068359375,0.00252694074668073,-0.980502725412997
"Unfiltered OFDM",0.4453125,0.00255773944513646,-0.927890298007024
"Unfiltered OFDM",0.445556640625,0.0025900783524715,-0.873324288422073
"Unfiltered OFDM",0.44580078125,0.00262132773946366,-0.821240076382146
"Unfiltered OFDM",0.446044921875,0.00264948466882671,-0.774839201424075
"Unfiltered OFDM",0.4462890625,0.00267339792626228,-0.73581724129974
"Unfiltered OFDM",0.446533203125,0.00269275700234381,-0.704481670472222
"Unfiltered OFDM",0.44677734375,0.00270786381634369,-0.68018511905202
"Unfiltered OFDM",0.447021484375,0.00271926719851448,-0.661934469762283
"Unfiltered OFDM",0.447265625,0.00272737862029289,-0.648998991891037
"Unfiltered OFDM",0.447509765625,0.00273219237743437,-0.64134055606747
"Unfiltered OFDM",0.44775390625,0.00273320279697978,-0.639734744871851
"Unfiltered OFDM",0.447998046875,0.00272955325600828,-0.645537587707344
"Unfiltered OFDM",0.4482421875,0.00272038267355392,-0.660153308575403
"Unfiltered OFDM",0.448486328125,0.00270527379802546,-0.684341047940607
"Unfiltered OFDM",0.44873046875,0.0026846713010683,-0.717542107151654
"Unfiltered OFDM",0.448974609375,0.00266013701754306,-0.757413242487769
"Unfiltered OFDM",0.44921875,0.00263434567078735,-0.799725698069854
"Unfiltered OFDM",0.449462890625,0.00261078819151178,-0.838736912342379
"Unfiltered OFDM",0.44970703125,0.00259322480621345,-0.868051636509932
"Unfiltered OFDM",0.449951171875,0.00258499682097012,-0.881853176316352
"Unfiltered OFDM",0.4501953125,0.00258834696509053,-0.876228383653716
"Unfiltered OFDM",0.450439453125,0.0026039025675046,-0.850206011420038
"Unfiltered OFDM",0.45068359375,0.00263044254111065,-0.806165113761716
"Unfiltered OFDM",0.450927734375,0.00266500667002973,-0.749470306419412
"Unfiltered OFDM",0.451171875,0.00270332981640072,-0.687462964757171
"Unfiltered OFDM",0.451416015625,0.00274051313840717,-0.628134424841256
"Unfiltered OFDM",0.45166015625,0.00277179603563041,-0.57884061685857
"Unfiltered OFDM",0.451904296875,0.00279327695068131,-0.545313332569398
"Unfiltered OFDM",0.4521484375,0.00280245044249766,-0.531073895353247
"Unfiltered OFDM",0.452392578125,0.0027984755743861,-0.537238103099421
"Unfiltered OFDM",0.45263671875,0.00278215361552103,-0.56264225248844
"Unfiltered OFDM",0.452880859375,0.00275565547265516,-0.604204122438751
"Unfiltered OFDM",0.453125,0.00272208651461087,-0.657434069319588
"Unfiltered OFDM",0.453369140625,0.00268499860067644,-0.717012672692847
"Unfiltered OFDM",0.45361328125,0.0026479530321622,-0.777350533912554
"Unfiltered OFDM",0.453857421875,0.00261420774403113,-0.833052341406508
"Unfiltered OFDM",0.4541015625,0.00258655694078174,-0.879232875041095
"Unfiltered OFDM",0.454345703125,0.00256730419298204,-0.911680008588501
"Unfiltered OFDM",0.45458984375,0.00255831323376608,-0.926916135885131
"Unfiltered OFDM",0.454833984375,0.0025610636601735,-0.922249571374272
"Unfiltered OFDM",0.455078125,0.00257664544441407,-0.895906687710701
"Unfiltered OFDM",0.455322265625,0.00260565432401119,-0.847285309222264
"Unfiltered OFDM",0.45556640625,0.00264799176904506,-0.777287001473673
"Unfiltered OFDM",0.455810546875,0.00270261650395198,-0.688609064417817
"Unfiltered OFDM",0.4560546875,0.00276732677529397,-0.585848858378965
"Unfiltered OFDM",0.456298828125,0.00283866339704057,-0.475314331481129
"Unfiltered OFDM",0.45654296875,0.00291200808463425,-0.364527545880868
"Unfiltered OFDM",0.456787109375,0.00298191177945314,-0.26150540361685
"Unfiltered OFDM",0.45703125,0.00304263265891747,-0.173958083930633
"Unfiltered OFDM",0.457275390625,0.0030888074420665,-0.108544959749858
"Unfiltered OFDM",0.45751953125,0.00311613796829081,-0.070286529733286
"Unfiltered OFDM",0.457763671875,0.00312196044610148,-0.0621793452981664
"Unfiltered OFDM",0.4580078125,0.00310558303219929,-0.0850218574619477
"Unfiltered OFDM",0.458251953125,0.00306832532462008,-0.137439264075608
"Unfiltered OFDM",0.45849609375,0.00301325913306641,-0.216088494020775
"Unfiltered OFDM",0.458740234375,0.00294471609836217,-0.316019003859606
"Unfiltered OFDM",0.458984375,0.00286767623811885,-0.431152132368859
"Unfiltered OFDM",0.459228515625,0.00278716887856396,-0.554820469296986
"Unfiltered OFDM",0.45947265625,0.00270779922591664,-0.680288712151651
"Unfiltered OFDM",0.459716796875,0.00263346614458357,-0.801175914569328
"Unfiltered OFDM",0.4599609375,0.00256727458283568,-0.911730098474094
"Unfiltered OFDM",0.460205078125,0.00251158894595545,-1.00696767999588
"Unfiltered OFDM",0.46044921875,0.00246813929718066,-1.0827566414262
"Unfiltered OFDM",0.460693359375,0.00243809092444096,-1.13595433110388
"Unfiltered OFDM",0.4609375,0.0024220191023197,-1.16467766891313
"Unfiltered OFDM",0.461181640625,0.00241978359003682,-1.16868803769251
"Unfiltered OFDM",0.46142578125,0.00243035310394232,-1.149759545068
"Unfiltered OFDM",0.461669921875,0.00245166900467044,-1.11183494462803
"Unfiltered OFDM",0.4619140625,0.00248064527811894,-1.06080664545721
"Unfiltered OFDM",0.462158203125,0.00251337415342526,-1.00388186316309
"Unfiltered OFDM",0.46240234375,0.00254555064180055,-0.948635895476063
"Unfiltered OFDM",0.462646484375,0.00257306164906783,-0.90195139187019
"Unfiltered OFDM",0.462890625,0.00259262712199457,-0.869052710057439
"Unfiltered OFDM",0.463134765625,0.00260235058593426,-0.852795271035801
"Unfiltered OFDM",0.46337890625,0.00260204485782839,-0.853305516772999
"Unfiltered OFDM",0.463623046875,0.00259324466609043,-0.868018376755768
"Unfiltered OFDM",0.4638671875,0.00257888928635278,-0.892126330154542
"Unfiltered OFDM",0.464111328125,0.00256273569766601,-0.919415125169034
"Unfiltered OFDM",0.46435546875,0.00254862532703674,-0.943393363604422
"Unfiltered OFDM",0.464599609375,0.00253975899521254,-0.958528238013137
"Unfiltered OFDM",0.46484375,0.00253812812292457,-0.961317897740608
"Unfiltered OFDM",0.465087890625,0.00254420914497879,-0.95092521640701
"Unfiltered OFDM",0.46533203125,0.00255696488555153,-0.92920567005774
"Unfiltered OFDM",0.465576171875,0.00257412863250921,-0.900150856035443
"Unfiltered OFDM",0.4658203125,0.00259269068508283,-0.868946235972283
"Unfiltered OFDM",0.466064453125,0.00260947516838093,-0.840921624771825
"Unfiltered OFDM",0.46630859375,0.00262169125487455,-0.820637855648401
"Unfiltered OFDM",0.466552734375,0.00262736421242817,-0.811250509158349
"Unfiltered OFDM",0.466796875,0.00262558885440609,-0.814186108284933
"Unfiltered OFDM",0.467041015625,0.00261658967065752,-0.829097083423333
"Unfiltered OFDM",0.46728515625,0.00260160804995345,-0.854034632467468
"Unfiltered OFDM",0.467529296875,0.00258266115119241,-0.885779011077658
"Unfiltered OFDM",0.4677734375,0.00256222732881287,-0.920276718851854
"Unfiltered OFDM",0.468017578125,0.0025429116509098,-0.953140593431833
"Unfiltered OFDM",0.46826171875,0.0025271361845577,-0.980166847693993
"Unfiltered OFDM",0.468505859375,0.00251688770864671,-0.997814911045954
"Unfiltered OFDM",0.46875,0.00251354334927147,-1.00358951373679
"Unfiltered OFDM",0.468994140625,0.00251778347248022,-0.99626952593503
"Unfiltered OFDM",0.46923828125,0.00252959081450603,-0.975950553930848
"Unfiltered OFDM",0.469482421875,0.0025483247943471,-0.943905511794165
"Unfiltered OFDM",0.4697265625,0.00257285050876969,-0.902307779867604
"Unfiltered OFDM",0.469970703125,0.0026016945540093,-0.853890230971044
"Unfiltered OFDM",0.47021484375,0.00263319691299093,-0.801619936880461
"Unfiltered OFDM",0.470458984375,0.00266563184763879,-0.748451624750537
"Unfiltered OFDM",0.470703125,0.00269728169148185,-0.697190264609744
"Unfiltered OFDM",0.470947265625,0.00272646387107113,-0.650455838302316
"Unfiltered OFDM",0.47119140625,0.00275152916214637,-0.610712109146179
"Unfiltered OFDM",0.471435546875,0.00277086244845865,-0.580303639565341
"Unfiltered OFDM",0.4716796875,0.0027829208446631,-0.561444772069254
"Unfiltered OFDM",0.471923828125,0.00278633513749863,-0.556119792472028
"Unfiltered OFDM",0.47216796875,0.002780080110427,-0.565880202947265
"Unfiltered OFDM",0.472412109375,0.00276369254079536,-0.591556045881408
"Unfiltered OFDM",0.47265625,0.00273749046006249,-0.632927165975103
"Unfiltered OFDM",0.472900390625,0.00270273213221326,-0.688423260617853
"Unfiltered OFDM",0.47314453125,0.00266165437850254,-0.754936702313329
"Unfiltered OFDM",0.473388671875,0.00261734912259472,-0.827836748517105
"Unfiltered OFDM",0.4736328125,0.00257347071767287,-0.901260999871831
"Unfiltered OFDM",0.473876953125,0.00253380651072599,-0.968718832179011
"Unfiltered OFDM",0.47412109375,0.00250177866160987,-1.02396446989371
"Unfiltered OFDM",0.474365234375,0.0024799667191248,-1.0619947828435
"Unfiltered OFDM",0.474609375,0.00246974179160403,-1.07993780274917
"Unfiltered OFDM",0.474853515625,0.0024710836831735,-1.07757877945949
"Unfiltered OFDM",0.47509765625,0.00248261693437411,-1.05735617501978
"Unfiltered OFDM",0.475341796875,0.00250185905858178,-1.02382490758637
"Unfiltered OFDM",0.4755859375,0.00252563444004022,-0.982748399182589
"Unfiltered OFDM",0.475830078125,0.00255057888698115,-0.940065705758914
"Unfiltered OFDM",0.47607421875,0.00257364767961178,-0.900962372221658
"Unfiltered OFDM",0.476318359375,0.00259254474716903,-0.869190699435937
"Unfiltered OFDM",0.4765625,0.00260600923258362,-0.846693809663048
"Unfiltered OFDM",0.476806640625,0.00261392282923841,-0.833525691949994
"Unfiltered OFDM",0.47705078125,0.00261723116751376,-0.828032474775715
"Unfiltered OFDM",0.477294921875,0.00261770045179687,-0.82725383012489
"Unfiltered OFDM",0.4775390625,0.00261755336664168,-0.82749786135431
"Unfiltered OFDM",0.477783203125,0.00261904426198353,-0.825024928799723
"Unfiltered OFDM",0.47802734375,0.00262404184463725,-0.816745746720558
"Unfiltered OFDM",0.478271484375,0.00263368728733896,-0.800811235318295
"Unfiltered OFDM",0.478515625,0.00264818611493118,-0.776968268425764
"Unfiltered OFDM",0.478759765625,0.00266677324020036,-0.746592424293782
"Unfiltered OFDM",0.47900390625,0.00268786320519888,-0.712381687941106
"Unfiltered OFDM",0.479248046875,0.00270936515370269,-0.677777901078457
"Unfiltered OFDM",0.4794921875,0.00272910956889529,-0.646243587954908
"Unfiltered OFDM",0.479736328125,0.00274530801421113,-0.62054253084607
"Unfiltered OFDM",0.47998046875,0.00275695455655035,-0.602157233670409
"Unfiltered OFDM",0.480224609375,0.00276408276786237,-0.590942875292119
"Unfiltered OFDM",0.48046875,0.00276781609248162,-0.585081009164857
"Unfiltered OFDM",0.480712890625,0.00277018841277744,-0.581360226071156
"Unfiltered OFDM",0.48095703125,0.00277375832748139,-0.57576711869218
"Unfiltered OFDM",0.481201171875,0.00278108505671698,-0.564310594349133
"Unfiltered OFDM",0.4814453125,0.00279416603907808,-0.543931211307108
"Unfiltered OFDM",0.481689453125,0.00281394863542403,-0.513291652150823
"Unfiltered OFDM",0.48193359375,0.00284001764416353,-0.47324292771846
"Unfiltered OFDM",0.482177734375,0.0028705284110927,-0.426834813061833
"Unfiltered OFDM",0.482421875,0.00290240868787267,-0.378867655969412
"Unfiltered OFDM",0.482666015625,0.00293180068182365,-0.335108894606997
"Unfiltered OFDM",0.48291015625,0.00295466849870922,-0.301365690173184
"Unfiltered OFDM",0.483154296875,0.00296746459911368,-0.282597843006492
"Unfiltered OFDM",0.4833984375,0.00296773792662349,-0.282197841055979
"Unfiltered OFDM",0.483642578125,0.00295457767490648,-0.301499190369999
"Unfiltered OFDM",0.48388671875,0.00292881745823161,-0.339530263224596
"Unfiltered OFDM",0.484130859375,0.00289296847737246,-0.393016294919026
"Unfiltered OFDM",0.484375,0.00285089842090595,-0.456635875348957
"Unfiltered OFDM",0.484619140625,0.00280731612181227,-0.523540112324188
"Unfiltered OFDM",0.48486328125,0.00276715250102241,-0.586122366872625
"Unfiltered OFDM",0.485107421875,0.00273494090938664,-0.636973834796376
"Unfiltered OFDM",0.4853515625,0.00271429308287252,-0.669885910317763
"Unfiltered OFDM",0.485595703125,0.00270754280860051,-0.680699990423019
"Unfiltered OFDM",0.48583984375,0.00271559358306616,-0.667805571985265
"Unfiltered OFDM",0.486083984375,0.00273796667169544,-0.632171736501533
"Unfiltered OFDM",0.486328125,0.00277301027455714,-0.576938522377647
"Unfiltered OFDM",0.486572265625,0.00281820611491372,-0.506725780709663
"Unfiltered OFDM",0.48681640625,0.00287050130325805,-0.426875825854265
"Unfiltered OFDM",0.487060546875,0.0029266018667352,-0.342816856903243
"Unfiltered OFDM",0.4873046875,0.00298318711712324,-0.259648361074118
"Unfiltered OFDM",0.487548828125,0.00303703496604286,-0.181955388927405
"Unfiltered OFDM",0.48779296875,0.00308507921047761,-0.113790117927355
"Unfiltered OFDM",0.488037109375,0.00312444229037696,-0.0587282347118899
"Unfiltered OFDM",0.48828125,0.00315249448445825,-0.0199099555365705
"Unfiltered OFDM",0.488525390625,0.0031669800745778,0
"Unfiltered OFDM",0.48876953125,0.00316622461544289,-0.00103610020901475
"Unfiltered OFDM",0.489013671875,0.00314940185718129,-0.0241725171401753
"Unfiltered OFDM",0.4892578125,0.00311680431673243,-0.069357942754334
"Unfiltered OFDM",0.489501953125,0.00307003914354311,-0.135014181223469
"Unfiltered OFDM",0.48974609375,0.00301206967554626,-0.21780317171084
"Unfiltered OFDM",0.489990234375,0.00294704657845161,-0.312583309819189
"Unfiltered OFDM",0.490234375,0.00287991726852884,-0.41265319018833
"Unfiltered OFDM",0.490478515625,0.00281585801884897,-0.510345779342025
"Unfiltered OFDM",0.49072265625,0.00275962464245754,-0.597953165807252
"Unfiltered OFDM",0.490966796875,0.0027149492380785,-0.668836170520672
"Unfiltered OFDM",0.4912109375,0.00268411068158624,-0.718449105979989
"Unfiltered OFDM",0.491455078125,0.00266777210161475,-0.744966043870593
"Unfiltered OFDM",0.49169921875,0.00266511636245199,-0.749291553270906
"Unfiltered OFDM",0.491943359375,0.00267423643118797,-0.734455300520244
"Unfiltered OFDM",0.4921875,0.00269267211464625,-0.704618581599765
"Unfiltered OFDM",0.492431640625,0.00271794752149075,-0.664042639073485
"Unfiltered OFDM",0.49267578125,0.00274796693595616,-0.616338280586116
"Unfiltered OFDM",0.492919921875,0.00278117123394037,-0.564176022007864
"Unfiltered OFDM",0.4931640625,0.00281643078645506,-0.509462480135622
"Unfiltered OFDM",0.493408203125,0.00285273286428654,-0.453842256248456
"Unfiltered OFDM",0.49365234375,0.00288878750882444,-0.39929733441724
"Unfiltered OFDM",0.493896484375,0.00292270541015777,-0.348602874839222
"Unfiltered OFDM",0.494140625,0.0029518847053967,-0.305459401419407
"Unfiltered OFDM",0.494384765625,0.0029731845938182,-0.274234572179693
"Unfiltered OFDM",0.49462890625,0.00298337877482776,-0.259369353400288
"Unfiltered OFDM",0.494873046875,0.00297979531372861,-0.26458898155702
"Unfiltered OFDM",0.4951171875,0.00296098661007434,-0.292088875028322
"Unfiltered OFDM",0.495361328125,0.00292725192853424,-0.341852301711907
"Unfiltered OFDM",0.49560546875,0.002880861746331,-0.411229141460271
"Unfiltered OFDM",0.495849609375,0.00282590076905322,-0.494884233510175
"Unfiltered OFDM",0.49609375,0.00276773660998224,-0.585205725928466
"Unfiltered OFDM",0.496337890625,0.00271221002633073,-0.673220138596343
"Unfiltered OFDM",0.49658203125,0.00266470772257874,-0.749957504114883
"Unfiltered OFDM",0.496826171875,0.00262930477340483,-0.808044011033716
"Unfiltered OFDM",0.4970703125,0.00260814617002036,-0.843134037783426
"Unfiltered OFDM",0.497314453125,0.00260118241566591,-0.854745215082785
"Unfiltered OFDM",0.49755859375,0.00260629745252402,-0.846213514325963
"Unfiltered OFDM",0.497802734375,0.00261978729170519,-0.823792998714311
"Unfiltered OFDM",0.498046875,0.00263708219503676,-0.795216644666786
"Unfiltered OFDM",0.498291015625,0.00265356662278473,-0.768153350837357
"Unfiltered OFDM",0.49853515625,0.00266534460275287,-0.748919639832548
"Unfiltered OFDM",0.498779296875,0.00266982148118424,-0.741631079271725
"Unfiltered OFDM",0.4990234375,0.0026660181833316,-0.747822238129627
"Unfiltered OFDM",0.499267578125,0.00265458992744424,-0.766478887892521
"Unfiltered OFDM",0.49951171875,0.00263757611697375,-0.794403293129431
"Unfiltered OFDM",0.499755859375,0.00261795201399991,-0.826836491207021
"Unfiltered OFDM",0.5,0.00129953960268876,-3.86855812064287
